state,recovery_time
1,0
1,0
1,0
1,0
1,0
1,0
1,0
1,0
1,0
1,0
0,22.780730007585884
1,0
1,0
1,0
1,0
1,0
1,0
1,0
1,0
1,0
1,0
1,0
1,0
0,0.21632143830540077
1,0
1,0
1,0
1,0
1,0
1,0
1,0
1,0
1,0
0,9485.642291824664
1,0
1,0
1,0
0,1246.8495733957375
1,0
0,2.4453780750245984
1,0
1,0
1,0
1,0
1,0
1,0
0,10.706088977267278
1,0
1,0
1,0
1,0
1,0
1,0
1,0
0,435.9924128132596
