state,recovery_time
1,0
0,49964.37181895887
1,0
1,0
1,0
0,10.142740606736446
1,0
0,30.650169151190013
1,0
1,0
