state,recovery_time
0,31.27964478487504
0,114.82282911265494
1,0
1,0
1,0
1,0
1,0
0,298.65240492816815
1,0
1,0
