state,recovery_time
1,0
0,3015.341568830347
1,0
1,0
0,329.24418183211765
0,200.92577540073975
1,0
1,0
1,0
1,0
