state,recovery_time
1,0
1,0
1,0
1,0
1,0
0,62.97239706945312
1,0
1,0
0,965.8713718489622
0,3610.2923313030387
