state,recovery_time
0,14.85353828123013
1,0
1,0
1,0
0,78.3347303303767
0,193.8173385898082
0,12.430599519034887
0,11.100031898614022
1,0
0,740.848761613315
0,15.21613350682701
0,2.832979832378128
0,31.817596284395698
1,0
1,0
0,43.00961302352397
0,12.108852767072486
0,3.5622177571431806
1,0
1,0
0,1.4993236996887833
1,0
1,0
0,52.370765625457
0,873.9408629052322
0,5.292066418594336
0,0.35703390683631486
0,16.872702180661285
0,0.3930546488682214
1,0
0,1.24028764212475
1,0
0,999.9978082257672
0,0.17958754003847227
1,0
1,0
0,1.2058760185383777
1,0
0,533.2880583922215
0,392.1900998448811
0,0.40857466518625457
0,28.91571891913375
0,0.9746346338105812
0,15.440843957516954
0,12.528427568670102
1,0
0,1566.6748094711736
1,0
0,89.7092921893639
0,114.74331226432864
0,939.5743254308577
0,9.755764093293445
0,98.1561002715897
0,0.7134930275070434
0,8.057938843782601
0,32.497293832955044
0,2.544633122603476
0,236.3116323230657
0,662.9088405825729
0,5.177046942720684
1,0
0,2.39165374144083
1,0
0,0.6614689819550651
1,0
1,0
0,538.1154553401747
0,10.066012065531327
0,15.386647901287505
0,240.97016180468427
1,0
0,1.307997138370704
0,11.703352448534632
0,6.256865411928188
0,42.83004182540974
0,8.551048070086368
0,10.07035442132671
0,55.95234275354222
0,1610.9297281780084
0,2.3824179678928092
1,0
0,861.6794503258633
0,161.91648535545912
0,1.0723058997957122
0,0.14404201894559493
0,0.18996896447783926
1,0
0,1.406800351711272
1,0
0,1375.670698939086
0,15.611386395045177
1,0
0,48.20640344667148
0,0.5239722877912248
0,1280.4801686984504
0,1.4593461647296795
