state,recovery_time
0,12.212460126276403
1,0
0,22.04154870353707
0,0.21440194571424495
1,0
0,204.96938443548086
1,0
0,2.7861609643892615
0,51.75105753609128
1,0
0,38.39105924790699
1,0
1,0
0,21.074097794314948
0,46.78101623895352
0,394.95451015204503
0,878.9744462815869
0,373.203544027261
1,0
1,0
1,0
0,1573.6399721257442
0,65.63843394157284
0,230.73705883258526
1,0
1,0
0,645.3147487789582
0,31.95390609659289
0,11.580907688879993
0,2.5818667180949157
1,0
0,168.8806702374634
0,17.04234566756802
0,22.92154881358471
0,25.468770452387286
0,18.50276144716021
1,0
0,2.045666929351754
0,89.92607243512703
1,0
1,0
1,0
0,5.042126601035807
1,0
1,0
1,0
0,11.093875342661878
0,292.00698765887114
0,93.46420043736036
0,55.05754605429516
1,0
0,6903.304071945257
0,118.83942174648466
0,2397.965171693111
0,11.969892755481691
1,0
1,0
0,8.03236276764095
1,0
0,27.493071299523756
1,0
0,180.0699593435003
1,0
0,189.10893862079317
0,1298.9320378520415
0,740.9007550576325
0,5.496388259739227
1,0
0,0.8361480408433714
1,0
0,472.04843281570277
0,598.6563011693091
0,44.70246700838163
1,0
1,0
1,0
1,0
0,168.48759343363005
0,16.105067870786975
0,120.61928164699246
0,86.9062277203543
0,1.6385447265600626
1,0
0,16.64968133403347
1,0
0,5.439443813008594
1,0
0,6.863706229704436
0,41.49817744108542
0,3.0308046028548765
0,59.94113698722863
1,0
0,127.20705003038944
0,269.5426217926939
1,0
0,25.754695034985886
