state,recovery_time
0,4.894439556815547
0,473.3771131423391
0,109.28166202530413
0,2.524682125072067
0,3.7898945288074746
0,145.93146220170215
0,30.58232067002876
0,0.06024198945105971
0,5.93540622028658
1,0
1,0
0,232.43178139547194
1,0
1,0
0,10.121424528379482
1,0
1,0
1,0
0,1355.6334259009295
0,31.148255093683883
1,0
1,0
1,0
0,227.14441560288694
0,52.87022308090952
1,0
1,0
1,0
0,14.876410573657367
0,63.59538467928019
1,0
1,0
1,0
0,0.36179798439650973
0,0.14445076505273094
0,24.796859808995727
0,43.06449923271158
1,0
1,0
0,18.854553132441243
1,0
0,9.25619860920876
1,0
1,0
0,0.9579489633107462
1,0
1,0
0,4199.71211524011
1,0
0,22.716035413125745
1,0
0,3.3562841462020896
0,60.30871495311889
1,0
0,178.43577482320734
0,265.66410568047843
0,339.4268403710122
1,0
0,15.298642541593045
0,88.36700126882072
0,17.16632734644571
0,17.982171859180276
0,161.81620778955582
0,82.33678444177421
1,0
0,32.05428342923525
0,42.6439440209852
0,181.86040180452525
1,0
0,3.0235420497261978
0,204.6475033285266
0,3567.601442340221
0,59.492889346615364
1,0
1,0
0,31773.513701370794
1,0
1,0
1,0
1,0
1,0
0,42.44395660370746
0,6.847735201948918
0,2.735801866342068
1,0
1,0
0,48.963838140683826
0,2.4582602009997023
1,0
0,81.02105327813162
0,161.47734708306763
1,0
0,18.23187473409425
0,0.7774074524296906
0,253.50460318588713
1,0
