state,recovery_time
1,0
0,19.72470057996917
1,0
1,0
1,0
0,269.4194913799487
0,5.42714684039414
0,16.395304116180963
0,56.8793242087789
0,0.10964555086018991
