state,recovery_time
1,0
1,0
1,0
1,0
1,0
1,0
1,0
1,0
1,0
0,349.88806058523613
1,0
1,0
1,0
1,0
0,47.70226951646384
1,0
1,0
1,0
1,0
1,0
1,0
1,0
1,0
1,0
1,0
1,0
1,0
1,0
1,0
1,0
1,0
0,365.45931238790035
1,0
1,0
0,2.6480820176458275
1,0
1,0
1,0
1,0
1,0
0,0.5633073695981187
1,0
1,0
1,0
1,0
1,0
1,0
1,0
1,0
1,0
1,0
1,0
1,0
1,0
1,0
1,0
1,0
1,0
1,0
0,38.67873584129844
1,0
1,0
1,0
1,0
1,0
1,0
1,0
0,9.759710688481832
1,0
1,0
1,0
1,0
1,0
1,0
1,0
1,0
1,0
1,0
1,0
1,0
1,0
1,0
1,0
0,0.5532968890186115
1,0
1,0
1,0
1,0
1,0
1,0
1,0
1,0
1,0
1,0
1,0
1,0
