state,recovery_time
1,0
1,0
1,0
0,23.477818602624026
1,0
1,0
1,0
0,36.83322533763923
1,0
1,0
