state,recovery_time
1,0
0,2004.362971531327
1,0
1,0
1,0
1,0
0,403.867005590114
0,80.92990750630187
1,0
1,0
1,0
1,0
1,0
1,0
1,0
1,0
1,0
0,278.9060299755016
1,0
1,0
1,0
1,0
1,0
0,0.751630875687724
1,0
1,0
0,13.065083843683613
0,42.07505509107047
1,0
1,0
1,0
1,0
0,703.3467558539585
1,0
1,0
1,0
0,11.994829205601782
0,13.6043582714704
1,0
1,0
1,0
1,0
0,61.685227868953454
1,0
1,0
0,5.404073019463136
1,0
1,0
1,0
0,1003.0419407729913
0,27845.605544794696
1,0
1,0
1,0
0,418.4666328148599
