state,recovery_time
1,0
0,1.488594707698333
1,0
1,0
1,0
1,0
1,0
0,2.2890464229029206
1,0
0,95.136321179152
1,0
1,0
1,0
1,0
1,0
1,0
0,3450.745415674337
1,0
1,0
1,0
1,0
1,0
1,0
1,0
1,0
1,0
1,0
1,0
0,39.37258614447376
1,0
0,11.605731504684881
1,0
1,0
1,0
1,0
1,0
1,0
1,0
1,0
0,747.0488189236224
1,0
1,0
0,29.03071732906831
1,0
1,0
1,0
1,0
1,0
1,0
1,0
1,0
1,0
1,0
1,0
1,0
1,0
1,0
1,0
1,0
1,0
1,0
1,0
1,0
1,0
1,0
1,0
0,0.8378973317195005
1,0
0,1.9737418148480095
1,0
1,0
1,0
1,0
1,0
1,0
1,0
1,0
1,0
1,0
1,0
1,0
1,0
1,0
0,107.83385253047653
1,0
1,0
1,0
1,0
1,0
1,0
1,0
1,0
1,0
0,350.3197499566096
1,0
1,0
