state,recovery_time
0,37.508447196160375
0,17.744030023419132
0,20.973438677358804
1,0
1,0
1,0
1,0
1,0
0,1742.187853890883
1,0
