state,recovery_time
1,0
0,902.1186871486699
1,0
0,1.2209464813160507
1,0
1,0
1,0
0,0.35923028506599564
0,1023.2513312413143
1,0
