state,recovery_time
1,0
1,0
0,0.39171072859015715
1,0
0,338.2464649768649
0,67.66933147084728
1,0
1,0
0,6.727009899408197
1,0
