state,recovery_time
0,9.32640129733064
0,563.2903323063448
0,420.51008581097136
1,0
1,0
1,0
0,52.39733804912113
1,0
1,0
1,0
