state,recovery_time
1,0
1,0
1,0
1,0
1,0
1,0
0,6.01082927744847
0,2.854391498523818
1,0
1,0
