state,recovery_time
1,0
1,0
0,18.80071750063518
1,0
1,0
1,0
0,15.727134407410817
1,0
1,0
1,0
