state,recovery_time
0,91.64422196002398
1,0
1,0
1,0
1,0
1,0
1,0
1,0
1,0
0,13.53163824446884
