state,recovery_time
0,1.035499337181548
0,1.1006240798512814
0,236.1826388700143
0,197.2085369781053
0,7.069201371418797
0,1.271469579394133
0,21.721706050920687
0,164.06615703918445
0,56.18395581656886
0,4.722594631617482
0,802.6091593579741
0,4.748306682652901
0,1.6782461629266379
0,14.553066324697886
0,37.95651910159812
0,333.4337402181328
0,47.9724947282002
0,126.0056763643407
0,45.936148321790206
0,179.38981830082534
0,0.09453648796126332
0,64.3806329705877
0,420.5430388756776
0,196.82351409190602
0,5.659511424234713
0,3432.0534597474716
0,182.30991084267183
0,3.3824849601786577
0,175.6161694360254
0,6.610878066987495
0,848.7590215026188
0,226.27528171297178
0,29.734662912076416
0,5.900356230875294
0,0.5254667777274248
0,48.88001719180867
0,43.92590739060158
0,23.426813021582777
0,11.391134835398262
0,2.979674228420304
0,0.3448431413242923
0,48.93046412154431
0,4.1245284729859115
0,0.34673468556887366
0,64.4722368070427
0,40.195969805961944
0,15.898992212575978
0,128.07683226140492
0,0.4028682117859156
0,0.39177559029686243
0,4.043684462004087
0,125.47540269666268
0,68.88932921861463
0,153.19600078983825
0,90.42054603743472
