state,recovery_time
1,0
0,3088.897325115778
0,13.99643166620319
1,0
0,1.2936391045742675
0,393.6099795474573
1,0
1,0
0,1.194843078701116
1,0
