state,recovery_time
0,32.5098924418315
0,1652.0455531207695
1,0
1,0
1,0
0,462.98309559188596
0,1.8928579300574437
0,10.29454008085243
0,185.80368131564424
1,0
