state,recovery_time
1,0
1,0
1,0
1,0
0,28.721997717000818
0,1.7699725585914436
0,289.6960119329427
0,16.447973950718925
1,0
0,60.81573998706117
