state,recovery_time
1,0
0,60.245086599849145
0,41.21741056659922
1,0
0,11.515694575438946
1,0
0,29.58262465526549
1,0
0,110.90781401130508
1,0
