state,recovery_time
0,123.6181350455342
1,0
1,0
1,0
1,0
0,10.484183792471818
0,45.47735965689587
1,0
0,4019.810705090362
0,785.0176976865332
