state,recovery_time
1,0
0,38.24987767432094
1,0
1,0
1,0
1,0
1,0
1,0
1,0
1,0
1,0
1,0
1,0
1,0
1,0
1,0
0,25.736653672259038
1,0
1,0
1,0
1,0
1,0
0,443.85123045710617
1,0
1,0
1,0
1,0
1,0
1,0
1,0
1,0
1,0
1,0
1,0
1,0
1,0
1,0
1,0
1,0
1,0
1,0
1,0
1,0
1,0
1,0
1,0
0,0.3856399169785415
1,0
1,0
1,0
1,0
1,0
1,0
1,0
1,0
0,122.01701533081346
1,0
1,0
1,0
1,0
1,0
1,0
1,0
1,0
1,0
1,0
1,0
1,0
1,0
1,0
1,0
1,0
1,0
1,0
1,0
1,0
1,0
1,0
0,1355.76474846299
1,0
0,1.8879775503559673
1,0
1,0
0,74.13737564256066
1,0
1,0
1,0
1,0
0,74.35627533075247
1,0
1,0
0,38.12877305867404
1,0
1,0
1,0
0,19.787324961215944
