state,recovery_time
0,4.013648786891133
1,0
0,10.934372061100149
0,5.671660122557928
1,0
0,193.44107730857758
0,12.62890616928509
0,4.516734502843413
0,16.058440691966357
0,0.7690384392069195
1,0
0,2.8877076372451165
0,46.50315822044605
0,1.9304268430226792
0,150.32173366448038
0,1.593805213694695
0,133.0052740623647
1,0
1,0
0,269.6715001962978
1,0
0,92.90505505530363
0,10.634011671207075
0,33.73767596815287
0,16.68517069907983
0,412.4680153602307
1,0
1,0
0,34.59906458547891
1,0
0,3.939772509743064
0,18.11162336552461
1,0
0,3.9360831142031714
0,989.3419694223766
0,0.8065169560701031
1,0
0,10.837206140709897
1,0
0,237.25494478294235
0,447.3482647877013
0,4.9172789825840955
1,0
0,9.502263566815849
1,0
1,0
1,0
0,14.604922448762824
0,17.742170219731875
0,26.459418605868986
0,3.2559215121070655
0,0.8425867504513044
0,10.491073350895476
0,3474.7232631287916
1,0
0,33.82576417176899
1,0
0,145.8912804998214
0,653.366431513746
0,14.932708897064236
0,3.4061318030255805
1,0
0,17.225809096926387
1,0
0,28645.801810709137
0,61.2047116628837
0,4.307055750914677
1,0
0,0.16213595109890633
1,0
1,0
0,23.54726914862859
1,0
1,0
1,0
1,0
1,0
0,2169.79855379411
0,18.85817306734556
0,65.60515205085422
0,55.86599653963794
0,4.418247501505891
0,1729.9145569865373
1,0
0,83639.38337408009
0,21.191725208481106
0,70.88528882219708
0,20.827563767079006
1,0
0,10.072753685579757
0,0.2101793943423615
0,0.8104868272539071
0,0.7115348417366529
1,0
1,0
0,15.807195603853057
