state,recovery_time
0,188.8586188847995
0,8.325450702619937
0,1754.1890270581878
1,0
1,0
1,0
1,0
1,0
0,93.03892308611336
0,21.08663809242062
