state,recovery_time
0,176.0850209689092
1,0
0,8.653357046028132
0,0.6288651837054275
1,0
0,329.1329165286601
1,0
0,13.549896421141096
1,0
1,0
