state,recovery_time
0,2.0562490986160946
1,0
0,2.1714785402576386
0,2.2373916118052146
1,0
1,0
1,0
0,69.7253483545453
0,12.458860838038829
1,0
