state,recovery_time
1,0
0,247.70105975416527
1,0
1,0
0,8.054243639736116
0,498.82027782524483
0,6.203613371039256
0,1.8132122067929977
1,0
0,1.2731715456371209
