state,recovery_time
1,0
0,2.8638622645951446
1,0
0,9.18590481700907
0,6.0673521878311565
0,95.31408593271146
1,0
0,120.4085504128129
0,22.982354044086133
1,0
