state,recovery_time
1,0
0,336.2472015275
1,0
0,179.92846335151944
1,0
0,0.43370350798774054
1,0
1,0
1,0
0,14.068256674077423
0,0.17809529297440693
1,0
1,0
1,0
0,7953.983947761009
1,0
0,13.13010951341477
1,0
0,282.74927478902976
1,0
0,26.402756247243076
0,1.3666292131319193
0,257.91839205929466
0,0.43015798921261966
1,0
1,0
1,0
0,1.253195414916848
0,19.66617824679072
1,0
0,0.28157530047775864
0,54.99981671145897
1,0
0,174.31396361840078
0,1.2541528490806453
0,1.9959150189849157
0,102.33264123419266
0,72.19204192314743
0,7.510367964013514
0,120.71348636555234
0,80.82667517084329
0,0.4102331408471164
0,79.58968537260856
0,21.723848317128272
0,5.981652025134105
0,1.10813132798833
0,2019.51762544966
0,70.43552246514906
0,29.901649438056886
0,0.6762223934033103
0,124.06758166705644
1,0
1,0
0,34.694095444846724
0,96.25002136743288
0,33.12432394851976
0,53.05697912771055
0,7.191449999054427
0,467.2297520198564
1,0
1,0
1,0
1,0
1,0
0,2.371547946569821
0,58.75491107652973
1,0
1,0
1,0
1,0
0,4.126619536807673
0,262.696104701471
1,0
0,34.59082993883301
1,0
0,14.006470741173146
0,2.2215517471214064
0,37.30241329582178
0,24.154651675313428
0,181.7114407634011
1,0
0,0.1388567814530812
0,97.57347559019011
1,0
1,0
0,263.9550393794861
0,1389.0319560418861
0,34.715283966605945
0,53.52189432253866
1,0
0,204.97297666297317
1,0
0,338.1098671283705
0,6.884778278725481
0,16.463352458441953
0,134.70557407529665
