state,recovery_time
1,0
1,0
1,0
1,0
0,1.0327333861182184
1,0
1,0
0,3.7643402617523294
1,0
1,0
1,0
0,257.1919609469006
1,0
1,0
0,8.799382782197094
1,0
1,0
1,0
1,0
1,0
1,0
1,0
1,0
1,0
1,0
1,0
1,0
1,0
1,0
0,873.9056820502663
0,9.61919421760981
1,0
0,1159.4704152330928
1,0
1,0
0,6.125437426658954
1,0
0,913.1614156953843
0,167.16245515498747
1,0
1,0
1,0
1,0
1,0
1,0
1,0
1,0
1,0
1,0
1,0
1,0
0,239.1543068884183
1,0
0,780.51636839322
0,11.333458773268845
1,0
1,0
1,0
1,0
1,0
1,0
1,0
1,0
1,0
1,0
1,0
1,0
1,0
0,334.93877170186704
1,0
1,0
1,0
1,0
1,0
1,0
1,0
1,0
1,0
1,0
1,0
1,0
1,0
1,0
1,0
1,0
1,0
1,0
1,0
1,0
1,0
1,0
1,0
1,0
1,0
1,0
1,0
