state,recovery_time
1,0
1,0
1,0
1,0
1,0
1,0
1,0
1,0
1,0
1,0
1,0
1,0
1,0
0,173.06223244039754
1,0
1,0
1,0
0,99.99375253760984
1,0
1,0
1,0
1,0
1,0
0,3.984819626588503
1,0
1,0
1,0
1,0
0,3.1967618066393935
1,0
1,0
1,0
1,0
1,0
1,0
1,0
1,0
1,0
1,0
1,0
1,0
1,0
0,32.07022318234902
1,0
1,0
1,0
1,0
1,0
1,0
0,38.12359714911467
1,0
1,0
1,0
1,0
1,0
1,0
1,0
1,0
1,0
1,0
1,0
1,0
1,0
1,0
1,0
1,0
0,45.2040019102432
1,0
0,155.2161008485112
1,0
1,0
1,0
0,39.10331758140022
1,0
1,0
1,0
1,0
1,0
1,0
1,0
1,0
1,0
1,0
1,0
1,0
1,0
1,0
1,0
1,0
1,0
1,0
1,0
1,0
1,0
1,0
0,0.7900335523544777
