state,recovery_time
1,0
1,0
1,0
1,0
1,0
0,26.499804689963714
0,253.56279666041746
1,0
1,0
0,333.8619229904809
