state,recovery_time
1,0
1,0
1,0
1,0
1,0
0,1.6218137882518513
1,0
0,92.92808621884357
1,0
1,0
