state,recovery_time
1,0
1,0
1,0
0,27.968678789110626
1,0
1,0
1,0
0,11323.270131838897
1,0
1,0
