state,recovery_time
1,0
1,0
1,0
0,111.28761123399143
1,0
1,0
1,0
0,161.18925500881818
1,0
1,0
