state,recovery_time
1,0
0,998.8884692004034
1,0
1,0
1,0
1,0
0,36.40233981049052
1,0
1,0
1,0
