state,recovery_time
0,95.99240555211415
1,0
1,0
1,0
1,0
1,0
1,0
0,0.21163955659209271
0,19.688759363852604
1,0
