state,recovery_time
1,0
0,23.897629019994675
1,0
1,0
1,0
1,0
1,0
1,0
1,0
0,26.22633855459838
