state,recovery_time
1,0
0,120.94808111548144
1,0
1,0
1,0
1,0
1,0
0,0.595520694714873
1,0
1,0
