state,recovery_time
1,0
1,0
1,0
1,0
0,2540.485638260458
1,0
0,13.819673523023214
1,0
1,0
1,0
1,0
1,0
1,0
1,0
1,0
1,0
1,0
1,0
1,0
1,0
1,0
1,0
1,0
1,0
1,0
1,0
1,0
1,0
1,0
1,0
0,2.3047684561496347
1,0
1,0
1,0
1,0
1,0
1,0
1,0
1,0
1,0
1,0
1,0
0,33.75211718126317
1,0
1,0
1,0
0,77.87534953086953
1,0
0,0.5523918045578149
1,0
1,0
0,650.2652521472181
1,0
1,0
1,0
1,0
0,11.125771145613692
1,0
1,0
1,0
1,0
1,0
1,0
1,0
1,0
1,0
1,0
1,0
1,0
1,0
0,44.90313596467078
1,0
1,0
1,0
1,0
1,0
1,0
1,0
1,0
1,0
1,0
1,0
1,0
1,0
1,0
1,0
1,0
0,5.119250870323176
1,0
1,0
1,0
1,0
1,0
1,0
1,0
1,0
