state,recovery_time
0,8.05369774101503
1,0
1,0
1,0
0,25.89777535162314
1,0
0,226.90003300510958
1,0
1,0
1,0
