state,recovery_time
0,561.3857650138508
1,0
1,0
1,0
1,0
1,0
0,186.9480542721316
1,0
1,0
1,0
