state,recovery_time
1,0
0,239.17318667159415
0,322.30426025472633
1,0
1,0
1,0
1,0
1,0
0,110.94580150581844
1,0
