state,recovery_time
1,0
1,0
1,0
0,1246.7832417020293
1,0
0,40.490604193492466
1,0
1,0
0,1.2195374318415695
1,0
