state,recovery_time
1,0
1,0
1,0
1,0
0,4.287609802624844
1,0
0,0.7479729221182302
1,0
1,0
0,7.732566720646031
