state,recovery_time
1,0
1,0
1,0
0,0.4127798815351499
1,0
1,0
1,0
0,66.15610274574242
1,0
0,12.52558359342538
