state,recovery_time
1,0
1,0
0,37.00076090257106
0,208.32211178149674
1,0
0,19.098145945873057
1,0
1,0
1,0
1,0
