state,recovery_time
1,0
1,0
0,11.47421145169374
1,0
1,0
1,0
0,543.3893754554479
0,53.613839618562345
0,39.833179040721724
0,71.62811580509518
