state,recovery_time
1,0
1,0
0,163.9227373780584
0,19028.491593433366
1,0
0,56.812307452655226
0,131.35230235580673
0,749.1407532905206
1,0
1,0
