state,recovery_time
1,0
0,450.87025068061826
0,1710.7238681760014
1,0
1,0
0,0.33988659375437463
1,0
1,0
0,15.04177132676974
0,133.8626103185087
