state,recovery_time
0,15.343204841290962
0,65.99035296639943
0,10.299954520142691
1,0
0,14.223092701609783
1,0
1,0
0,2.5665640825654554
1,0
1,0
