state,recovery_time
1,0
1,0
0,239.80975541762248
1,0
0,152.93940632956276
0,7.371849087438482
0,6.993376880547076
1,0
1,0
0,254.57931124153197
