state,recovery_time
1,0
1,0
0,4.826599664053957
1,0
0,29.383953963571315
1,0
1,0
1,0
1,0
1,0
