state,recovery_time
0,7.0527513137247615
1,0
0,31.481161265595503
1,0
1,0
1,0
1,0
1,0
1,0
1,0
