state,recovery_time
1,0
1,0
1,0
1,0
1,0
1,0
0,546.4164170405028
1,0
0,463.5530292990538
1,0
