state,recovery_time
1,0
0,18.004956589097976
0,17.579333642127562
1,0
1,0
1,0
1,0
1,0
0,0.28969444329665633
1,0
