state,recovery_time
1,0
1,0
0,18.650348495522
0,4.347312341674436
1,0
1,0
0,36.921871971126734
1,0
1,0
1,0
