state,recovery_time
1,0
1,0
0,99.43810122987428
1,0
0,27.27878069484331
1,0
1,0
1,0
1,0
1,0
1,0
1,0
1,0
1,0
1,0
1,0
1,0
1,0
1,0
1,0
1,0
1,0
1,0
1,0
1,0
0,2.072185446189835
1,0
1,0
1,0
1,0
1,0
1,0
1,0
0,29.67139152046707
1,0
1,0
1,0
1,0
1,0
1,0
1,0
0,14.504427785548641
1,0
1,0
1,0
1,0
1,0
1,0
1,0
1,0
0,13.198355658757968
1,0
1,0
1,0
1,0
