state,recovery_time
0,123.10642430195581
1,0
1,0
1,0
0,225.6111400489666
1,0
0,558.1809493561047
1,0
1,0
0,190.8319331119237
