state,recovery_time
0,7.466140773209397
0,324.03905696178265
0,52.66014028700067
0,581.8026788958789
1,0
1,0
0,0.6963629581215065
0,76.87084591149635
0,11.280272258532541
0,151.36557387785427
0,198.0348221563148
1,0
0,3.666554367383141
1,0
0,144.2248245628883
1,0
0,15.730007968010728
1,0
0,3.5132665782825674
1,0
0,59.65961125595187
0,491.89214501632534
1,0
0,31.760258531585468
0,1.1705883548983638
1,0
1,0
0,41.24249133611835
1,0
1,0
1,0
0,102.45027822939316
0,0.3246572461872117
1,0
0,0.3794161996333025
0,207.72046975248614
1,0
1,0
0,0.31395596290793376
0,54.37016965572398
0,14.839280713453888
0,22.982792537839266
0,1597.5351845455807
0,5.146996217187615
0,5.018786195992818
1,0
1,0
0,27.18419084400138
0,227.7194232416856
1,0
0,7.965306044663335
0,182.5438482403344
1,0
1,0
0,2.053431452262803
0,452.0018701805724
0,328.0539644490013
0,581.890681230712
0,120.82112050881939
1,0
0,6.955269762959678
0,2481.2570676602386
0,9.960210987209122
1,0
0,1.2140944302500631
1,0
0,2.725342013558076
0,3.4477659994945973
1,0
1,0
0,501.44353778839945
0,27.353572666219527
0,113.46509363262805
1,0
0,16.889204115393618
1,0
1,0
0,223.57785317258808
0,27.208193163124538
0,459.05992358341496
0,3.001570081041534
0,82.49667262564645
0,49.7791283811275
1,0
1,0
1,0
1,0
0,23.506677948008825
1,0
1,0
1,0
0,1.3551536755223343
0,12.309662381058464
0,481.45506846560636
1,0
0,2.841247131102334
