state,recovery_time
1,0
1,0
1,0
1,0
1,0
0,0.3309088661396498
1,0
1,0
0,3.35517008298109
1,0
0,16.273717766157713
1,0
1,0
1,0
1,0
1,0
1,0
1,0
1,0
1,0
1,0
0,7.126708616883117
1,0
1,0
1,0
0,31.454688347628352
1,0
1,0
1,0
1,0
1,0
1,0
1,0
1,0
1,0
1,0
1,0
1,0
1,0
1,0
1,0
1,0
0,422.82096991496593
1,0
0,435.38363726921494
1,0
1,0
1,0
1,0
1,0
1,0
1,0
0,10.170381887649825
1,0
1,0
