state,recovery_time
1,0
1,0
1,0
0,160.06168967457103
1,0
1,0
1,0
1,0
1,0
1,0
0,2502.41616483822
1,0
1,0
1,0
1,0
0,58.41367559419212
1,0
1,0
1,0
1,0
1,0
1,0
1,0
1,0
0,4.3477444276648605
1,0
1,0
1,0
1,0
1,0
0,1691.8105672586216
1,0
1,0
1,0
1,0
1,0
1,0
1,0
1,0
1,0
1,0
1,0
1,0
0,3.646371724576063
1,0
1,0
1,0
1,0
1,0
1,0
1,0
1,0
0,3.316965145389878
1,0
1,0
1,0
1,0
1,0
1,0
1,0
1,0
1,0
1,0
1,0
1,0
1,0
1,0
1,0
1,0
1,0
1,0
1,0
1,0
1,0
1,0
0,601.3540254179014
1,0
1,0
1,0
1,0
1,0
1,0
1,0
1,0
1,0
1,0
1,0
1,0
1,0
1,0
1,0
1,0
1,0
1,0
1,0
1,0
