state,recovery_time
1,0
0,0.14439544086398964
1,0
0,29.385235907947465
0,182.4113452340637
1,0
0,0.6088765641298485
0,54.59904108675954
1,0
1,0
