state,recovery_time
0,109.72854357408218
1,0
1,0
1,0
1,0
0,289.46200024225453
1,0
1,0
0,48.81541410050685
1,0
