state,recovery_time
1,0
1,0
0,54.12464997847783
0,118.72315829802398
1,0
0,527.7787248786915
1,0
0,5.722209083457822
1,0
1,0
