state,recovery_time
1,0
1,0
1,0
1,0
1,0
1,0
1,0
1,0
1,0
1,0
1,0
1,0
1,0
1,0
1,0
0,5.1863759481306255
1,0
1,0
1,0
1,0
1,0
1,0
1,0
1,0
1,0
1,0
1,0
1,0
1,0
1,0
0,177.8961106408177
1,0
1,0
1,0
1,0
1,0
1,0
1,0
1,0
1,0
1,0
0,136.5898758496098
1,0
1,0
1,0
0,4.841749467036024
1,0
1,0
1,0
1,0
0,46.64280160941243
1,0
1,0
1,0
1,0
1,0
1,0
1,0
1,0
1,0
1,0
1,0
1,0
0,40.109785894421584
1,0
1,0
1,0
1,0
1,0
1,0
1,0
1,0
1,0
1,0
1,0
1,0
1,0
1,0
1,0
1,0
1,0
1,0
0,218.9388932390561
1,0
1,0
1,0
0,29.972885583058503
1,0
1,0
0,1380.7702663428922
1,0
1,0
1,0
1,0
1,0
1,0
