state,recovery_time
0,28.214948674071795
1,0
1,0
1,0
0,30.81049848037341
1,0
0,268.9386097804302
1,0
0,1.922975115134203
0,0.6229544957592036
