state,recovery_time
1,0
1,0
1,0
1,0
1,0
0,97.73500494324173
0,70.90734410718125
0,3.4868135739028427
0,2.159732140485813
0,308.3795207492038
