state,recovery_time
1,0
0,3.9709279440828458
0,26.618188297186293
0,4.7107572086095795
1,0
1,0
0,220.49776735023698
1,0
1,0
0,919.4129886678207
