state,recovery_time
1,0
0,504.33392571342813
0,234.0105452368734
1,0
0,8.908297400471744
1,0
1,0
1,0
0,44.45901500443391
0,142.4689041924519
