state,recovery_time
0,1178.9525032782392
0,18.101563363111122
1,0
1,0
0,144466.3848011856
0,856.3564562051768
1,0
1,0
1,0
0,179.4394390720976
