state,recovery_time
0,0.9653449325873227
1,0
1,0
1,0
0,103.69133657712828
1,0
0,3.040340083327827
1,0
0,7.822870950138012
0,5685.412605648013
