state,recovery_time
0.0,66.4049476371625
0.0,2700.374000712496
1.0,0.0
1.0,0.0
1.0,0.0
1.0,0.0
1.0,0.0
1.0,0.0
1.0,0.0
1.0,0.0
