state,recovery_time
0.0,10.147338460910772
0.0,78.7048138789205
1.0,0.0
1.0,0.0
0.0,183.4180645380951
0.0,13.972984692429275
0.0,4410.724883111884
1.0,0.0
1.0,0.0
1.0,0.0
