state,recovery_time
1,0
0,2638.6971735232696
0,68.24559692196738
0,332.20668621755055
1,0
1,0
0,61.258069105071165
0,29.19179439462756
1,0
0,28.349872212549794
