state,recovery_time
1,0
1,0
1,0
1,0
1,0
1,0
1,0
1,0
1,0
1,0
1,0
1,0
1,0
1,0
1,0
1,0
1,0
1,0
0,6.971690902924161
1,0
1,0
1,0
1,0
1,0
1,0
1,0
1,0
0,10858.079062798166
1,0
1,0
1,0
1,0
1,0
1,0
1,0
1,0
1,0
1,0
1,0
1,0
0,2.6591284382171647
1,0
1,0
1,0
1,0
1,0
1,0
0,219.05000110125508
1,0
1,0
1,0
1,0
1,0
1,0
0,116.47778933137651
1,0
1,0
1,0
1,0
1,0
1,0
1,0
1,0
1,0
0,473.5118447379584
1,0
1,0
1,0
1,0
0,137.6293370241344
1,0
1,0
1,0
1,0
1,0
1,0
1,0
1,0
1,0
1,0
1,0
1,0
1,0
1,0
1,0
1,0
1,0
1,0
1,0
1,0
1,0
1,0
1,0
1,0
1,0
1,0
