state,recovery_time
0,10.085282061587284
0,2013.1060451797525
0,35.02044217519105
0,10064.543472321038
1,0
1,0
0,50.78655225512632
1,0
1,0
1,0
1,0
1,0
0,3.9217755383082786
1,0
0,89.52352945376893
1,0
0,4.996342758094222
1,0
1,0
1,0
0,52.39355802711991
1,0
1,0
0,35.53328846884826
0,3.6735819074604197
1,0
1,0
1,0
0,62.137692276622005
0,20.29715144063924
0,2223.8731762898838
1,0
1,0
0,841.5594609542514
0,23.936371226458085
1,0
0,10.046865087920732
1,0
1,0
1,0
0,26.920390233350744
0,15.166552609225636
1,0
1,0
1,0
1,0
1,0
1,0
1,0
1,0
1,0
1,0
1,0
1,0
1,0
1,0
1,0
1,0
0,1.9025047671051616
0,372.4524776531009
1,0
1,0
0,2.935898205283594
0,1.112363538726607
1,0
1,0
1,0
0,15.041337754238944
1,0
1,0
1,0
1,0
1,0
0,26.132536041874715
1,0
1,0
1,0
1,0
1,0
0,7558.016854577192
0,1.8734845175015804
0,29.581453511739387
0,18.25748284418117
1,0
0,344.05166846730293
0,13.224824495746214
0,33.5425597643341
0,26.642851130564463
1,0
1,0
0,11.711307920606735
0,1.676193375987613
0,188.15361550792545
0,7.676896801336127
0,191.20137081185055
0,1590.147696761875
1,0
0,2.6309279704494632
0,326.1562505213517
1,0
1,0
0,18.461561392467463
0,3.2033162714299954
0,171.91687608587154
0,14058.760992211262
0,257.22151000367495
0,11473.836294454404
0,8.671966820461346
0,10.700913715041098
0,25.447722129703536
1,0
0,30.924920310221307
0,13976.711560181013
0,38.809621430460496
1,0
1,0
0,70.94047269057292
1,0
0,687.4623479980734
0,53.31679063203188
0,57.59810663680881
0,202.55255671994078
