state,recovery_time
1,0
0,4957.5107980291
1,0
1,0
1,0
1,0
1,0
1,0
1,0
1,0
1,0
1,0
0,528.4030032700397
1,0
1,0
1,0
1,0
1,0
1,0
0,5.830435873208162
1,0
0,407.3191354599342
1,0
1,0
0,44.99306881221379
0,37.11091077860691
1,0
1,0
1,0
1,0
1,0
1,0
1,0
1,0
0,34.64904724097421
1,0
1,0
1,0
1,0
1,0
1,0
1,0
1,0
1,0
1,0
1,0
1,0
0,0.3031906427713667
1,0
1,0
1,0
1,0
1,0
0,8.419040785857153
1,0
