state,recovery_time
1,0
0,925.0953531582278
1,0
1,0
1,0
0,70.52212479509824
1,0
0,504.2518948606797
1,0
1,0
