state,recovery_time
1,0
1,0
0,2017.9838506336748
0,359.8924891412892
1,0
1,0
0,276.7234665662501
1,0
1,0
1,0
