state,recovery_time
1,0
0,47.99496821268467
0,9.437356642251723
1,0
0,0.2491112685600915
1,0
1,0
1,0
1,0
1,0
