state,recovery_time
1,0
1,0
1,0
1,0
1,0
0,131.605952225807
1,0
1,0
0,9.411715444056409
1,0
1,0
1,0
1,0
1,0
1,0
1,0
0,35.00375508888732
1,0
1,0
1,0
1,0
1,0
1,0
1,0
1,0
1,0
1,0
1,0
1,0
1,0
1,0
1,0
1,0
1,0
1,0
1,0
1,0
1,0
1,0
1,0
1,0
1,0
1,0
1,0
1,0
1,0
1,0
1,0
1,0
1,0
0,450.7058523919797
0,170.10684362835943
1,0
1,0
1,0
1,0
1,0
1,0
1,0
1,0
1,0
1,0
1,0
1,0
1,0
1,0
1,0
1,0
1,0
1,0
1,0
1,0
1,0
1,0
1,0
1,0
1,0
1,0
1,0
1,0
1,0
1,0
1,0
1,0
1,0
1,0
1,0
1,0
1,0
1,0
0,3.3064473206812743
1,0
1,0
1,0
1,0
1,0
