state,recovery_time
0.0,178.2090150831193
1.0,0.0
1.0,0.0
1.0,0.0
0.0,1.7933653880478106
0.0,15.819720232801876
0.0,45.93198520763127
1.0,0.0
0.0,0.032295483738065456
1.0,0.0
