state,recovery_time
0.0,0.28691829962856613
1.0,0.0
1.0,0.0
0.0,1.7291495400942438
1.0,0.0
1.0,0.0
1.0,0.0
1.0,0.0
1.0,0.0
0.0,2.987064616438362
