state,recovery_time
1.0,0.0
1.0,0.0
1.0,0.0
1.0,0.0
0.0,1326.0922415564062
0.0,1.1257278410001805
0.0,244.47118993499805
1.0,0.0
1.0,0.0
1.0,0.0
