state,recovery_time
1.0,0.0
1.0,0.0
1.0,0.0
0.0,8207.127757202368
1.0,0.0
1.0,0.0
1.0,0.0
0.0,20.122040834352088
1.0,0.0
1.0,0.0
