state,recovery_time
1,0
1,0
1,0
1,0
1,0
1,0
1,0
1,0
1,0
1,0
1,0
0,49.939333516064536
1,0
1,0
1,0
1,0
1,0
1,0
0,55.8390287615396
1,0
1,0
1,0
1,0
0,6.382888381710148
0,80.31656582568013
1,0
1,0
1,0
1,0
1,0
1,0
1,0
1,0
1,0
1,0
1,0
1,0
1,0
1,0
1,0
1,0
1,0
1,0
1,0
1,0
0,5.9638647517471615
1,0
0,176.4840300655697
1,0
1,0
1,0
1,0
1,0
1,0
1,0
1,0
1,0
1,0
1,0
1,0
1,0
1,0
0,0.012081241899321467
1,0
1,0
1,0
1,0
1,0
1,0
1,0
0,21.414422655261827
1,0
1,0
1,0
0,110.19956904917363
1,0
1,0
1,0
1,0
1,0
1,0
1,0
1,0
1,0
0,137.06623373996734
0,37.5547341026153
1,0
0,30.989097089822565
1,0
1,0
1,0
1,0
1,0
1,0
1,0
0,95.49247553241418
