state,recovery_time
1,0
1,0
1,0
1,0
1,0
1,0
1,0
1,0
1,0
1,0
1,0
0,133.95396440096584
1,0
1,0
1,0
1,0
1,0
1,0
1,0
1,0
1,0
0,20.897890665199338
1,0
1,0
1,0
0,50.432236638839015
1,0
1,0
1,0
1,0
1,0
1,0
1,0
1,0
1,0
0,0.562481799533202
1,0
1,0
1,0
1,0
1,0
1,0
0,7.888415132045332
0,77.7052390351617
1,0
1,0
1,0
1,0
1,0
1,0
1,0
1,0
1,0
0,70.79848592008445
1,0
1,0
1,0
1,0
0,0.8098757850055234
0,62.98287907386382
0,22.81396438935396
1,0
0,6.640863351720365
1,0
0,6.809327923839055
1,0
1,0
0,198.28729609143912
1,0
0,160.7610372008084
1,0
0,4403.756115446038
1,0
0,124.20274098317198
1,0
0,0.4266477324565164
0,0.7587440581248686
1,0
1,0
1,0
1,0
1,0
1,0
0,89.46399426147697
1,0
1,0
1,0
1,0
1,0
0,7631.149855905013
1,0
1,0
1,0
1,0
1,0
1,0
