state,recovery_time
1,0
1,0
1,0
1,0
0,1.6614418883169926
1,0
1,0
1,0
1,0
1,0
1,0
1,0
1,0
1,0
0,6.058209972471995
1,0
1,0
1,0
1,0
1,0
1,0
1,0
0,95.09351389442875
0,0.1599313560701979
1,0
1,0
1,0
1,0
1,0
1,0
1,0
1,0
0,2641.8704903254547
1,0
1,0
1,0
1,0
1,0
1,0
1,0
1,0
1,0
1,0
1,0
1,0
1,0
1,0
1,0
0,52.088409640247015
0,262.25432008776767
1,0
0,16.158415720029268
1,0
1,0
1,0
1,0
1,0
1,0
1,0
1,0
1,0
1,0
1,0
1,0
1,0
1,0
1,0
1,0
1,0
1,0
1,0
1,0
1,0
1,0
1,0
1,0
1,0
1,0
1,0
1,0
1,0
0,0.5473093478858908
1,0
0,3.391127709429361
0,8.969757110137154
1,0
1,0
1,0
1,0
1,0
1,0
1,0
1,0
1,0
1,0
1,0
