state,recovery_time
1,0
1,0
1,0
1,0
0,18.518636628025455
1,0
1,0
1,0
1,0
1,0
1,0
1,0
1,0
1,0
1,0
1,0
1,0
1,0
1,0
1,0
1,0
1,0
1,0
1,0
1,0
1,0
1,0
1,0
1,0
0,6835.69108485519
1,0
1,0
0,16.207393832916317
1,0
1,0
1,0
0,12.443048279139628
1,0
1,0
1,0
1,0
1,0
1,0
1,0
0,409.6191384042787
1,0
1,0
1,0
1,0
1,0
1,0
1,0
1,0
1,0
1,0
1,0
1,0
1,0
1,0
1,0
0,1851.9060691315992
1,0
0,2.4631551381995833
1,0
1,0
1,0
1,0
1,0
0,0.46611552408577167
1,0
1,0
1,0
1,0
1,0
1,0
0,38.40456669798529
1,0
1,0
0,444.8449849213384
1,0
1,0
1,0
1,0
1,0
0,1.750855905918108
1,0
1,0
1,0
1,0
1,0
1,0
1,0
1,0
1,0
1,0
1,0
