state,recovery_time
1,0
1,0
1,0
1,0
1,0
1,0
1,0
1,0
1,0
1,0
1,0
1,0
1,0
1,0
1,0
1,0
1,0
1,0
1,0
1,0
1,0
1,0
1,0
1,0
0,1.387119164048903
1,0
1,0
1,0
1,0
1,0
1,0
1,0
0,1300.7444061503988
0,568.5645770462439
1,0
1,0
1,0
1,0
1,0
1,0
1,0
0,24.92659801579485
1,0
1,0
1,0
1,0
1,0
1,0
1,0
1,0
1,0
1,0
1,0
1,0
0,9.5332667245317
1,0
0,96.82371783052123
1,0
1,0
1,0
1,0
1,0
1,0
1,0
1,0
1,0
1,0
1,0
1,0
1,0
1,0
1,0
1,0
1,0
1,0
1,0
1,0
1,0
1,0
1,0
1,0
1,0
1,0
1,0
1,0
0,210.76803748109788
1,0
1,0
0,2.2977241975127907
1,0
1,0
1,0
1,0
1,0
1,0
1,0
