state,recovery_time
1,0
0,29.030484101920308
0,30.66477764840023
1,0
0,1166.9204517976498
0,1959.8062238855566
1,0
1,0
0,27.200597924088495
1,0
