state,recovery_time
1,0
1,0
1,0
1,0
1,0
1,0
1,0
1,0
1,0
1,0
1,0
1,0
1,0
1,0
1,0
1,0
1,0
1,0
1,0
1,0
0,1353.7332399723552
1,0
1,0
1,0
1,0
1,0
1,0
1,0
0,80.92490948951665
1,0
1,0
1,0
0,1.773654704843349
1,0
1,0
1,0
1,0
0,81.22348965021011
1,0
1,0
1,0
1,0
1,0
1,0
1,0
1,0
1,0
1,0
1,0
1,0
1,0
1,0
1,0
1,0
1,0
