state,recovery_time
0,774.9845317543933
0,57.375761865347
1,0
0,71.40131438763531
0,8.003593533569038
1,0
1,0
1,0
0,46.641950591417334
0,127.57594989086495
