state,recovery_time
1,0
1,0
1,0
1,0
1,0
1,0
1,0
1,0
1,0
1,0
1,0
1,0
1,0
1,0
1,0
0,365.2886086320717
1,0
1,0
0,4.688055810819449
1,0
1,0
1,0
1,0
0,2.0640287488748545
1,0
1,0
1,0
1,0
1,0
1,0
1,0
1,0
1,0
0,9.065282344846358
0,8741.893076853807
1,0
1,0
1,0
1,0
1,0
1,0
1,0
1,0
1,0
1,0
1,0
1,0
1,0
1,0
1,0
1,0
1,0
1,0
1,0
1,0
