state,recovery_time
0,5.2535552470745985
1,0
0,104.79093081570599
0,60.7522404024117
0,99.078435283073
0,711.906531722372
1,0
1,0
1,0
0,108.3303410209321
