state,recovery_time
0,9076.824029385874
0,1217.531529736014
1,0
0,52.499037585613586
1,0
1,0
1,0
1,0
0,2.118548438736393
0,11.639150766988147
