state,recovery_time
1,0
0,13672.380660361345
1,0
1,0
1,0
1,0
0,209.88869794197998
1,0
1,0
1,0
1,0
0,677.3651933260692
1,0
1,0
1,0
1,0
1,0
1,0
0,51.836640751820916
1,0
1,0
1,0
1,0
1,0
1,0
1,0
1,0
1,0
1,0
1,0
0,0.5355584896905234
1,0
1,0
0,56.93586066172816
1,0
1,0
1,0
1,0
1,0
1,0
1,0
1,0
1,0
0,48.5928880350182
1,0
1,0
1,0
1,0
1,0
1,0
0,0.24905224116491922
1,0
1,0
1,0
1,0
1,0
1,0
1,0
1,0
1,0
1,0
1,0
1,0
1,0
1,0
1,0
1,0
0,19.738316726820944
1,0
1,0
1,0
1,0
1,0
1,0
1,0
1,0
1,0
0,0.750620753322443
1,0
1,0
1,0
1,0
1,0
1,0
1,0
1,0
1,0
1,0
1,0
1,0
1,0
1,0
1,0
1,0
1,0
1,0
