state,recovery_time
1,0
1,0
1,0
0,2.8722626545006866
1,0
1,0
1,0
1,0
0,145.0755123842915
1,0
0,1.5583245676866837
0,2553.841454274717
1,0
1,0
1,0
1,0
1,0
0,4.9868658895529805
1,0
1,0
1,0
1,0
1,0
1,0
1,0
1,0
1,0
1,0
1,0
0,3.3149218530782742
1,0
1,0
1,0
0,9.937645503486753
1,0
1,0
1,0
1,0
1,0
1,0
1,0
1,0
1,0
1,0
1,0
1,0
1,0
1,0
1,0
1,0
0,16.47785392711644
1,0
1,0
1,0
1,0
1,0
1,0
1,0
1,0
1,0
1,0
0,825.558395022636
1,0
1,0
1,0
1,0
1,0
1,0
1,0
1,0
1,0
1,0
1,0
1,0
1,0
1,0
1,0
1,0
1,0
1,0
0,189.4066729309192
1,0
1,0
1,0
1,0
1,0
1,0
1,0
1,0
1,0
1,0
1,0
1,0
1,0
1,0
1,0
