state,recovery_time
1,0
1,0
1,0
1,0
1,0
0,4.493300648197602
0,1.3610358722423685
1,0
1,0
1,0
1,0
0,8.757353004871037
1,0
1,0
1,0
1,0
1,0
1,0
1,0
1,0
1,0
1,0
1,0
1,0
1,0
1,0
1,0
1,0
0,258.7542675014967
1,0
1,0
1,0
1,0
1,0
1,0
1,0
1,0
1,0
1,0
1,0
1,0
1,0
1,0
1,0
1,0
1,0
0,94.8456967240292
1,0
0,19.759942170833252
1,0
1,0
1,0
0,7.055055976131138
1,0
1,0
1,0
1,0
1,0
0,0.43408056879624163
0,13.388020779929832
1,0
1,0
1,0
1,0
1,0
1,0
1,0
1,0
1,0
1,0
1,0
1,0
1,0
1,0
1,0
1,0
1,0
1,0
1,0
1,0
1,0
1,0
1,0
1,0
1,0
1,0
0,48.82738877295591
0,14.087746514533507
1,0
1,0
1,0
1,0
1,0
1,0
1,0
1,0
