state,recovery_time
1,0
0,73.74648423835313
1,0
0,4.8949165048847805
1,0
1,0
1,0
1,0
1,0
1,0
1,0
0,15.0914655176829
0,32.802716637039104
1,0
1,0
1,0
1,0
0,47.33485015273053
1,0
1,0
1,0
1,0
0,157.65139034415517
0,0.05027783197342692
1,0
1,0
1,0
0,29.87117947880339
1,0
1,0
1,0
1,0
0,34.79596257321996
1,0
0,7.127514894715923
1,0
1,0
1,0
1,0
1,0
1,0
1,0
1,0
1,0
1,0
1,0
0,270.6190527771921
1,0
1,0
1,0
1,0
1,0
1,0
0,4980.555433080946
1,0
1,0
1,0
1,0
1,0
1,0
1,0
0,55.55637051541897
1,0
1,0
1,0
1,0
0,531.0058082919257
1,0
1,0
1,0
0,234.6868604901161
1,0
1,0
1,0
0,65.43042891515076
1,0
1,0
1,0
1,0
0,41.63324988176063
1,0
1,0
1,0
0,345.67004446201736
0,92.08295208380069
1,0
1,0
1,0
1,0
1,0
1,0
1,0
0,163.3943690499435
1,0
1,0
1,0
