state,recovery_time
1,0
0,8.292040783075056
0,140.57752039186838
1,0
0,380.53880400724233
1,0
0,113.22594653014083
0,10.357849763300862
1,0
0,308.4046232821968
