state,recovery_time
1,0
0,173.35034791729242
0,11184.09128897563
0,244.5182044702464
0,25.54616917235684
1,0
1,0
1,0
0,0.4220887771918664
0,0.8645742764625108
