state,recovery_time
0,3.3448199569357326
0,0.36963427733626997
0,191.42981690755494
0,122.79594794326998
1,0
1,0
0,21.0462346817425
0,1234.4793784900453
1,0
0,7.666933640761178
