state,recovery_time
0,6.568929335879133
0,42.08642510132467
1,0
0,39.79403606804831
1,0
0,7.88922452377245
0,20.343604240680296
0,65.05007447869055
1,0
0,399.1673799231703
