state,recovery_time
0,177.88786071707185
0,845.3390310882686
0,1.541180176237604
0,10.131106094011047
1,0
1,0
1,0
0,0.5415391865531438
1,0
0,10.994361691681133
