state,recovery_time
1,0
0,377.7482627383829
0,19.17508610756918
1,0
1,0
0,62.57398788189983
0,835.2162034784766
0,157.51813675153554
0,918.2480828594097
0,3.230113517754978
