state,recovery_time
0,374.7687218321296
1,0
0,574.3646100730174
0,142.96087132674128
1,0
0,427.39257124540916
0,182.51166548726243
0,766.7144030216076
0,15.040488628508605
0,99.27623277664341
