state,recovery_time
1,0
1,0
0,179.340638801545
1,0
1,0
1,0
1,0
1,0
1,0
0,29.337503659163833
1,0
1,0
1,0
1,0
1,0
1,0
1,0
1,0
0,5.038472180776674
1,0
1,0
0,129.60049125281608
1,0
1,0
1,0
0,37.996338748971105
1,0
1,0
1,0
0,3480.9231719869886
1,0
1,0
1,0
1,0
1,0
1,0
1,0
1,0
1,0
1,0
1,0
1,0
1,0
1,0
1,0
1,0
1,0
1,0
1,0
0,157.8234121862267
0,73.41901660312925
1,0
1,0
1,0
0,17.843863496105104
1,0
1,0
1,0
1,0
1,0
1,0
1,0
0,95.79556695498681
1,0
1,0
1,0
1,0
1,0
1,0
0,0.8860522394601007
1,0
1,0
1,0
1,0
1,0
1,0
1,0
1,0
1,0
1,0
1,0
1,0
1,0
1,0
1,0
1,0
1,0
1,0
1,0
1,0
1,0
1,0
1,0
1,0
1,0
1,0
