state,recovery_time
1,0
1,0
1,0
1,0
1,0
1,0
1,0
1,0
1,0
1,0
1,0
1,0
1,0
1,0
1,0
1,0
1,0
1,0
1,0
1,0
0,10.759704872279082
1,0
1,0
1,0
0,11.933835220862491
1,0
1,0
1,0
1,0
0,2.4037522255626556
1,0
1,0
1,0
1,0
1,0
0,652.3609750479036
1,0
1,0
0,54.051242615397065
1,0
1,0
1,0
1,0
1,0
1,0
1,0
1,0
1,0
1,0
1,0
1,0
1,0
1,0
1,0
1,0
1,0
1,0
1,0
1,0
1,0
1,0
1,0
1,0
1,0
1,0
1,0
1,0
1,0
0,0.7056313808792916
1,0
1,0
1,0
1,0
1,0
1,0
1,0
0,14.74400339758849
1,0
1,0
1,0
1,0
1,0
0,946.3791340384009
1,0
1,0
1,0
0,338.74950059921656
1,0
1,0
1,0
1,0
1,0
1,0
1,0
1,0
0,605.2601611893458
