state,recovery_time
1,0
1,0
1,0
1,0
0,156.5257929983221
1,0
1,0
1,0
1,0
1,0
1,0
1,0
1,0
1,0
1,0
1,0
1,0
1,0
1,0
1,0
1,0
1,0
1,0
1,0
1,0
0,58.635013711776814
1,0
1,0
1,0
1,0
1,0
1,0
1,0
1,0
1,0
0,44.15998735958811
1,0
1,0
0,1487.8581458023425
1,0
1,0
1,0
1,0
1,0
1,0
1,0
1,0
1,0
1,0
1,0
1,0
1,0
1,0
1,0
1,0
1,0
1,0
1,0
0,189.83796149146423
1,0
1,0
1,0
1,0
1,0
0,49.61170021860247
1,0
1,0
1,0
1,0
1,0
1,0
1,0
0,249.58712020334383
1,0
1,0
1,0
1,0
1,0
1,0
0,35.468195240827434
1,0
0,15.162289115484178
1,0
1,0
1,0
1,0
1,0
0,39.64247315406656
1,0
1,0
1,0
1,0
1,0
1,0
1,0
1,0
