state,recovery_time
1,0
1,0
1,0
1,0
0,206.00364020602922
1,0
1,0
1,0
1,0
1,0
1,0
1,0
1,0
1,0
1,0
1,0
0,152.4580195353549
1,0
1,0
0,18.442000349343406
0,11.008894795896367
1,0
0,23.64919297913669
1,0
1,0
0,5.083547725649156
1,0
1,0
1,0
1,0
1,0
1,0
1,0
1,0
1,0
1,0
1,0
0,103.09809520679009
1,0
1,0
1,0
1,0
1,0
1,0
1,0
0,68.41418823450053
1,0
1,0
1,0
1,0
1,0
1,0
1,0
1,0
1,0
0,258.6156750576424
1,0
1,0
0,11.996606170655483
1,0
1,0
1,0
1,0
1,0
1,0
1,0
1,0
1,0
1,0
1,0
1,0
1,0
1,0
1,0
1,0
1,0
1,0
1,0
1,0
1,0
1,0
1,0
1,0
1,0
1,0
1,0
1,0
1,0
0,487.3408528326076
0,46.457436340184394
0,38.825147934749026
1,0
1,0
1,0
1,0
1,0
