state,recovery_time
1,0
1,0
0,30.989231532181243
1,0
1,0
1,0
1,0
0,52.61829019708343
0,4.058116546823056
0,342.6838014909327
1,0
1,0
1,0
1,0
1,0
1,0
1,0
1,0
1,0
1,0
1,0
1,0
1,0
1,0
0,35.04379595083897
1,0
1,0
1,0
1,0
1,0
1,0
0,418.3714133263086
1,0
1,0
1,0
1,0
1,0
1,0
1,0
1,0
1,0
1,0
1,0
1,0
1,0
1,0
1,0
1,0
1,0
1,0
0,163.48785213889985
1,0
0,0.8311354165380527
1,0
1,0
1,0
1,0
1,0
1,0
1,0
1,0
1,0
1,0
1,0
1,0
1,0
1,0
1,0
1,0
1,0
1,0
1,0
0,21.573930225846716
1,0
1,0
1,0
1,0
1,0
1,0
1,0
1,0
1,0
1,0
1,0
1,0
1,0
1,0
1,0
1,0
1,0
1,0
1,0
1,0
1,0
1,0
1,0
