state,recovery_time
1,0
0,72.84432999683877
1,0
0,298.66596652638634
1,0
1,0
0,11.771003628915526
0,0.44019062906703743
0,2.5397217941790364
1,0
