state,recovery_time
0,126.00810947488523
1,0
1,0
1,0
0,0.29940493631685755
1,0
1,0
1,0
1,0
1,0
1,0
1,0
1,0
1,0
1,0
1,0
0,1117.59332573165
1,0
1,0
1,0
1,0
1,0
1,0
1,0
1,0
1,0
1,0
1,0
0,0.25339814409818656
0,6.5577672448415285
0,104.63233321242994
1,0
0,9.278762457003703
1,0
0,18.097339785729616
1,0
1,0
1,0
0,1.9463666844927734
1,0
0,132.06724558287877
1,0
1,0
1,0
1,0
1,0
1,0
1,0
1,0
0,798.9322172113685
0,194.66425081084085
1,0
1,0
0,48.845566066774616
1,0
