state,recovery_time
0,0.2525143783481777
0,107.9717286900676
0,21.45743955445456
1,0
1,0
1,0
0,0.7675643979924427
1,0
0,2.8482087357300596
1,0
