state,recovery_time
0,14.848709061512446
1,0
0,22.197438395415684
1,0
0,0.9336221271845511
0,120.69974885420902
1,0
0,23.16826381722864
1,0
1,0
