state,recovery_time
1,0
1,0
0,8.70964334447004
1,0
0,391.64415511733324
0,1.012504911290461
1,0
0,50.597773743895054
0,10.426397158652208
1,0
