state,recovery_time
0,59.26586679992232
1,0
0,56.38557357130144
0,3.7780340300937736
1,0
1,0
1,0
1,0
0,31.137770810776498
0,2.5728136087611184
