state,recovery_time
0,190.4698143534449
1,0
0,58.33476152289659
0,24.991203252252735
1,0
1,0
1,0
0,455.56923895422227
0,3.2616028055738875
1,0
