state,recovery_time
0,170.29867124215042
1,0
0,61.60896086249741
1,0
1,0
1,0
0,208.98153385899624
0,189.53522351682113
1,0
0,74.6488978650411
