state,recovery_time
0,2.437481031580281
1,0
0,245.41451948278862
1,0
0,0.18213249190666791
1,0
1,0
1,0
0,106.18083992165283
0,3.9522314461002503
