state,recovery_time
1,0
0,13.257595021261801
1,0
1,0
1,0
1,0
1,0
1,0
1,0
1,0
1,0
0,88.79593928863898
1,0
1,0
1,0
1,0
1,0
1,0
1,0
1,0
1,0
1,0
1,0
1,0
1,0
1,0
1,0
1,0
1,0
1,0
1,0
1,0
0,494.89497927498593
1,0
1,0
1,0
1,0
1,0
1,0
1,0
1,0
1,0
1,0
1,0
1,0
1,0
1,0
1,0
0,0.044265753505118625
1,0
1,0
1,0
1,0
1,0
1,0
1,0
1,0
1,0
1,0
1,0
1,0
1,0
1,0
1,0
1,0
1,0
1,0
1,0
1,0
1,0
1,0
1,0
1,0
1,0
1,0
1,0
1,0
1,0
0,73.19471781291588
1,0
1,0
1,0
1,0
1,0
1,0
1,0
0,7.5559774614521515
1,0
1,0
0,272.58366713421304
1,0
1,0
1,0
1,0
1,0
1,0
