state,recovery_time
1,0
1,0
0,157.81558760379087
1,0
1,0
1,0
0,190.7534552271378
0,70.6796232634923
1,0
0,3186.4486562605603
