state,recovery_time
1,0
1,0
1,0
1,0
0,11.952729825847284
0,18.228349021269263
0,1766.6676029141188
0,2.5807275201026862
1,0
1,0
