state,recovery_time
1,0
1,0
0,56.868498884366254
1,0
1,0
1,0
0,224.58805803860565
0,849.0731133429341
0,64.50449304953693
1,0
