state,recovery_time
0,127.00265524857046
1,0
1,0
1,0
0,1.0325550773395622
0,65.2686794688272
1,0
0,935.4494612535507
0,11.157692061168271
0,27.23115246183735
0,204.2674434589369
0,112.87865856634005
0,3.4322596446561415
0,38.445850252009954
0,3.234241226213647
0,263.2005841058789
1,0
0,330.24436203037493
0,86.4320857861469
1,0
0,2.153353972191808
0,35.245415410300566
0,77.60657845076572
0,62.98859560979268
0,2.766363196996743
1,0
0,37.4842915342468
1,0
1,0
0,55.496075222092514
0,102.7938903711468
0,10.515761243742537
0,257.0026694090852
1,0
1,0
1,0
0,0.3626928991908037
0,160.5652333409843
0,92.8616842666263
0,10.070956039567031
0,5.8763285507565195
0,5.0087054426764785
1,0
1,0
0,14.82682985947305
1,0
0,200.95456086180317
0,8.254889125625652
1,0
0,568.5391370809656
1,0
0,24.484238735366834
0,292.5485796039784
0,35.30856011908615
0,1186.7344989635417
1,0
1,0
0,818.1839770131469
0,10.472326147425084
1,0
0,1.6226656910050032
1,0
0,3.158877289049193
0,208.3860466234791
1,0
0,871.734452114496
0,0.11643248521514009
1,0
0,2.377581996945663
1,0
1,0
0,3.215239475612771
0,19.118710014343293
1,0
0,73.9519715638321
0,16.179664196856887
0,3.7169253904335413
1,0
1,0
0,373.507057469136
1,0
0,4.2393825828144704
0,247.54326981341342
0,536.5425672066756
0,11.125957396678928
1,0
0,9.875345579113162
1,0
0,21.180619756339635
0,379.0648468001301
1,0
0,4.967530309602085
0,14.677121471845444
1,0
0,50.93839967961712
0,23.98141188597462
