state,recovery_time
1,0
1,0
1,0
1,0
1,0
1,0
1,0
1,0
1,0
1,0
1,0
1,0
1,0
1,0
1,0
1,0
1,0
1,0
1,0
1,0
1,0
1,0
1,0
1,0
1,0
1,0
1,0
1,0
1,0
1,0
0,22.44590742988985
1,0
1,0
1,0
1,0
1,0
0,395.726078313262
1,0
1,0
1,0
1,0
1,0
1,0
1,0
1,0
1,0
1,0
1,0
1,0
1,0
1,0
1,0
1,0
1,0
1,0
1,0
1,0
1,0
1,0
1,0
1,0
1,0
1,0
0,95.94531572523724
1,0
1,0
1,0
1,0
1,0
1,0
1,0
1,0
1,0
1,0
1,0
0,236.04336646663006
1,0
1,0
1,0
1,0
0,0.03334137781203726
1,0
0,6.650284408258264
1,0
1,0
1,0
1,0
1,0
1,0
1,0
1,0
1,0
0,567.0768612769308
1,0
1,0
1,0
