state,recovery_time
0,26.199517380134804
1,0
1,0
1,0
1,0
1,0
0,5248.005648986863
1,0
1,0
1,0
1,0
1,0
1,0
1,0
1,0
1,0
0,26.82767063266074
1,0
0,12.225377235281607
1,0
1,0
1,0
1,0
1,0
1,0
1,0
1,0
1,0
1,0
1,0
0,1.5006954291809556
1,0
1,0
1,0
1,0
1,0
1,0
1,0
1,0
1,0
1,0
1,0
1,0
1,0
1,0
1,0
1,0
1,0
1,0
1,0
1,0
1,0
1,0
1,0
1,0
1,0
0,15.967271317483547
1,0
0,86.95958751256804
0,6.72079899885236
0,505.03264481661284
1,0
0,5464.808638465719
1,0
1,0
0,233.86577807533828
1,0
1,0
1,0
1,0
1,0
1,0
1,0
1,0
1,0
1,0
1,0
1,0
1,0
1,0
1,0
1,0
1,0
1,0
1,0
1,0
1,0
1,0
1,0
1,0
1,0
1,0
1,0
1,0
1,0
1,0
