state,recovery_time
0,273.388184314685
0,25.57412006380532
1,0
1,0
1,0
1,0
1,0
1,0
1,0
0,75.64961865155884
