state,recovery_time
0,9.385405119311702
0,1.7421592525925906
1,0
0,195.0993368024882
0,1.2672464500568872
1,0
1,0
1,0
1,0
1,0
