state,recovery_time
1,0
1,0
1,0
1,0
0,4.958253023003126
1,0
1,0
1,0
0,0.334083206477718
0,53.56437048181322
