state,recovery_time
1,0
1,0
0,27.709195241157772
1,0
0,195.35338481983698
0,248.6069264797268
0,45.7363536611128
0,4.853567445174807
1,0
0,89.81353764616581
