state,recovery_time
1,0
0,13.666115871552758
0,0.5366110468856871
1,0
0,0.7484853727556824
0,710.2421735468612
1,0
0,384.8320925537971
1,0
1,0
