state,recovery_time
1,0
1,0
0,2800.40177279033
0,5.742937286088981
0,231.31892855587463
0,226.57422006222808
0,159.17792005847656
0,18.136280378447733
0,1209.1606236527496
0,6.784721731071369
1,0
0,24.239077570474503
0,4.354130882046427
0,366.17478305103367
0,846.6714348351315
0,491.42153583299887
0,50.63672365066126
1,0
0,963.1586156871864
1,0
1,0
0,181.5882779013429
0,21.693862984913373
0,9.728937636468448
0,5.834925239630246
0,0.7116948382832646
0,23.938593223280275
0,165.7639027421374
0,514.9983687438718
1,0
0,22.442225228745343
0,155.6842220336678
0,4.657550330056486
0,54.385500342458975
0,15.618804668664755
0,50.089336328112175
0,10.36604928578773
1,0
1,0
0,870.8597668804777
1,0
0,121.6461207412183
0,25.127956684481354
0,16.20759728297205
1,0
1,0
0,1.05986966086791
1,0
0,24.397334107188144
0,22.784365716880234
0,53.742836027252345
1,0
1,0
0,1148.2975120479286
1,0
