state,recovery_time
1,0
0,122.28000284942573
0,1.6694058705856831
0,2.0216560271422352
1,0
1,0
1,0
1,0
1,0
1,0
0,341.26509064976784
1,0
0,10.95389559638976
1,0
1,0
1,0
1,0
0,101.80293691460236
0,0.33530078578096406
0,415.5096632409476
1,0
1,0
1,0
0,245.10354102874186
1,0
0,0.024888981387952345
0,306.9390108031429
0,2.0544694066453006
1,0
0,23.607672565520964
1,0
1,0
0,0.8364965637536073
0,5.40096677123561
0,65.54035522478155
0,16.523446680951334
0,207.37271774056313
1,0
0,6.402273066522276
1,0
1,0
0,1.7008372935431357
0,9.44762910189232
1,0
1,0
1,0
0,53.229500159952046
0,2.127747235185603
1,0
0,0.38153439994174043
0,39.51862378696228
1,0
0,3748.1664498461237
0,18.43760861609527
1,0
0,81.96977681374302
0,8.440928795133784
0,157.05283798506935
1,0
0,64.25370343042499
0,44.78445740082493
1,0
1,0
1,0
1,0
1,0
1,0
1,0
0,207.66713272189807
0,10.1419264558549
1,0
0,5.69049495238258
0,140.80296962778496
0,3105.904562672448
0,1.3989213418925472
0,20.439244525867306
1,0
1,0
1,0
0,26.28907636334953
0,7.474293989206245
0,357.72390171565644
1,0
0,21.00240166547835
1,0
1,0
0,12.271737152858691
0,916.1206791305439
1,0
1,0
0,65.46457476439627
1,0
1,0
0,15.128705371543795
1,0
1,0
