state,recovery_time
0,11.861669876079828
1,0
0,2.1671713422114047
0,12.303827032980449
0,257.6881178204019
1,0
1,0
1,0
0,1.0538333016234167
1,0
