state,recovery_time
1,0
0,18.428730550165
1,0
0,137.1612266104468
1,0
0,21.08299489286848
1,0
0,132.65832966592117
0,8.013268653403939
1,0
