state,recovery_time
0,32.418394793867655
0,57.46414922621801
1,0
0,814.0155831777407
1,0
0,165.7835624343608
1,0
1,0
0,816.2594429650716
1,0
