state,recovery_time
1,0
1,0
1,0
0,4.128949222629513
1,0
1,0
0,37.12158883291232
1,0
1,0
1,0
1,0
0,2.914675899818759
0,31.795174433058435
1,0
1,0
1,0
1,0
1,0
1,0
1,0
1,0
1,0
1,0
1,0
1,0
1,0
1,0
1,0
1,0
1,0
1,0
1,0
1,0
1,0
1,0
1,0
1,0
1,0
1,0
0,0.6634927480237846
1,0
0,0.20264723668204637
1,0
1,0
1,0
1,0
1,0
0,112.8396215029517
1,0
1,0
1,0
1,0
1,0
1,0
1,0
1,0
1,0
1,0
0,319.77843929864764
1,0
1,0
0,9.415859260440342
1,0
1,0
0,0.21524012801896641
1,0
1,0
1,0
0,234.67309211211403
1,0
1,0
0,1.302404051686873
1,0
1,0
1,0
1,0
0,68.77404719677388
1,0
1,0
0,228.5390227424672
1,0
0,19586.823262506405
1,0
1,0
1,0
1,0
1,0
1,0
1,0
1,0
1,0
1,0
1,0
1,0
1,0
1,0
