state,recovery_time
1,0
1,0
1,0
1,0
1,0
1,0
1,0
1,0
1,0
1,0
1,0
1,0
1,0
1,0
1,0
1,0
1,0
1,0
1,0
1,0
1,0
1,0
1,0
1,0
1,0
1,0
1,0
1,0
1,0
1,0
1,0
1,0
1,0
1,0
1,0
1,0
1,0
1,0
1,0
1,0
1,0
1,0
1,0
0,30.98881859655975
1,0
1,0
1,0
1,0
0,1685.2037845962727
0,3.7607650849724186
1,0
0,6829.16459744181
1,0
1,0
1,0
1,0
1,0
1,0
1,0
1,0
0,1.9141894561246595
1,0
1,0
1,0
1,0
1,0
0,158.2875772501193
1,0
1,0
0,120.99202665865654
1,0
0,6.457596953986418
1,0
1,0
1,0
1,0
1,0
1,0
0,0.03583654309584185
1,0
1,0
1,0
1,0
1,0
0,0.6467004705103141
1,0
1,0
1,0
1,0
1,0
1,0
0,38.385739622025625
0,115.40125713154661
0,20.35510150007611
1,0
1,0
