state,recovery_time
0,0.504237444137802
0,955.2358112954723
1,0
1,0
1,0
0,40.73527564097351
0,72.20445990872695
0,4.236961931787354
1,0
1,0
