state,recovery_time
1,0
0,1.330028933740007
0,281.8450265153185
0,18.04266108672963
0,201.76429195433246
0,9.458299863548515
1,0
1,0
1,0
1,0
