state,recovery_time
0,3147.4190359194213
1,0
0,3.7155880279114775
1,0
1,0
0,68.59654969417215
0,1034.45129313861
1,0
0,140.7580676382239
1,0
