state,recovery_time
1,0
0,32.9341951784678
1,0
1,0
0,1.2881071966758104
1,0
0,3.9931738057604806
0,2.0724247001653167
0,180.33435554226216
1,0
