state,recovery_time
1,0
1,0
0,0.2713426784316095
1,0
1,0
1,0
1,0
1,0
1,0
1,0
1,0
1,0
1,0
1,0
1,0
1,0
1,0
1,0
1,0
1,0
1,0
1,0
1,0
1,0
1,0
1,0
1,0
1,0
1,0
1,0
1,0
1,0
1,0
1,0
1,0
0,46.17554025303516
1,0
1,0
1,0
1,0
1,0
1,0
1,0
1,0
1,0
1,0
1,0
1,0
1,0
1,0
1,0
0,1848.441716664282
1,0
0,1.3992254842623997
1,0
1,0
1,0
1,0
0,70.31695331919948
1,0
1,0
0,84.55473896897793
1,0
1,0
0,0.30391334513772245
1,0
1,0
1,0
1,0
1,0
1,0
0,1.6529941397206447
1,0
1,0
1,0
1,0
1,0
1,0
1,0
1,0
1,0
1,0
0,132.77078622602187
1,0
1,0
1,0
1,0
1,0
1,0
1,0
1,0
1,0
1,0
1,0
1,0
1,0
