state,recovery_time
1,0
1,0
1,0
1,0
1,0
1,0
1,0
1,0
1,0
0,17.02824987332067
1,0
1,0
1,0
1,0
1,0
1,0
1,0
1,0
1,0
1,0
0,53.76698050501243
1,0
1,0
1,0
1,0
0,1.1225300115127967
1,0
1,0
0,1.672601891212276
1,0
1,0
0,19.668413758197755
0,2.4484890180902483
1,0
1,0
1,0
1,0
1,0
1,0
1,0
1,0
1,0
1,0
1,0
1,0
1,0
1,0
1,0
1,0
0,3131.5914956356833
1,0
0,122.11022045419817
1,0
1,0
1,0
1,0
1,0
1,0
1,0
1,0
0,45.89698464078527
1,0
1,0
1,0
1,0
1,0
1,0
1,0
1,0
1,0
1,0
1,0
1,0
1,0
0,190.90979374836203
1,0
1,0
1,0
1,0
1,0
1,0
0,17.110096542470718
1,0
1,0
1,0
1,0
1,0
0,3.778894725114569
1,0
1,0
1,0
1,0
1,0
1,0
1,0
1,0
