state,recovery_time
0,13.455080533366448
1,0
1,0
1,0
1,0
1,0
1,0
1,0
1,0
1,0
1,0
1,0
1,0
1,0
0,140.55644783123913
1,0
1,0
1,0
1,0
1,0
1,0
1,0
1,0
1,0
1,0
1,0
1,0
1,0
1,0
1,0
1,0
1,0
1,0
1,0
1,0
1,0
1,0
1,0
1,0
1,0
0,44.4947262489721
1,0
1,0
1,0
0,68.2917556167971
1,0
1,0
1,0
0,1374.8327586892697
0,49.12989954148031
1,0
1,0
1,0
1,0
1,0
1,0
1,0
1,0
1,0
1,0
1,0
1,0
0,92.42339689026126
1,0
1,0
1,0
1,0
1,0
0,394.5577843875402
1,0
0,0.8616874307917279
1,0
1,0
1,0
1,0
1,0
1,0
1,0
1,0
1,0
0,24.53367055429378
0,29.43718303999124
1,0
1,0
1,0
0,63.77688763430093
1,0
1,0
1,0
1,0
1,0
1,0
1,0
1,0
1,0
0,0.19181295185570177
