state,recovery_time
1,0
1,0
1,0
1,0
0,1.2482105758729274
1,0
1,0
1,0
1,0
1,0
0,23.72245033226116
1,0
1,0
1,0
1,0
1,0
1,0
0,1232.7942535186473
1,0
1,0
1,0
1,0
1,0
0,9.045854171185157
1,0
1,0
1,0
1,0
1,0
1,0
1,0
1,0
1,0
1,0
0,47.50729513748532
1,0
1,0
1,0
0,0.36349983933575
1,0
1,0
1,0
1,0
1,0
1,0
1,0
1,0
1,0
1,0
1,0
0,0.3213993365605119
1,0
1,0
1,0
1,0
1,0
1,0
1,0
1,0
1,0
1,0
0,5.788093925338109
0,9.96120337911374
1,0
1,0
1,0
1,0
1,0
1,0
1,0
1,0
1,0
1,0
1,0
1,0
1,0
1,0
1,0
0,1.232384691073856
1,0
1,0
1,0
1,0
1,0
1,0
1,0
1,0
1,0
1,0
1,0
1,0
1,0
1,0
0,3.227066745160844
1,0
1,0
