state,recovery_time
1,0
0,224.3132580419616
0,6.9188186663455165
0,457.3028631249139
1,0
1,0
0,23.28860163135839
1,0
0,125.26321393370054
1,0
