state,recovery_time
1,0
1,0
1,0
1,0
1,0
1,0
1,0
1,0
1,0
0,1.0625818120920933
0,40.26025969150484
1,0
1,0
0,35.19551109888742
0,2.527330563573189
0,123.00421285319271
1,0
1,0
1,0
1,0
1,0
1,0
1,0
1,0
1,0
1,0
1,0
1,0
1,0
1,0
1,0
1,0
1,0
1,0
1,0
0,76.56211742909662
1,0
1,0
1,0
1,0
1,0
0,35.46839495724536
1,0
1,0
1,0
1,0
1,0
1,0
0,186.31607490016208
0,29.054303754076727
1,0
1,0
1,0
1,0
1,0
1,0
1,0
1,0
1,0
1,0
1,0
1,0
1,0
1,0
1,0
1,0
1,0
1,0
1,0
1,0
1,0
1,0
1,0
0,10.668048836511197
1,0
1,0
0,276.68401024015094
1,0
1,0
1,0
1,0
1,0
1,0
1,0
1,0
1,0
1,0
1,0
1,0
1,0
1,0
1,0
0,20.653981550734066
1,0
1,0
1,0
