state,recovery_time
0,2.5129097331603956
1,0
0,48.71254079847066
0,24.428779384357018
1,0
1,0
0,216.56612112047736
1,0
1,0
0,483.07631812918163
