state,recovery_time
1,0
1,0
1,0
1,0
0,0.7370928279587642
0,2752.427501802058
1,0
1,0
1,0
1,0
1,0
0,18.265919867416763
1,0
1,0
1,0
1,0
0,1709.0695049348951
1,0
1,0
1,0
1,0
1,0
1,0
1,0
1,0
0,101.87850007000777
1,0
1,0
1,0
1,0
1,0
1,0
1,0
1,0
1,0
1,0
0,94.17586103883475
1,0
1,0
1,0
0,91.62132185714964
1,0
0,730.2116969315472
1,0
1,0
1,0
1,0
1,0
1,0
1,0
1,0
1,0
0,27.364579602114162
1,0
1,0
