state,recovery_time
0,83.25954350298197
1,0
0,810.596103643275
0,9.448018760149631
0,15.096224584592688
1,0
1,0
0,79.55235705059688
1,0
1,0
