state,recovery_time
0,8.38117122400231
1,0
0,11.576425763673027
1,0
1,0
0,129.68632595621634
0,609.0191795369557
0,19.65702873809637
1,0
1,0
