state,recovery_time
0,150.49010831687588
0,6.491517246875166
1,0
0,82.0469614950907
1,0
1,0
1,0
0,1.3606525147961004
0,8.806785604413022
1,0
