state,recovery_time
1,0
0,4.7956509463721915
1,0
1,0
0,1101.8876848315426
1,0
0,6067.192892683576
1,0
0,7.673496039300073
0,26.11380566356952
