state,recovery_time
1,0
0,22.4680280762984
0,4.19251773926301
1,0
1,0
1,0
0,8.461191693102213
0,9.649680290838203
0,48.34033231736686
1,0
