state,recovery_time
0,4.1452399642622995
0,171.66014369414518
0,73.07903771198244
0,7.520348152617623
1,0
0,608.888997214108
0,15.544902148643496
0,997.8645488462072
0,183.15138696250176
1,0
0,4.417647750595295
0,98.54351149567486
0,0.3271393521432087
0,4.370789887059756
0,13.044702732587584
0,14.166220823111358
0,24.240472091658305
0,95.78232996210161
0,2.0728226931550275
0,56.15744710302812
0,19.123655112099588
0,421.78091713044387
0,38.636648870898846
0,18.837383930003572
0,150.52761750651234
0,2.6650771128482695
0,122.45383447185243
0,28.459688446393777
0,3.718815075603924
0,55.284478120268425
0,346.4745118414644
0,105.29403112870395
0,33.71850742048084
0,3.35380804775488
0,10988.627314197804
1,0
0,1.7554867956332696
0,577.3196252740923
0,9.189413338559675
1,0
0,2.0746892422802747
0,72.72864389719982
0,90.57650049069278
0,3.6710247510201675
0,119.13517590840755
1,0
1,0
1,0
0,3.9403458149917516
0,0.13113733722725582
0,4278.842638614351
0,0.9571250796295964
1,0
1,0
0,1.2420424273053436
