state,recovery_time
1,0
1,0
1,0
1,0
0,3.0377782534117324
1,0
1,0
1,0
1,0
1,0
1,0
1,0
1,0
1,0
1,0
0,19.211496377424652
1,0
0,1417.4663147537808
1,0
1,0
0,2625.1027488865593
1,0
1,0
0,98.19764820479726
0,7.976950348561167
1,0
1,0
1,0
1,0
1,0
1,0
1,0
1,0
1,0
1,0
1,0
1,0
1,0
1,0
1,0
1,0
1,0
1,0
1,0
1,0
1,0
1,0
1,0
1,0
1,0
1,0
1,0
1,0
1,0
1,0
1,0
1,0
1,0
1,0
1,0
1,0
0,48.7202397603291
1,0
1,0
1,0
1,0
1,0
1,0
1,0
0,6.60810207362321
0,1.2024777528657353
1,0
1,0
1,0
1,0
1,0
1,0
1,0
1,0
1,0
1,0
1,0
1,0
1,0
1,0
1,0
1,0
1,0
0,126.42633469278623
1,0
1,0
1,0
1,0
1,0
1,0
1,0
