state,recovery_time
1,0
1,0
1,0
0,5.086570110790918
1,0
1,0
1,0
1,0
0,33.702438522355564
0,9.314518637707613
1,0
1,0
1,0
1,0
1,0
1,0
1,0
1,0
1,0
1,0
1,0
1,0
1,0
1,0
0,5.546401580255875
1,0
1,0
0,5.519694960600312
1,0
1,0
1,0
1,0
1,0
1,0
1,0
1,0
1,0
1,0
1,0
1,0
1,0
1,0
1,0
1,0
1,0
1,0
1,0
1,0
1,0
1,0
0,23.315238776350913
1,0
0,495.51012658929017
1,0
1,0
1,0
1,0
1,0
1,0
0,18.850468836935825
1,0
1,0
1,0
1,0
1,0
1,0
0,131.16364969521808
1,0
1,0
1,0
1,0
1,0
0,62.287987061108716
0,3.072360500708523
1,0
0,2918.161805305045
1,0
1,0
1,0
1,0
1,0
1,0
1,0
1,0
1,0
0,1102.8755150509417
0,82.21053903995332
1,0
1,0
0,132.68566421756353
1,0
1,0
1,0
1,0
0,4.104223445488614
1,0
