state,recovery_time
1,0
1,0
1,0
1,0
1,0
1,0
1,0
1,0
1,0
1,0
1,0
0,2168.65800129191
1,0
1,0
1,0
1,0
1,0
1,0
1,0
1,0
1,0
1,0
1,0
0,114.6349388989143
1,0
1,0
1,0
1,0
1,0
0,5.2712815087895475
0,3.5047262474203222
1,0
0,50.035484196834375
1,0
1,0
1,0
1,0
1,0
1,0
1,0
1,0
1,0
0,31.909311782606398
1,0
0,197.69820084993106
1,0
0,352.2075490212922
1,0
1,0
1,0
0,461.31515025414427
0,490.2509034632644
1,0
1,0
1,0
1,0
1,0
0,244.5815992011972
1,0
1,0
1,0
1,0
0,234.6516123581128
1,0
0,1.3108119360426855
1,0
1,0
1,0
1,0
1,0
1,0
1,0
1,0
0,17.467652218771303
1,0
1,0
0,2.8053029264688223
1,0
1,0
1,0
1,0
1,0
1,0
1,0
1,0
0,367.55522899363785
1,0
1,0
1,0
1,0
1,0
1,0
1,0
1,0
1,0
1,0
