state,recovery_time
0,37.8640050462834
1,0
1,0
1,0
1,0
0,65.14363695425446
1,0
1,0
0,1387.313966517284
0,2.738775656890321
0,31.548344422133635
1,0
0,52.43820833979165
1,0
1,0
1,0
0,3.0631533798354345
1,0
1,0
0,97.17818109134171
0,72.31158124715513
0,97.26160641927024
0,73.15175369438712
0,685.3386811709096
1,0
1,0
1,0
1,0
1,0
1,0
1,0
1,0
1,0
1,0
1,0
1,0
1,0
1,0
1,0
1,0
1,0
1,0
0,9.32549755986167
1,0
1,0
0,205.67055191375547
1,0
0,1337.46054476955
1,0
1,0
1,0
1,0
1,0
1,0
1,0
