state,recovery_time
1,0
0,404.23065507924406
1,0
1,0
1,0
0,0.41447283078010005
0,2.4031609793714597
0,1.8196586730720554
1,0
1,0
