state,recovery_time
0,15.626516852857884
0,59.016971856152544
1,0
1,0
1,0
1,0
1,0
0,10.76440980275451
0,28.757017600464184
1,0
