state,recovery_time
0,41.879444245674435
1,0
1,0
0,1.9807391053018002
1,0
1,0
1,0
1,0
0,547.6530156627462
0,65.3361148814506
