state,recovery_time
1,0
1,0
0,54.79001073539928
0,5299.349449022551
0,49.706014637571954
0,415.02854933252877
1,0
1,0
1,0
1,0
