state,recovery_time
0,214.60295610074968
1,0
0,12.449439949471786
1,0
1,0
1,0
1,0
0,156.6031716357224
0,79.7748635791496
1,0
