state,recovery_time
1,0
1,0
1,0
1,0
1,0
1,0
1,0
1,0
1,0
1,0
1,0
1,0
1,0
1,0
1,0
1,0
0,18.44201912690667
1,0
1,0
0,2.429645435536197
1,0
0,353.3821568524401
1,0
0,16.400811913302523
1,0
1,0
1,0
1,0
0,417.10611657858306
1,0
1,0
0,7.63957073038376
1,0
1,0
1,0
0,14.034116245313461
1,0
1,0
1,0
1,0
1,0
1,0
1,0
0,2.3002498100851034
1,0
1,0
1,0
1,0
1,0
1,0
1,0
1,0
1,0
1,0
1,0
1,0
0,8.673307396094115
1,0
1,0
1,0
1,0
1,0
1,0
1,0
1,0
1,0
1,0
1,0
1,0
1,0
1,0
1,0
1,0
1,0
1,0
0,6.525192031305586
1,0
1,0
1,0
1,0
1,0
1,0
0,0.752882063629201
1,0
1,0
1,0
0,1094.6233595277326
1,0
1,0
1,0
1,0
1,0
1,0
1,0
0,87.31800590632403
1,0
