state,recovery_time
1,0
1,0
1,0
1,0
0,8.898453889383504
1,0
1,0
0,1259.6848614832932
1,0
1,0
1,0
1,0
1,0
1,0
1,0
1,0
1,0
1,0
1,0
1,0
1,0
1,0
0,485.54010804720974
1,0
0,123.3662353148916
1,0
1,0
1,0
1,0
1,0
0,18.773485533615116
1,0
1,0
1,0
1,0
1,0
1,0
1,0
1,0
1,0
0,71.02038340943028
0,770.5800255697296
1,0
1,0
1,0
1,0
1,0
1,0
1,0
1,0
1,0
1,0
0,47.80402649086381
1,0
1,0
1,0
1,0
1,0
0,50.38588496247026
1,0
1,0
1,0
1,0
1,0
1,0
1,0
1,0
1,0
0,869.55241161438
0,1359.9670689887614
0,57.49225935803894
1,0
1,0
1,0
1,0
1,0
1,0
1,0
1,0
1,0
0,2.282332947679298
1,0
1,0
1,0
1,0
1,0
1,0
1,0
1,0
1,0
1,0
1,0
1,0
1,0
1,0
1,0
