state,recovery_time
1,0
1,0
1,0
1,0
1,0
1,0
1,0
1,0
1,0
1,0
1,0
1,0
1,0
1,0
1,0
1,0
1,0
1,0
0,20.170545031539724
1,0
1,0
1,0
1,0
1,0
1,0
1,0
0,47.551884066215855
1,0
1,0
0,10.531352987235177
1,0
1,0
1,0
1,0
0,127.26437790076498
1,0
1,0
0,2357.876656090342
1,0
1,0
1,0
1,0
1,0
1,0
1,0
1,0
1,0
1,0
1,0
0,74.41577298346411
1,0
1,0
1,0
1,0
1,0
