state,recovery_time
1,0
1,0
1,0
1,0
0,408.7706494557643
1,0
1,0
0,324.60939467804695
1,0
1,0
