state,recovery_time
1,0
1,0
1,0
1,0
1,0
0,46.7851143468624
1,0
1,0
1,0
0,19.81982789851786
