state,recovery_time
1,0
0,3.5812332867533456
1,0
1,0
1,0
1,0
0,1.240130963810872
1,0
1,0
1,0
