state,recovery_time
1,0
1,0
1,0
0,15.237206748449944
1,0
1,0
1,0
0,13448.856223457286
1,0
1,0
