state,recovery_time
1,0
1,0
1,0
1,0
1,0
0,0.7456635054477717
1,0
1,0
0,57.0355530212244
1,0
