state,recovery_time
0,14.607689315270289
1,0
0,113.59334522238017
1,0
1,0
1,0
1,0
0,5.324168260505967
1,0
1,0
1,0
1,0
0,0.20391315579411368
1,0
1,0
0,68.6690153214187
1,0
1,0
1,0
0,40.93574233387922
1,0
1,0
1,0
1,0
1,0
1,0
1,0
1,0
1,0
1,0
1,0
1,0
1,0
1,0
1,0
1,0
1,0
1,0
1,0
1,0
1,0
1,0
1,0
1,0
1,0
1,0
1,0
1,0
1,0
1,0
1,0
1,0
1,0
1,0
1,0
