state,recovery_time
1,0
1,0
1,0
1,0
1,0
1,0
1,0
1,0
0,113.09816398316319
0,2.4034439212539973
1,0
1,0
1,0
1,0
1,0
1,0
1,0
1,0
1,0
1,0
1,0
0,14.168015363372525
1,0
1,0
0,1795.0259758616528
1,0
1,0
1,0
1,0
1,0
1,0
1,0
1,0
1,0
1,0
1,0
1,0
1,0
1,0
1,0
1,0
1,0
1,0
0,5.5641337076704085
0,5.8173768871845155
1,0
1,0
1,0
1,0
1,0
1,0
1,0
1,0
1,0
1,0
0,2.535704076735118
0,1.656752251275633
1,0
1,0
1,0
0,90.40511292842561
1,0
1,0
1,0
1,0
1,0
1,0
1,0
1,0
1,0
1,0
1,0
1,0
0,0.44617041882156117
1,0
1,0
1,0
0,238.23983260044025
1,0
0,10.304727597885021
1,0
1,0
1,0
1,0
1,0
1,0
1,0
1,0
1,0
1,0
0,621.5136593754041
1,0
1,0
1,0
1,0
1,0
