state,recovery_time
1,0
0,27.183591107646656
0,3.9406977616008483
1,0
1,0
1,0
1,0
1,0
1,0
1,0
