state,recovery_time
0,2070.4328555750167
1,0
1,0
1,0
1,0
1,0
1,0
1,0
1,0
0,135.26325805822833
