state,recovery_time
1,0
0,164.88346009696144
1,0
1,0
1,0
1,0
1,0
0,2506.3877995110893
1,0
1,0
