state,recovery_time
1,0
0,90.70090976818494
1,0
1,0
1,0
1,0
0,3.471223433772542
0,122.31865366405182
1,0
1,0
