state,recovery_time
1,0
1,0
0,1261.4281892276385
0,566.0777102964322
1,0
1,0
1,0
0,0.0891474190223802
0,1.0027490592374437
0,3422.8874608776464
