state,recovery_time
1,0
1,0
1,0
1,0
1,0
1,0
1,0
1,0
0,5137.384689638008
1,0
0,582.6310501256844
1,0
1,0
0,97.6107339039792
1,0
1,0
1,0
1,0
1,0
1,0
0,1.696886030562431
1,0
1,0
1,0
1,0
1,0
1,0
1,0
1,0
1,0
1,0
1,0
1,0
1,0
1,0
1,0
0,103.09592085327279
0,0.9481023416989593
0,55.758576140126124
1,0
1,0
1,0
1,0
0,181.33533941840972
1,0
1,0
1,0
1,0
1,0
1,0
1,0
1,0
0,1263.85132484312
1,0
0,4.354834185401098
