state,recovery_time
1,0
1,0
0,0.008081191789032558
0,135.1709166409155
1,0
1,0
1,0
1,0
1,0
1,0
1,0
1,0
0,199.82222563124313
1,0
0,73.05801393466048
1,0
1,0
1,0
1,0
1,0
1,0
1,0
1,0
1,0
1,0
1,0
1,0
1,0
1,0
1,0
1,0
1,0
1,0
0,0.5868721261571181
0,3.5452755122694604
1,0
1,0
0,3.688637092571248
1,0
1,0
1,0
1,0
1,0
1,0
0,2954.456464532603
1,0
1,0
1,0
1,0
1,0
1,0
1,0
1,0
1,0
1,0
0,61.60076493407728
1,0
1,0
0,216.95697401755646
0,94.52980617045343
1,0
1,0
0,2.5791569882709573
1,0
1,0
1,0
1,0
1,0
1,0
1,0
1,0
1,0
0,971.6845420531447
1,0
1,0
0,460.81545436295096
1,0
1,0
1,0
1,0
0,442.3457715006233
1,0
1,0
1,0
1,0
1,0
1,0
1,0
0,1.5923489505262263
1,0
1,0
1,0
1,0
1,0
1,0
1,0
