state,recovery_time
1,0
1,0
0,3.797256319440989
1,0
1,0
1,0
1,0
1,0
1,0
1,0
1,0
1,0
1,0
1,0
1,0
1,0
1,0
1,0
1,0
1,0
1,0
1,0
1,0
0,0.4262246482219962
1,0
1,0
0,23.60357331032259
1,0
1,0
1,0
1,0
1,0
1,0
1,0
1,0
1,0
0,1.4375929363882165
0,37.39119973217258
0,43.584416315507326
1,0
1,0
0,484.8066517091756
0,0.0165605012298975
1,0
1,0
1,0
1,0
1,0
0,8.369731347700215
1,0
1,0
1,0
1,0
0,66.97481804386167
1,0
1,0
1,0
1,0
1,0
1,0
0,2.4278656047158567
1,0
1,0
1,0
1,0
1,0
1,0
1,0
1,0
1,0
1,0
1,0
1,0
1,0
1,0
1,0
1,0
1,0
1,0
1,0
1,0
0,505.6942370968736
1,0
0,121.75475184248971
1,0
1,0
1,0
1,0
1,0
1,0
0,227.5922204614108
0,1536.7167674807038
1,0
0,1.8546625837622046
1,0
1,0
