state,recovery_time
0,103.60705516758154
1,0
1,0
1,0
1,0
1,0
1,0
1,0
1,0
1,0
1,0
1,0
1,0
1,0
1,0
1,0
1,0
1,0
1,0
1,0
1,0
1,0
1,0
1,0
1,0
1,0
0,8.914361197140348
1,0
1,0
0,1.7918031349216617
1,0
1,0
1,0
0,16.445113143142784
1,0
0,5.931967417512445
0,7.1593234275236135
0,15.838899928053328
1,0
1,0
1,0
0,134.4916245852076
0,1336.2384018941448
0,1174.5340948114315
0,74.42687750846486
0,8.577633068425802
1,0
1,0
1,0
1,0
1,0
1,0
1,0
1,0
1,0
1,0
1,0
1,0
1,0
1,0
0,701.7929000117529
1,0
1,0
1,0
1,0
1,0
1,0
0,43.66202236746598
1,0
1,0
1,0
0,5.907011388782175
1,0
1,0
1,0
1,0
1,0
1,0
1,0
0,6.454936035804024
1,0
1,0
1,0
1,0
1,0
1,0
0,33.495023585636716
1,0
1,0
0,40.28197500356961
1,0
1,0
0,7293.616982537024
1,0
0,13.976454883443594
1,0
