state,recovery_time
1,0
1,0
1,0
1,0
0,4.891512543919377
1,0
1,0
1,0
1,0
0,911.8700213916464
