state,recovery_time
0,157.03175902714796
1,0
0,6.7085585739014775
1,0
1,0
0,48.99804282224193
1,0
1,0
1,0
1,0
