state,recovery_time
0,0.13247383937601462
1,0
1,0
1,0
1,0
1,0
1,0
0,4534.108694829132
1,0
1,0
