state,recovery_time
0,14.866408196538451
1,0
0,1.4002837580902445
1,0
0,78.43329953635882
1,0
1,0
1,0
1,0
1,0
