state,recovery_time
1,0
1,0
1,0
1,0
1,0
0,2490.1701411152635
1,0
0,15.545450095829052
1,0
0,4.5717845207472365
