state,recovery_time
1,0
1,0
0,2080.6734656958697
1,0
1,0
1,0
1,0
0,2.4245776054413906
1,0
1,0
