state,recovery_time
1,0
1,0
1,0
0,23.31016417837476
1,0
1,0
1,0
1,0
0,245.03788216190478
1,0
