state,recovery_time
1,0
1,0
1,0
1,0
1,0
1,0
1,0
1,0
0,70.78584732159678
0,2.82364519403387
