state,recovery_time
1,0
1,0
1,0
1,0
1,0
1,0
1,0
1,0
1,0
1,0
0,1.9934788403342654
1,0
1,0
1,0
1,0
0,12.809011852270567
0,35.49223086416944
0,5.977316290214645
1,0
1,0
1,0
1,0
1,0
1,0
1,0
1,0
1,0
1,0
0,65.15395553572009
0,26.469073224888817
1,0
1,0
0,37.11140317300283
1,0
0,4.497603452385941
1,0
1,0
1,0
1,0
0,578.7080668128434
1,0
0,15.054247587311126
1,0
1,0
1,0
1,0
1,0
1,0
0,23.823536848761705
0,1911.5817156920066
0,326.66926358988303
1,0
1,0
1,0
1,0
