state,recovery_time
0,212.60791868603297
1,0
1,0
1,0
0,74.01046498128747
1,0
1,0
1,0
1,0
1,0
1,0
1,0
1,0
0,1.2206345328088861
0,1.0063458811443586
1,0
0,267.8578727704714
1,0
1,0
1,0
0,100.11623324518413
1,0
1,0
1,0
1,0
1,0
1,0
0,97.57597138343289
1,0
0,382.29587992830665
0,20.16763040080024
1,0
1,0
1,0
1,0
1,0
0,126.68716028468583
1,0
1,0
0,29.686284396832313
1,0
1,0
1,0
1,0
1,0
1,0
1,0
1,0
1,0
1,0
1,0
0,5.553109696115882
0,431.16450760629857
1,0
1,0
