state,recovery_time
1,0
1,0
1,0
1,0
1,0
1,0
1,0
1,0
1,0
1,0
1,0
1,0
0,121.16200738323518
1,0
1,0
1,0
1,0
1,0
1,0
1,0
1,0
1,0
1,0
0,16.925222778226193
1,0
1,0
0,18.832777622301332
1,0
1,0
1,0
1,0
1,0
1,0
1,0
1,0
1,0
1,0
1,0
1,0
1,0
1,0
1,0
1,0
1,0
1,0
0,1.0288586118258485
1,0
1,0
0,27.320249958912072
1,0
1,0
1,0
1,0
1,0
1,0
0,0.5369560519518303
1,0
1,0
1,0
1,0
1,0
1,0
1,0
1,0
1,0
0,60.97853981865509
1,0
1,0
1,0
1,0
1,0
1,0
1,0
0,431.11313958280715
1,0
1,0
1,0
1,0
1,0
0,2.2384829877138954
1,0
1,0
1,0
1,0
1,0
1,0
0,46.3316999047203
1,0
1,0
1,0
1,0
1,0
1,0
1,0
1,0
1,0
