state,recovery_time
1,0
1,0
1,0
1,0
1,0
1,0
1,0
1,0
1,0
1,0
1,0
1,0
1,0
1,0
1,0
1,0
0,11.112588543750338
1,0
1,0
1,0
1,0
1,0
1,0
1,0
1,0
1,0
1,0
1,0
1,0
1,0
1,0
1,0
1,0
1,0
1,0
1,0
1,0
1,0
0,78.15895911998145
0,15.40575357540837
1,0
1,0
0,39.130433200328376
1,0
1,0
1,0
1,0
1,0
1,0
1,0
0,865.3412259893977
0,771.3354414575967
1,0
1,0
1,0
1,0
1,0
1,0
1,0
1,0
1,0
0,594.0809363605317
1,0
1,0
1,0
1,0
1,0
1,0
1,0
1,0
1,0
1,0
1,0
1,0
1,0
1,0
1,0
1,0
1,0
0,48.19106995921687
1,0
1,0
0,10.629911795919048
0,1.716147532948288
1,0
1,0
1,0
1,0
1,0
1,0
1,0
1,0
1,0
1,0
1,0
1,0
