state,recovery_time
0,56.82215400863116
1,0
1,0
0,6.008394542270431
1,0
1,0
1,0
1,0
1,0
1,0
