state,recovery_time
1,0
0,8.09128032254566
1,0
1,0
1,0
1,0
1,0
1,0
1,0
0,13.407825453162129
