state,recovery_time
1,0
1,0
1,0
1,0
1,0
1,0
0,5953.829770667011
1,0
0,994.245830614966
1,0
1,0
1,0
1,0
0,1.062688033072856
1,0
1,0
1,0
1,0
1,0
1,0
1,0
0,5.935068339495346
1,0
1,0
1,0
1,0
1,0
1,0
1,0
1,0
1,0
0,4.3724869371974036
1,0
0,25.22860883801686
1,0
1,0
1,0
1,0
1,0
0,91.87652064893818
1,0
1,0
1,0
1,0
1,0
1,0
1,0
1,0
1,0
1,0
1,0
1,0
1,0
1,0
0,11.37033131560347
1,0
1,0
0,2.55159330498892
1,0
0,1.32886873622981
1,0
1,0
1,0
1,0
1,0
1,0
1,0
1,0
1,0
1,0
1,0
1,0
1,0
0,2005.014480260196
1,0
1,0
1,0
0,12089.557456405011
1,0
1,0
1,0
1,0
1,0
1,0
1,0
1,0
1,0
1,0
1,0
1,0
1,0
1,0
1,0
1,0
1,0
1,0
