time,load_shed,perc_load_served,num_lines_out
0.0,0.0,1.0,0.0
10.0,1069.365282873704,0.8290172758479135,1.0
13.041485101869734,0.0,1.0,0.0
