state,recovery_time
1,0
1,0
1,0
1,0
0,16150.123531955987
1,0
1,0
1,0
1,0
0,0.5815961393709055
