state,recovery_time
1,0
1,0
1,0
1,0
1,0
1,0
0,111.35801439508813
0,0.10017764790732724
1,0
1,0
