state,recovery_time
1,0
1,0
1,0
0,477.15203310368963
1,0
1,0
1,0
0,119.09653593098986
1,0
1,0
