state,recovery_time
0,159.4853868638698
1,0
1,0
1,0
1,0
0,17.99618312026836
1,0
1,0
1,0
1,0
