state,recovery_time
1,0
1,0
1,0
0,214.61001226572733
0,51.1115780861527
1,0
1,0
1,0
1,0
1,0
