state,recovery_time
1.0,0.0
1.0,0.0
0.0,6.14643932257658
1.0,0.0
1.0,0.0
1.0,0.0
1.0,0.0
0.0,30.297555385282482
1.0,0.0
1.0,0.0
0.0,10.112089135550711
