state,recovery_time
1.0,0.0
1.0,0.0
1.0,0.0
1.0,0.0
1.0,0.0
0.0,962.3323839571623
1.0,0.0
1.0,0.0
0.0,36.04337818506499
0.0,186.0877637450894
1.0,0.0
