state,recovery_time
0.0,2.8311911200299096
1.0,0.0
1.0,0.0
0.0,20.035189827659263
0.0,2.7398969502850186
1.0,0.0
0.0,13.789575942983035
0.0,6.740742987961308
1.0,0.0
1.0,0.0
1.0,0.0
