state,recovery_time
0.0,26.16158718960186
0.0,229.04176896486035
0.0,3351.7422956519345
0.0,20.448606293313603
0.0,682.9076038298172
0.0,59.73000718240806
0.0,1117.7671520365648
0.0,629.090820632851
0.0,14494.507955112045
0.0,0.9424814316964136
1.0,0.0
