state,recovery_time
0.0,46.093655918719264
1.0,0.0
0.0,0.521356818170547
1.0,0.0
1.0,0.0
1.0,0.0
1.0,0.0
1.0,0.0
1.0,0.0
1.0,0.0
1.0,0.0
