state,recovery_time
1.0,0.0
1.0,0.0
1.0,0.0
1.0,0.0
0.0,1.686832639649575
1.0,0.0
1.0,0.0
1.0,0.0
1.0,0.0
0.0,1.282122385701124
1.0,0.0
