state,recovery_time
1.0,0.0
0.0,962.7490964756456
1.0,0.0
1.0,0.0
1.0,0.0
1.0,0.0
1.0,0.0
1.0,0.0
0.0,1159.855096193344
0.0,23.95926169615147
1.0,0.0
