state,recovery_time
1.0,0.0
1.0,0.0
0.0,48.73164638692269
1.0,0.0
1.0,0.0
0.0,291.15903649983005
1.0,0.0
1.0,0.0
1.0,0.0
1.0,0.0
1.0,0.0
