state,recovery_time
0.0,844.1083459907805
1.0,0.0
1.0,0.0
0.0,17.719860862119617
1.0,0.0
1.0,0.0
1.0,0.0
1.0,0.0
1.0,0.0
1.0,0.0
1.0,0.0
