state,recovery_time
1.0,0.0
1.0,0.0
1.0,0.0
1.0,0.0
0.0,1.177471657174563
1.0,0.0
1.0,0.0
0.0,0.6960715477527392
0.0,6.840773407054376
1.0,0.0
1.0,0.0
