state,recovery_time
0.0,0.24007967770454838
0.0,10.39683777576635
0.0,143.10994554654704
1.0,0.0
1.0,0.0
1.0,0.0
1.0,0.0
1.0,0.0
1.0,0.0
0.0,1.0812101230170397
1.0,0.0
