state,recovery_time
0.0,273.15768688964
1.0,0.0
0.0,94.55284212031484
1.0,0.0
0.0,444.80161478159465
1.0,0.0
1.0,0.0
1.0,0.0
0.0,32.955891210808396
0.0,2.171149356404813
1.0,0.0
