state,recovery_time
1.0,0.0
1.0,0.0
0.0,29.617196668963334
0.0,4.762706868333961
1.0,0.0
1.0,0.0
1.0,0.0
1.0,0.0
1.0,0.0
1.0,0.0
1.0,0.0
