state,recovery_time
0.0,0.6996191376136839
0.0,286.86858485363894
1.0,0.0
0.0,13.299388734463593
0.0,574.9842383732304
0.0,32.22779625595686
0.0,48.48638572833515
0.0,336.080703950598
0.0,310.3361422380258
1.0,0.0
0.0,4.451002537182028
