state,recovery_time
1,0
1,0
1,0
1,0
1,0
1,0
1,0
1,0
1,0
1,0
1,0
0,90.75695249035749
1,0
1,0
1,0
1,0
1,0
1,0
1,0
1,0
0,134.64955973357223
1,0
1,0
1,0
1,0
1,0
0,3.3758186981945
1,0
1,0
1,0
1,0
0,270.8323153671342
1,0
1,0
0,72.30196706322715
1,0
1,0
1,0
0,43275.04178159376
1,0
1,0
1,0
0,505.55314454824975
1,0
1,0
1,0
1,0
1,0
1,0
0,5.262169557381684
0,9.33190977050003
1,0
1,0
1,0
1,0
1,0
1,0
1,0
1,0
0,7.512035216194537
0,11.604763193138472
0,71.3957629449138
1,0
0,197.0360757166404
0,14.064421515405972
1,0
1,0
1,0
1,0
1,0
1,0
1,0
1,0
1,0
1,0
1,0
1,0
1,0
1,0
1,0
0,130.11714898278873
0,28.550045164906876
0,112.70033396169057
1,0
1,0
0,82.45870733362462
1,0
1,0
0,65.98595551930973
0,3.347532084275461
1,0
1,0
1,0
1,0
1,0
1,0
