state,recovery_time
1,0
1,0
1,0
1,0
1,0
1,0
0,22.33073165004413
1,0
1,0
1,0
1,0
0,466.23783757900435
1,0
1,0
0,4.868030365341404
1,0
1,0
1,0
1,0
1,0
1,0
1,0
1,0
1,0
1,0
1,0
0,22.06088489628802
0,345.42878244579714
1,0
1,0
1,0
1,0
1,0
1,0
0,6.645312623528557
1,0
1,0
1,0
1,0
1,0
1,0
1,0
1,0
0,124.58743355554103
1,0
1,0
1,0
0,3.2529080175630396
1,0
1,0
0,151.71684849397113
1,0
1,0
0,1.208087783624699
0,5.4188685433647965
1,0
0,36.960201749272905
1,0
1,0
1,0
1,0
1,0
1,0
1,0
1,0
1,0
0,3.6678737065243334
1,0
1,0
1,0
1,0
1,0
1,0
1,0
1,0
1,0
0,20.254101755809668
1,0
1,0
1,0
1,0
1,0
0,0.7175790175292656
1,0
1,0
1,0
1,0
1,0
0,101.19215144283535
0,0.3949527034650624
0,3950.200418637049
1,0
1,0
0,111.22683094834245
1,0
1,0
