state,recovery_time
1,0
1,0
0,49.043959826191404
0,151.79459766489043
1,0
1,0
1,0
1,0
0,118.0057298484279
1,0
