state,recovery_time
1,0
0,0.14268521619676677
1,0
0,33.59755966028498
0,875.7036000818297
1,0
1,0
1,0
1,0
1,0
