state,recovery_time
1,0
1,0
1,0
1,0
1,0
0,71.36195878118133
1,0
1,0
0,60.21853266587696
0,205.36840889638418
