state,recovery_time
1,0
1,0
1,0
0,78.62758127686217
0,1378.7757412339809
1,0
1,0
0,223.67656585855528
1,0
1,0
