state,recovery_time
1,0
1,0
0,172.09813573561752
0,327.6574168215911
1,0
1,0
1,0
1,0
0,8.748758389744522
1,0
