state,recovery_time
1,0
0,339.59168205258356
0,46.46818387537536
0,4.787558125707889
1,0
1,0
1,0
1,0
1,0
1,0
