state,recovery_time
1,0
1,0
0,270.8311996573532
1,0
1,0
1,0
1,0
1,0
1,0
1,0
1,0
1,0
1,0
0,21.890791841186708
1,0
1,0
1,0
1,0
1,0
1,0
1,0
1,0
1,0
1,0
0,0.7493080523332347
1,0
1,0
1,0
1,0
1,0
0,51.28629199370624
0,241.54540778088014
1,0
1,0
1,0
1,0
1,0
1,0
1,0
1,0
1,0
1,0
1,0
1,0
1,0
1,0
1,0
1,0
1,0
1,0
1,0
1,0
1,0
0,166.72294039580316
0,0.6233418986081013
0,62.38501756847717
1,0
1,0
0,31.821824801634232
1,0
1,0
1,0
1,0
1,0
1,0
1,0
0,140.99205931603151
1,0
1,0
0,85.71939930536344
1,0
1,0
0,139.23624404399567
1,0
1,0
1,0
1,0
1,0
1,0
1,0
1,0
1,0
1,0
1,0
1,0
0,27.51155381511455
1,0
1,0
1,0
1,0
1,0
0,98.87382162303146
1,0
1,0
1,0
1,0
