state,recovery_time
0,2.0527183584548894
1,0
1,0
1,0
1,0
1,0
0,57.47475697952151
1,0
1,0
1,0
1,0
1,0
1,0
1,0
1,0
1,0
1,0
1,0
1,0
1,0
1,0
1,0
1,0
1,0
1,0
1,0
1,0
0,22.585667988835965
1,0
1,0
1,0
0,41.03009971326962
0,2.6156377947840883
1,0
1,0
1,0
1,0
1,0
1,0
1,0
1,0
1,0
0,0.08070398506699078
1,0
1,0
1,0
1,0
1,0
1,0
0,694.3476561087115
1,0
1,0
1,0
1,0
1,0
0,8.463561754353448
1,0
1,0
1,0
1,0
1,0
1,0
1,0
1,0
1,0
1,0
0,543.6829718516987
1,0
1,0
1,0
1,0
0,21.11813306776079
1,0
1,0
1,0
1,0
1,0
1,0
1,0
1,0
1,0
0,191.67584860482324
0,110.47229150738292
1,0
1,0
0,10.936148446711165
1,0
0,2.020048425866487
1,0
1,0
1,0
1,0
1,0
1,0
1,0
1,0
