state,recovery_time
0,139.12604899338686
0,142.44542367505298
0,47.631359284558606
1,0
0,23.973801742128472
1,0
1,0
1,0
1,0
1,0
