state,recovery_time
1,0
1,0
1,0
1,0
1,0
1,0
1,0
1,0
1,0
1,0
1,0
1,0
1,0
1,0
1,0
1,0
1,0
1,0
1,0
0,3.3524207392372496
1,0
1,0
1,0
0,1.1980685841384662
1,0
1,0
1,0
1,0
1,0
1,0
1,0
1,0
1,0
1,0
1,0
1,0
1,0
1,0
1,0
1,0
1,0
1,0
1,0
1,0
1,0
1,0
1,0
1,0
0,641.0499172280255
0,69.54112572747185
0,25.814080375875967
1,0
0,79.06524842345121
1,0
1,0
1,0
0,10.588386004128237
1,0
1,0
1,0
1,0
1,0
1,0
1,0
1,0
1,0
1,0
1,0
1,0
1,0
1,0
1,0
1,0
1,0
1,0
0,20.550904315182404
1,0
1,0
1,0
0,107.93065765354892
1,0
1,0
1,0
0,158.17206329447112
1,0
0,5145.185702183416
1,0
1,0
1,0
1,0
1,0
1,0
1,0
1,0
1,0
1,0
