state,recovery_time
0,406.7995488359234
1,0
1,0
1,0
0,77.36473880675564
1,0
0,1750.9745171208924
0,20.61149056776937
1,0
1,0
