state,recovery_time
1,0
0,9.810116778572462
0,9111.014122908535
0,168.1390123695961
1,0
1,0
0,2165.1119556928197
1,0
1,0
1,0
