state,recovery_time
0,119.55659867077877
1,0
0,3.546372268804219
1,0
0,127.17850454268375
1,0
1,0
1,0
0,0.4221027844270609
1,0
