state,recovery_time
1,0
0,1.2798328654454616
0,3.634465643127566
0,339.9244493156208
0,1.6908168990484667
0,4.629892483824598
1,0
1,0
0,122.04431438842653
1,0
