state,recovery_time
0,108.80820975653067
0,3.647660938481512
1,0
0,147.22991149490767
1,0
0,711.7719447143036
0,9.217954403516817
0,7.002107047483449
0,132.1285897627388
1,0
