lines_out,no_load_shed_time,initial_load_shed,full_rest_time
1.0,0.0,0.0,2226.6211489619777
1.0,0.0,0.0,64.75604412263132
1.0,0.0,0.0,4.962917797043526
1.0,0.0,0.0,3691.2895042158248
1.0,0.0,0.0,1.2750057845674774
3.0,0.0,0.0,37.00893568528701
3.0,0.0,0.0,14.48312359718246
17.0,0.0,0.0,2521.364082862825
1.0,0.0,0.0,299.84826151114424
1.0,0.0,0.0,139.07508506719464
