state,recovery_time
1,0
1,0
1,0
1,0
1,0
0,13.350374191349914
1,0
1,0
0,134.45673684265603
1,0
1,0
1,0
1,0
1,0
1,0
1,0
1,0
1,0
1,0
1,0
1,0
1,0
1,0
0,0.12380159785616891
1,0
1,0
1,0
1,0
1,0
1,0
1,0
1,0
1,0
1,0
1,0
0,3428.4366534075525
1,0
1,0
1,0
0,17.048576998081646
1,0
1,0
1,0
1,0
1,0
0,44.21566235228723
1,0
1,0
1,0
1,0
1,0
1,0
1,0
1,0
1,0
1,0
1,0
1,0
1,0
1,0
1,0
1,0
1,0
1,0
1,0
1,0
1,0
1,0
1,0
1,0
1,0
1,0
1,0
1,0
1,0
1,0
1,0
1,0
1,0
1,0
1,0
0,38.60218742122068
1,0
1,0
1,0
1,0
1,0
1,0
1,0
1,0
1,0
1,0
0,3.1018361517392123
0,20.422469475302137
1,0
1,0
