state,recovery_time
0,12.395986151068247
1,0
0,1089.5842663221017
0,110.26320972016858
1,0
0,116.14342393787108
0,25.462020962705044
1,0
0,2.077519167968697
0,0.006236977499159518
