state,recovery_time
0,279.73787987592203
0,21.550891442090695
0,87.27839298747804
1,0
0,270.8903470603651
0,17.053479497540966
0,444.73790488429046
1,0
0,7.837614832688388
0,2.2484553008419965
