state,recovery_time
0,29.78746711757046
0,1218.7857429115154
0,5.746682420904564
0,16.632380088772333
0,1414.425578152357
0,604.9971078527512
1,0
1,0
0,224.02429051898025
0,1.939173427945165
