state,recovery_time
1,0
0,7.053853065805774
0,420.2060006116365
0,2605.329878370572
0,5010.69326399841
0,0.022088719394845992
0,23.117331561462148
1,0
0,29.710383966137734
0,167.80711579260188
