state,recovery_time
1,0
1,0
1,0
1,0
1,0
0,0.08942468365957353
1,0
0,1.9086513507643996
1,0
1,0
1,0
0,36.54824933757021
1,0
1,0
1,0
0,92.39737447565982
1,0
1,0
1,0
1,0
0,18.406394543517145
1,0
1,0
1,0
1,0
1,0
0,43.04178587273722
1,0
1,0
1,0
1,0
1,0
0,103.67871581141141
1,0
1,0
1,0
1,0
1,0
1,0
0,1190.322810407823
1,0
1,0
1,0
1,0
1,0
1,0
1,0
1,0
1,0
1,0
0,3.589271307787699
0,12575.243613398603
1,0
1,0
1,0
1,0
1,0
1,0
1,0
0,67.67079287988612
1,0
1,0
1,0
1,0
1,0
1,0
1,0
0,32.023918008280695
1,0
0,184.54486749424558
1,0
1,0
1,0
1,0
1,0
1,0
1,0
1,0
0,244.22183076127655
0,25.438786435116942
1,0
1,0
0,396.18289222647866
1,0
1,0
1,0
1,0
1,0
1,0
1,0
1,0
1,0
0,38.74995622013383
1,0
1,0
1,0
