state,recovery_time
0,149.5232709813821
1,0
1,0
1,0
1,0
0,178.91322941958356
1,0
0,3.56372841135507
1,0
1,0
1,0
1,0
1,0
1,0
1,0
1,0
1,0
0,4.753391492999386
1,0
1,0
1,0
0,2.7203137075021404
1,0
1,0
1,0
0,13.58727207062799
0,894.7928887436187
1,0
1,0
1,0
1,0
1,0
1,0
1,0
1,0
1,0
1,0
1,0
0,63.91895797102377
1,0
0,52.19989654627327
1,0
1,0
1,0
1,0
1,0
1,0
1,0
1,0
1,0
1,0
1,0
1,0
0,275.50875355178005
1,0
1,0
1,0
1,0
1,0
1,0
1,0
1,0
1,0
1,0
1,0
1,0
1,0
1,0
1,0
1,0
0,307.92604951567904
1,0
1,0
0,8.545582696400606
1,0
1,0
1,0
0,1672.4850460928787
0,145.2736797702046
0,569.9934897309896
1,0
1,0
1,0
1,0
1,0
0,65.91209690876445
1,0
1,0
1,0
1,0
1,0
0,395.9206052065368
1,0
1,0
1,0
1,0
