state,recovery_time
0,181.94032514860623
1,0
1,0
0,2.0995101555536486
1,0
0,129.39003623204945
1,0
0,231.18394004826433
0,42.961790133035024
0,3.1370596239046216
