state,recovery_time
0,13.12786047507797
0,516.7597424335605
0,1.1682662405694628
0,595.9867962755665
1,0
1,0
1,0
1,0
0,264.0493252480134
0,8.848393009443521
