state,recovery_time
1,0
1,0
1,0
1,0
1,0
1,0
1,0
1,0
1,0
0,10.946737501517255
1,0
1,0
1,0
1,0
1,0
0,0.8014882271006071
1,0
1,0
1,0
1,0
1,0
1,0
1,0
1,0
1,0
1,0
1,0
0,201.5661131828972
1,0
1,0
1,0
1,0
1,0
0,0.7225352563782419
1,0
0,3.7316458766424017
1,0
1,0
1,0
1,0
1,0
1,0
1,0
1,0
1,0
1,0
1,0
1,0
1,0
0,99.80802390354071
1,0
0,3.408479257281881
1,0
1,0
1,0
