state,recovery_time
1,0
1,0
1,0
1,0
1,0
1,0
1,0
1,0
1,0
1,0
0,1.2027936658523832
1,0
0,15.2128901251463
1,0
0,0.14340153940435205
1,0
1,0
1,0
1,0
1,0
1,0
1,0
1,0
0,13.232651545447371
0,1085.1420560892616
0,16.22084656555156
1,0
1,0
1,0
1,0
1,0
1,0
0,3.4394998854188636
1,0
1,0
1,0
1,0
1,0
1,0
1,0
1,0
1,0
1,0
0,0.556542570219071
1,0
0,68.80711621561142
1,0
1,0
1,0
1,0
1,0
1,0
1,0
1,0
1,0
1,0
1,0
0,5.234434973767599
1,0
0,51.03307711955772
1,0
1,0
1,0
1,0
1,0
1,0
1,0
1,0
1,0
1,0
1,0
1,0
1,0
1,0
1,0
1,0
1,0
1,0
1,0
1,0
1,0
1,0
1,0
1,0
1,0
1,0
1,0
1,0
0,1012.1094748574858
1,0
0,59.91458626152846
1,0
1,0
0,0.7715783189046316
1,0
0,381.9097986146513
