state,recovery_time
1,0
0,31.732149240069138
0,35.295296928882394
1,0
0,50.48957845161079
1,0
1,0
0,47.709730609875535
0,16.04744257865048
0,9.736054699009067
