state,recovery_time
0,43.42216246276491
0,1642.026164607043
1,0
0,3.0652971172801107
0,32.64712640178968
1,0
0,1009.1624253591082
0,22.664409691334015
1,0
1,0
