state,recovery_time
0,21.801100036802055
0,12.047222577956665
1,0
0,41.87843617145456
1,0
0,32.64735062976643
0,7.941086685502711
0,194.8276946538785
1,0
1,0
