state,recovery_time
1,0
1,0
0,59.10775995245976
1,0
1,0
1,0
0,16.2864529776261
1,0
0,18.48299136014363
1,0
