state,recovery_time
0,392.05421233652885
1,0
1,0
1,0
0,12.866640501034125
0,34.84994345162277
1,0
0,34.020576598131406
1,0
1,0
