state,recovery_time
1,0
1,0
1,0
1,0
1,0
1,0
1,0
1,0
1,0
0,99.24942430213476
1,0
1,0
1,0
1,0
1,0
0,28.19939623319036
1,0
0,311.1571254012051
0,90.85097757903331
1,0
1,0
0,10.526904008423196
1,0
1,0
1,0
1,0
1,0
1,0
1,0
1,0
1,0
1,0
1,0
1,0
1,0
1,0
1,0
1,0
1,0
1,0
1,0
1,0
1,0
1,0
1,0
1,0
1,0
1,0
1,0
1,0
1,0
1,0
0,298.2688451870102
1,0
1,0
1,0
1,0
1,0
1,0
1,0
0,0.9605731293823048
1,0
1,0
1,0
1,0
1,0
1,0
1,0
0,277.2919651742378
1,0
1,0
1,0
1,0
1,0
1,0
1,0
0,191.14281123086886
1,0
1,0
0,84.64792556891825
1,0
1,0
1,0
1,0
1,0
1,0
1,0
0,58.60100911888972
1,0
1,0
1,0
1,0
1,0
1,0
1,0
1,0
