state,recovery_time
1,0
1,0
0,22.439581954638154
1,0
1,0
0,484.03494662850443
1,0
1,0
1,0
1,0
