state,recovery_time
1,0
1,0
1,0
1,0
1,0
1,0
0,2970.4435148796483
0,0.5844099288309659
1,0
1,0
