state,recovery_time
0,30.355250102418232
1,0
0,74.17038080801095
1,0
0,11.608488472173278
1,0
1,0
1,0
0,1.6174989807851063
1,0
