state,recovery_time
0,54.207300771753204
1,0
1,0
1,0
1,0
1,0
1,0
1,0
1,0
1,0
1,0
1,0
1,0
0,0.6661272561284128
0,0.026537297640729488
1,0
1,0
1,0
1,0
1,0
1,0
0,2.2331591164689795
1,0
0,918.7813401986668
1,0
1,0
1,0
0,0.30095489018170185
0,2366.0505311200727
0,124.21926337673716
1,0
1,0
1,0
1,0
1,0
1,0
1,0
1,0
0,0.4793721512796685
1,0
0,4.39892952164499
1,0
1,0
1,0
0,837.1015424486783
1,0
1,0
1,0
1,0
1,0
1,0
0,107.67327369583293
1,0
0,1194.0092935223358
1,0
1,0
1,0
1,0
1,0
1,0
1,0
0,0.9099472135392166
1,0
0,0.3684051198546672
1,0
1,0
1,0
1,0
1,0
0,1.8059494917183416
0,2721.031522636841
1,0
1,0
1,0
1,0
0,83.18725319048204
1,0
1,0
1,0
1,0
0,8.80392655205471
1,0
1,0
1,0
1,0
1,0
0,561.2501853199881
1,0
1,0
1,0
1,0
1,0
1,0
1,0
1,0
1,0
