state,recovery_time
1,0
1,0
1,0
1,0
1,0
1,0
1,0
1,0
0,0.5496645123908881
1,0
1,0
1,0
1,0
1,0
1,0
1,0
1,0
1,0
1,0
1,0
1,0
1,0
1,0
0,21.28552146205724
1,0
1,0
0,16.898107574678544
0,946.7708348827528
1,0
1,0
1,0
1,0
1,0
1,0
1,0
1,0
1,0
1,0
0,1146.01936886346
1,0
1,0
1,0
0,29.396116592634176
1,0
1,0
0,14.103944925029065
0,16.82989279027906
1,0
1,0
1,0
1,0
1,0
1,0
1,0
1,0
