state,recovery_time
1,0
0,78.71797633197482
1,0
1,0
1,0
1,0
1,0
0,87.79090123564647
1,0
1,0
