state,recovery_time
0,3.1948877157611926
1,0
1,0
1,0
1,0
1,0
1,0
1,0
0,676.1671546325653
1,0
