state,recovery_time
1,0
0,71.80323593788303
1,0
1,0
0,29.331883784210326
1,0
1,0
1,0
1,0
1,0
