state,recovery_time
0,29.69483561877175
1,0
1,0
0,96.65927454333163
1,0
1,0
1,0
1,0
0,31.077715721272945
1,0
1,0
1,0
0,41.887612137465744
1,0
1,0
1,0
1,0
1,0
1,0
1,0
1,0
0,155.81908407197864
1,0
1,0
0,3683.914111419701
1,0
1,0
1,0
1,0
1,0
1,0
1,0
1,0
1,0
1,0
1,0
1,0
1,0
1,0
1,0
1,0
1,0
1,0
1,0
1,0
0,1346.49704020606
1,0
1,0
1,0
0,5138.744432959131
1,0
1,0
1,0
1,0
1,0
1,0
1,0
1,0
1,0
1,0
1,0
1,0
1,0
1,0
1,0
1,0
1,0
1,0
0,0.5333386397637605
1,0
1,0
1,0
1,0
1,0
1,0
1,0
1,0
1,0
1,0
1,0
1,0
1,0
1,0
1,0
1,0
1,0
1,0
1,0
1,0
1,0
1,0
1,0
1,0
1,0
1,0
1,0
