state,recovery_time
1,0
1,0
1,0
1,0
1,0
1,0
0,246.5611919544215
1,0
1,0
0,5157.89008784169
0,20.75171794339846
0,31.06636932499314
1,0
1,0
1,0
1,0
1,0
1,0
1,0
1,0
1,0
0,240.86793532277318
1,0
1,0
1,0
1,0
1,0
1,0
1,0
1,0
1,0
1,0
1,0
1,0
1,0
1,0
1,0
1,0
1,0
1,0
1,0
1,0
1,0
1,0
0,106.24457720497868
0,665.0121273169198
1,0
1,0
1,0
1,0
1,0
1,0
1,0
1,0
1,0
1,0
1,0
1,0
1,0
1,0
1,0
1,0
1,0
1,0
1,0
1,0
1,0
1,0
1,0
0,12.696572626944851
1,0
1,0
1,0
1,0
1,0
1,0
1,0
1,0
1,0
0,86.9995848378255
1,0
1,0
1,0
1,0
1,0
1,0
1,0
1,0
1,0
1,0
1,0
1,0
1,0
1,0
1,0
1,0
