state,recovery_time
1,0
1,0
1,0
0,30.11875907567241
1,0
1,0
1,0
1,0
0,116.07070787224232
1,0
