state,recovery_time
0,5227.745718146835
1,0
1,0
0,31.800198419502006
1,0
1,0
0,141.57774119613342
1,0
1,0
1,0
