state,recovery_time
1,0
1,0
0,2441.874696595799
0,16.012044477259693
1,0
1,0
1,0
1,0
1,0
0,3432.986412489409
