state,recovery_time
1,0
0,2.7029659617701935
1,0
1,0
1,0
1,0
1,0
1,0
1,0
1,0
1,0
1,0
1,0
1,0
1,0
1,0
0,26.36444764009741
1,0
1,0
1,0
1,0
1,0
1,0
1,0
1,0
0,13446.208087063624
1,0
1,0
1,0
1,0
1,0
1,0
0,6.4834770468582965
1,0
0,161.22466906134073
1,0
1,0
1,0
1,0
1,0
1,0
1,0
1,0
1,0
0,38.257578528774175
1,0
1,0
1,0
1,0
1,0
1,0
1,0
1,0
1,0
1,0
0,60.654185871417475
1,0
1,0
1,0
1,0
1,0
1,0
1,0
1,0
1,0
1,0
1,0
0,198.85510659557642
1,0
1,0
1,0
1,0
1,0
1,0
1,0
1,0
1,0
1,0
1,0
1,0
1,0
1,0
1,0
1,0
1,0
1,0
0,0.05612136248828537
0,49.160126662507665
1,0
1,0
1,0
1,0
1,0
1,0
1,0
1,0
