state,recovery_time
1,0
1,0
1,0
1,0
0,1.1822440346538718
1,0
1,0
1,0
1,0
1,0
0,667.1990573702427
1,0
1,0
1,0
0,32.7231499090147
1,0
0,3.222775225798848
1,0
1,0
1,0
1,0
1,0
1,0
1,0
1,0
1,0
1,0
1,0
1,0
1,0
1,0
1,0
1,0
1,0
1,0
1,0
1,0
1,0
0,18.47701370564837
1,0
1,0
1,0
1,0
1,0
1,0
1,0
1,0
1,0
1,0
1,0
1,0
0,1.613415163377793
1,0
1,0
1,0
1,0
1,0
1,0
1,0
1,0
1,0
1,0
1,0
1,0
1,0
1,0
1,0
1,0
1,0
1,0
1,0
1,0
1,0
1,0
1,0
1,0
1,0
1,0
1,0
1,0
1,0
1,0
1,0
1,0
1,0
1,0
1,0
1,0
0,8.145480648293823
1,0
1,0
1,0
1,0
1,0
1,0
1,0
