state,recovery_time
0,1375.7943702170655
1,0
0,30.93817389203603
0,4.357675397873915
1,0
1,0
1,0
1,0
0,94.275130425503
0,8.681856594393299
