state,recovery_time
0,15.188428090412875
0,1.0331435222975698
0,16.196102194905915
1,0
0,4.387013907487783
1,0
0,161.16512432507417
1,0
1,0
1,0
