state,recovery_time
1,0
1,0
1,0
1,0
1,0
0,81.56762036545837
1,0
1,0
1,0
1,0
1,0
1,0
0,2103.3695905165077
1,0
1,0
1,0
1,0
1,0
1,0
1,0
1,0
1,0
0,1008.4598319069598
1,0
0,0.719140260943632
1,0
1,0
1,0
1,0
1,0
0,591.765358199144
1,0
1,0
1,0
1,0
1,0
1,0
1,0
1,0
1,0
1,0
0,2310.1486350961254
1,0
1,0
1,0
0,146.15401128504993
1,0
0,55.23722588951418
1,0
1,0
1,0
1,0
1,0
1,0
0,64.21356876040592
