state,recovery_time
1,0
1,0
1,0
1,0
1,0
1,0
1,0
1,0
0,21.467419253114635
0,3.951443674763915
1,0
1,0
1,0
1,0
1,0
0,45.21019705661335
1,0
1,0
1,0
1,0
1,0
1,0
1,0
1,0
1,0
1,0
1,0
1,0
1,0
1,0
0,8.465857605634863
1,0
1,0
1,0
1,0
1,0
1,0
1,0
1,0
0,5945.501339102438
1,0
1,0
1,0
1,0
1,0
1,0
1,0
1,0
1,0
1,0
1,0
1,0
1,0
1,0
1,0
1,0
0,257.61642277659274
1,0
1,0
1,0
0,488.3746943667138
1,0
0,150.05783120798114
1,0
1,0
1,0
1,0
1,0
1,0
1,0
0,346.07202499598355
1,0
1,0
1,0
1,0
1,0
0,1041.8208464842694
1,0
1,0
1,0
0,15.304132929253354
1,0
1,0
1,0
1,0
0,0.36356206811710334
1,0
1,0
1,0
1,0
1,0
1,0
1,0
1,0
1,0
1,0
