state,recovery_time
1,0
1,0
1,0
1,0
1,0
1,0
1,0
1,0
1,0
1,0
1,0
1,0
1,0
1,0
1,0
1,0
1,0
1,0
1,0
0,4815.452806919318
1,0
1,0
1,0
1,0
1,0
1,0
1,0
1,0
1,0
1,0
1,0
1,0
1,0
0,27.356473596375686
1,0
1,0
1,0
1,0
1,0
1,0
1,0
1,0
0,17.949546273292125
1,0
1,0
1,0
0,1.7894318537540213
1,0
1,0
1,0
1,0
1,0
1,0
1,0
0,300.9294323537317
1,0
1,0
1,0
1,0
1,0
1,0
1,0
1,0
1,0
1,0
1,0
1,0
1,0
1,0
1,0
1,0
1,0
1,0
1,0
1,0
1,0
1,0
1,0
1,0
1,0
1,0
1,0
1,0
0,53.18678689360521
1,0
1,0
1,0
1,0
1,0
1,0
1,0
1,0
1,0
0,6.338568080899433
1,0
1,0
