state,recovery_time
1,0
1,0
1,0
1,0
1,0
1,0
1,0
1,0
1,0
1,0
1,0
0,0.8642813129728695
1,0
0,22.417411201943974
1,0
1,0
1,0
1,0
0,480.5135919996078
1,0
1,0
0,4.5416074444770915
0,55.59047893637764
1,0
1,0
1,0
1,0
1,0
1,0
0,1.4796041723794744
0,4.095322915897376
0,14.313987218925208
1,0
1,0
0,75.78632709727013
1,0
1,0
0,305.1575752512871
1,0
1,0
1,0
1,0
1,0
1,0
1,0
1,0
1,0
1,0
1,0
1,0
1,0
1,0
1,0
1,0
1,0
1,0
1,0
1,0
1,0
0,29.32221505759617
1,0
0,35.74928820344099
1,0
1,0
1,0
1,0
1,0
0,255.79861296021892
1,0
1,0
0,51.70363328206763
1,0
1,0
1,0
0,2.6606624310468128
1,0
1,0
1,0
1,0
1,0
1,0
1,0
0,39.157721404562636
1,0
1,0
1,0
1,0
1,0
1,0
1,0
0,30.574369009157742
1,0
1,0
1,0
1,0
1,0
