state,recovery_time
0,234.46843332921517
1,0
1,0
1,0
1,0
1,0
1,0
0,17.007220393975437
0,3.6772410353224663
1,0
1,0
1,0
1,0
1,0
1,0
1,0
1,0
1,0
1,0
0,620.7718287125202
1,0
1,0
0,216.80116400665867
1,0
1,0
1,0
1,0
0,343.29142530192047
1,0
0,94.49938017659743
1,0
1,0
1,0
1,0
1,0
0,303.6345482484353
1,0
0,139.32758555145125
1,0
1,0
1,0
1,0
1,0
1,0
0,187.08104898089232
1,0
1,0
1,0
1,0
1,0
0,427.0958237385263
1,0
1,0
1,0
1,0
1,0
1,0
1,0
1,0
1,0
1,0
1,0
1,0
1,0
1,0
1,0
1,0
1,0
1,0
1,0
1,0
1,0
1,0
0,165.57095148081552
1,0
0,146.5635071822614
1,0
0,6.527747953057996
0,177.90636613572028
1,0
1,0
1,0
1,0
1,0
1,0
1,0
1,0
0,224.79434192866083
0,844.5205453671298
1,0
1,0
1,0
1,0
1,0
1,0
1,0
