state,recovery_time
1,0
1,0
1,0
1,0
0,5.976845639332123
1,0
0,3055.2613908383664
1,0
1,0
0,75.649351583112
1,0
1,0
1,0
1,0
1,0
1,0
1,0
1,0
0,341.418783525872
1,0
1,0
1,0
0,113.912998974442
1,0
1,0
0,14.56221301541265
0,2.520569934901665
1,0
1,0
1,0
1,0
1,0
1,0
1,0
1,0
0,5.5135633982469585
1,0
1,0
1,0
1,0
1,0
1,0
1,0
1,0
0,6.621899611324911
1,0
1,0
1,0
1,0
1,0
1,0
1,0
1,0
1,0
1,0
1,0
1,0
0,13.347988012011763
1,0
1,0
1,0
1,0
0,4.6493278869385595
1,0
1,0
1,0
1,0
0,2.7628962446137986
1,0
1,0
1,0
1,0
1,0
1,0
1,0
0,601.1428751780404
1,0
1,0
1,0
1,0
1,0
0,49.916219317894516
1,0
1,0
0,25.480678201748344
1,0
1,0
1,0
1,0
1,0
0,12.525233172762215
0,90.30260448770916
0,1.9708595422833979
1,0
1,0
1,0
