state,recovery_time
1,0
1,0
1,0
1,0
0,9564.611611088822
0,0.23605980439636415
1,0
1,0
0,46.72444247132869
0,122.38621022893797
