state,recovery_time
1,0
1,0
1,0
1,0
1,0
1,0
1,0
1,0
1,0
1,0
1,0
1,0
1,0
1,0
1,0
1,0
0,9076.824029385874
0,1217.531529736014
1,0
1,0
1,0
1,0
0,52.499037585613586
0,2.118548438736393
0,11.639150766988147
0,166.2012844553049
1,0
0,184.35905087641626
0,33.20458040659862
0,38.63064422882777
1,0
1,0
1,0
1,0
0,389.0478560233236
0,3.8807900255373537
1,0
1,0
1,0
1,0
1,0
1,0
0,1851.3765407478961
1,0
1,0
1,0
1,0
1,0
1,0
1,0
1,0
0,23.28613266354175
1,0
1,0
0,4235.562946159745
