state,recovery_time
1,0
1,0
1,0
0,364.1500254504038
0,63.68158118219099
0,0.371940406591869
0,13.84965983031123
1,0
1,0
1,0
