state,recovery_time
1,0
1,0
0,1.6444355065143303
0,478.92744589122964
0,4.876208420342599
1,0
1,0
1,0
0,28.037926246864075
1,0
