state,recovery_time
1,0
1,0
1,0
1,0
1,0
1,0
0,2617.0316598658173
1,0
0,7.165714579667999
1,0
