state,recovery_time
1,0
1,0
0,7.594719888865972
1,0
1,0
1,0
1,0
1,0
0,159.4936804845386
1,0
