state,recovery_time
0,347.3355294480679
1,0
1,0
1,0
1,0
0,206.1247175040737
1,0
1,0
1,0
1,0
