state,recovery_time
1,0
0,133.5439206231035
1,0
1,0
1,0
1,0
1,0
1,0
0,1.8679960552166355
1,0
