state,recovery_time
0,47.9006276584143
1,0
1,0
1,0
1,0
1,0
0,22.998233566801787
1,0
1,0
1,0
1,0
1,0
1,0
1,0
1,0
1,0
1,0
1,0
1,0
0,67.02715853961357
1,0
1,0
1,0
1,0
1,0
1,0
1,0
1,0
1,0
1,0
1,0
1,0
1,0
1,0
1,0
0,34462.97955314616
1,0
1,0
1,0
0,82.80433303276412
1,0
1,0
1,0
1,0
1,0
1,0
0,3736.1237060173144
1,0
1,0
1,0
1,0
1,0
0,0.2564675640748676
1,0
0,108.87095640219373
1,0
1,0
1,0
1,0
1,0
1,0
1,0
1,0
1,0
0,220.2731489993078
1,0
1,0
1,0
1,0
1,0
1,0
1,0
0,1.5131373318270953
1,0
0,9.467788982965779
1,0
1,0
1,0
1,0
1,0
1,0
1,0
1,0
1,0
1,0
1,0
1,0
1,0
1,0
1,0
1,0
1,0
1,0
1,0
1,0
1,0
