state,recovery_time
1.0,0.0
1.0,0.0
1.0,0.0
0.0,89.73043053368677
0.0,9970.438247199108
1.0,0.0
1.0,0.0
1.0,0.0
1.0,0.0
1.0,0.0
