state,recovery_time
1.0,0.0
0.0,1.570068088463789
1.0,0.0
0.0,206.21702544158532
1.0,0.0
1.0,0.0
1.0,0.0
1.0,0.0
1.0,0.0
1.0,0.0
