state,recovery_time
1.0,0.0
0.0,49.510791604170976
0.0,66.05248327725089
1.0,0.0
0.0,80.70849847157271
1.0,0.0
1.0,0.0
1.0,0.0
1.0,0.0
1.0,0.0
