state,recovery_time
0.0,11.666292489805064
1.0,0.0
1.0,0.0
1.0,0.0
1.0,0.0
1.0,0.0
0.0,9.69914356509641
0.0,1592.4767971898993
0.0,292.4532436083176
0.0,64.29185864111864
