time,load_shed,perc_load_served,lines_out,gens_out
10,1.0658141036401503e-13,1.0,1.0,0.0
11,-5.684341886080802e-14,1.0,0.0,0.0
12,-5.684341886080802e-14,1.0,0.0,0.0
13,-5.684341886080802e-14,1.0,0.0,0.0
14,-5.684341886080802e-14,1.0,0.0,0.0
15,-5.684341886080802e-14,1.0,0.0,0.0
16,-5.684341886080802e-14,1.0,0.0,0.0
17,-5.684341886080802e-14,1.0,0.0,0.0
