state,recovery_time
1.0,0.0
1.0,0.0
1.0,0.0
1.0,0.0
1.0,0.0
0.0,114.69034529113922
0.0,121.02210695452662
0.0,0.7697850562522305
1.0,0.0
1.0,0.0
