state,recovery_time
0.0,4.422829816656924
0.0,211.2839317754955
1.0,0.0
0.0,2.1455840095080134
0.0,26.890489135628986
0.0,13.500879985320845
1.0,0.0
0.0,323.34974429741544
1.0,0.0
1.0,0.0
