state,recovery_time
0.0,85.15886938523883
1.0,0.0
1.0,0.0
1.0,0.0
1.0,0.0
1.0,0.0
1.0,0.0
1.0,0.0
0.0,2.5329076930481316
1.0,0.0
