state,recovery_time
0,35.41139759741665
1,0
1,0
1,0
0,35394.97765519345
1,0
0,12.999939369291651
1,0
1,0
1,0
