state,recovery_time
0,14.005585483258841
1,0
1,0
1,0
1,0
0,245.48345380354831
1,0
0,20.24327861469687
1,0
1,0
