state,recovery_time
1,0
1,0
0,187.8874633445702
1,0
1,0
1,0
1,0
0,98.56343926419345
1,0
0,378.4055513692882
