state,recovery_time
1,0
1,0
0,4.55466419226473
1,0
0,4.4608986796156165
1,0
1,0
1,0
1,0
1,0
