state,recovery_time
1,0
0,496.4729674862113
1,0
1,0
1,0
0,14.323784422333706
1,0
0,2.4657448120080407
0,23.556664630204505
0,6244.2148934310235
