state,recovery_time
0,149.77078653401568
1,0
0,7.058741581092388
0,71.43837555498071
1,0
0,22.538343121139427
1,0
1,0
0,1.8125902915918848
1,0
