state,recovery_time
0,269.1608974913388
1,0
0,84.08537451827071
1,0
0,17706.893447122307
1,0
0,3.0644611263920813
1,0
0,9.113702130383256
1,0
