state,recovery_time
1,0
1,0
1,0
1,0
1,0
0,16.688079616934225
1,0
0,1.1847141226915692
1,0
0,5.1579938496587445
1,0
1,0
1,0
1,0
1,0
1,0
1,0
1,0
1,0
1,0
0,221.69417334254322
1,0
1,0
1,0
0,9.424790995415712
1,0
1,0
1,0
1,0
1,0
1,0
1,0
1,0
1,0
1,0
1,0
1,0
1,0
1,0
1,0
0,0.7610744645152948
1,0
0,1269.6042647730696
1,0
1,0
1,0
1,0
1,0
0,14.913620062871004
0,215.07200306809236
0,48.961461108572756
1,0
1,0
1,0
0,951.8444692420823
1,0
1,0
1,0
1,0
1,0
1,0
1,0
1,0
0,901.8515201499421
1,0
0,158.9370333458728
1,0
1,0
1,0
1,0
1,0
0,68.24355056965224
1,0
0,12.11386443814673
1,0
0,6.233057037771848
1,0
1,0
1,0
0,44.169570291961236
1,0
1,0
1,0
1,0
1,0
1,0
1,0
1,0
1,0
1,0
1,0
1,0
1,0
1,0
1,0
1,0
