state,recovery_time
1,0
0,1402.0583601667793
0,6.555642311905489
0,765.4164063649499
1,0
1,0
1,0
0,0.6768473370883524
0,121.40831192704984
1,0
