state,recovery_time
1,0
1,0
0,609.3934600900599
0,22.1959753272919
0,0.9751472427394935
1,0
0,0.8708196003039992
0,500.2050196301566
0,4.770549871219398
1,0
