state,recovery_time
0,5118.2174962174595
1,0
0,24.31109974159081
0,14540.77284918453
1,0
0,13.090151940612309
1,0
1,0
0,3.343610042872669
0,25.012297442671603
