state,recovery_time
1,0
1,0
0,665.9427126531648
1,0
0,29.07494652259208
1,0
0,194.61872001968297
1,0
0,337.8813408287031
0,586.3685110136746
