state,recovery_time
1,0
1,0
1,0
1,0
1,0
1,0
1,0
1,0
1,0
1,0
1,0
1,0
1,0
1,0
1,0
1,0
1,0
1,0
1,0
1,0
1,0
1,0
0,68.07667637345894
1,0
1,0
1,0
0,1.8147854201210987
1,0
0,2.5009313357746876
0,158.06079757737592
0,9.136504142237673
0,30.743396045200996
1,0
1,0
0,306.2117192446349
1,0
1,0
0,77.11066319363823
0,111.31557909320738
1,0
1,0
1,0
1,0
1,0
0,7.7327064220363315
1,0
1,0
1,0
1,0
1,0
0,39.30208539724798
0,15.757286805152846
1,0
1,0
1,0
