state,recovery_time
1,0
1,0
0,203.2613061439179
1,0
0,9771.033026771513
1,0
0,118.52304736643006
0,3.325163479465826
1,0
1,0
