state,recovery_time
0,13.711745058395607
1,0
0,126.02396879635556
1,0
1,0
0,1827.734178906735
1,0
0,12.49448439473433
1,0
1,0
