state,recovery_time
0,231.2458386161846
1,0
1,0
0,17.779849145095707
1,0
1,0
1,0
1,0
0,13.163459623869556
0,6.808070172694783
