state,recovery_time
1,0
1,0
1,0
1,0
0,5.271590069271812
1,0
1,0
1,0
1,0
1,0
0,2.6078279294077054
1,0
0,50.09394716311279
0,251.55395714431836
0,14.157937866146964
1,0
0,623.4580800488864
1,0
0,11.367055910232924
1,0
0,5.4699050688211655
1,0
1,0
0,27.535234225637858
1,0
1,0
1,0
1,0
0,2.7116670705135597
0,5.678572440730485
1,0
1,0
1,0
1,0
0,15.866426609353937
1,0
1,0
1,0
1,0
1,0
1,0
1,0
1,0
1,0
1,0
1,0
1,0
1,0
1,0
1,0
1,0
1,0
1,0
1,0
1,0
