state,recovery_time
0,206.58719340255686
1,0
1,0
1,0
1,0
1,0
1,0
0,0.69437263855661
1,0
1,0
1,0
1,0
1,0
1,0
1,0
1,0
1,0
1,0
1,0
1,0
1,0
1,0
1,0
1,0
1,0
1,0
1,0
1,0
1,0
1,0
1,0
1,0
1,0
1,0
1,0
1,0
1,0
1,0
1,0
1,0
0,19.94483497564837
1,0
1,0
1,0
1,0
1,0
1,0
1,0
1,0
1,0
1,0
1,0
1,0
1,0
1,0
1,0
1,0
1,0
0,5.412061123749628
1,0
1,0
1,0
1,0
1,0
1,0
1,0
0,2.0872337388601077
0,23.988316679949587
1,0
1,0
1,0
1,0
1,0
1,0
1,0
1,0
1,0
1,0
1,0
1,0
1,0
1,0
1,0
1,0
1,0
1,0
1,0
1,0
0,287.6061714856523
1,0
1,0
1,0
1,0
1,0
0,15.297933937663174
1,0
