state,recovery_time
1,0
1,0
1,0
1,0
1,0
1,0
1,0
1,0
1,0
1,0
1,0
1,0
1,0
1,0
1,0
1,0
0,313.3885829074516
1,0
1,0
1,0
1,0
1,0
1,0
1,0
0,0.4175955538623338
1,0
1,0
1,0
1,0
1,0
1,0
1,0
1,0
1,0
1,0
1,0
1,0
1,0
1,0
1,0
1,0
1,0
1,0
1,0
1,0
1,0
1,0
1,0
1,0
1,0
1,0
1,0
1,0
1,0
1,0
1,0
1,0
1,0
1,0
1,0
1,0
1,0
1,0
1,0
0,0.25407887163778786
1,0
0,282.9391024878743
0,1366.1758413253863
1,0
1,0
1,0
0,3184.6918685453616
1,0
1,0
1,0
1,0
1,0
0,11.76522088662155
1,0
1,0
1,0
1,0
1,0
1,0
1,0
0,1865.5330771874258
1,0
1,0
1,0
1,0
1,0
1,0
1,0
1,0
0,41.04728442051455
1,0
