state,recovery_time
1,0
0,47.60195371692333
1,0
1,0
1,0
0,1.8836806814044529
0,469.5996157448986
1,0
1,0
0,181.26676026733384
