state,recovery_time
1,0
1,0
1,0
0,23.716805923530785
0,14.250250591212565
0,6.070038607903718
1,0
0,404.7595256435994
1,0
1,0
