state,recovery_time
1,0
0,11.408685962536605
0,18565.85544676718
0,209.35438627533293
1,0
1,0
0,1.5435742864143636
1,0
1,0
1,0
