state,recovery_time
1,0
0,6.966154122298996
0,1.2348074805665044
1,0
0,1152.503946164569
1,0
1,0
1,0
0,5138.113236971513
1,0
