state,recovery_time
0,105.03184329851315
0,8.159915054432139
1,0
1,0
0,11.068530451437576
1,0
0,640.5766905473298
1,0
1,0
1,0
