state,recovery_time
1,0
1,0
1,0
1,0
1,0
0,264.8806985573199
0,0.37196587696046424
1,0
1,0
1,0
0,138.97529283537014
1,0
0,4.5256801605018335
1,0
1,0
1,0
1,0
1,0
1,0
0,210.73728399038205
1,0
1,0
1,0
1,0
1,0
1,0
1,0
0,12.292411439640908
1,0
1,0
1,0
1,0
0,82.38572104297612
0,9.22019825656925
1,0
1,0
1,0
0,1414.6395345572607
1,0
1,0
1,0
0,3837.0318419810305
1,0
1,0
1,0
1,0
1,0
1,0
1,0
1,0
1,0
1,0
1,0
1,0
1,0
1,0
1,0
1,0
1,0
1,0
1,0
1,0
1,0
1,0
1,0
1,0
0,68.01431371702108
1,0
1,0
1,0
0,1031.3330767768268
1,0
1,0
1,0
1,0
1,0
1,0
1,0
0,11.151494828069339
1,0
1,0
1,0
1,0
1,0
1,0
1,0
1,0
1,0
1,0
1,0
1,0
1,0
1,0
1,0
0,1.7268806220111883
1,0
