state,recovery_time
1,0
1,0
1,0
1,0
1,0
1,0
1,0
1,0
1,0
1,0
0,17.53691972175064
0,4.757896677723222
0,3.142015427546713
1,0
1,0
1,0
1,0
1,0
1,0
0,8.234665672513023
1,0
1,0
1,0
1,0
1,0
1,0
1,0
1,0
0,100.74992437293982
1,0
1,0
1,0
1,0
1,0
1,0
1,0
1,0
1,0
1,0
0,0.8999978288313696
1,0
1,0
0,78.55846717208536
1,0
1,0
1,0
1,0
1,0
1,0
0,24.523465665992664
1,0
1,0
1,0
1,0
1,0
1,0
1,0
1,0
1,0
1,0
1,0
1,0
0,169.93305381128437
1,0
0,24.604227089664846
1,0
1,0
1,0
0,0.9892052642392541
1,0
1,0
1,0
1,0
1,0
0,153.53452889052417
1,0
1,0
1,0
1,0
1,0
0,17.420814732588486
1,0
1,0
1,0
1,0
1,0
1,0
1,0
1,0
1,0
0,1.5713721135364755
1,0
1,0
1,0
1,0
1,0
