state,recovery_time
1,0
1,0
1,0
1,0
1,0
1,0
1,0
1,0
1,0
0,55.79742842763251
1,0
1,0
1,0
1,0
1,0
0,47.52419304411465
1,0
1,0
1,0
1,0
1,0
1,0
0,40.71197235902585
1,0
0,334.81560891364705
1,0
1,0
1,0
1,0
1,0
1,0
1,0
1,0
1,0
1,0
1,0
0,352.8488868578359
1,0
1,0
1,0
1,0
1,0
1,0
1,0
1,0
1,0
1,0
1,0
1,0
1,0
1,0
1,0
1,0
1,0
1,0
1,0
1,0
1,0
1,0
1,0
0,0.8477477737598799
1,0
1,0
0,86.3133566842832
1,0
1,0
1,0
0,1.9873369742873552
1,0
1,0
1,0
1,0
1,0
1,0
1,0
0,23.978779498695825
1,0
1,0
1,0
0,69.72580539412213
1,0
1,0
1,0
1,0
1,0
1,0
1,0
1,0
1,0
1,0
1,0
1,0
1,0
1,0
0,4.5577774287117405
1,0
