state,recovery_time
0,125.38536106199346
1,0
1,0
1,0
0,20.49996520866143
1,0
0,220.07402087486423
1,0
1,0
1,0
1,0
1,0
0,9.723185956028624
0,6.980653879567129
1,0
1,0
1,0
0,125.635358690907
1,0
1,0
0,57.60075653447661
1,0
0,100.75461792578842
1,0
1,0
1,0
0,1.0749438128734505
1,0
1,0
1,0
1,0
1,0
0,2588.115125973484
1,0
1,0
1,0
1,0
1,0
1,0
1,0
0,158.92653247937687
1,0
1,0
1,0
0,9.801824981106794
1,0
1,0
1,0
1,0
1,0
1,0
1,0
1,0
1,0
1,0
0,0.35347337877907564
1,0
1,0
1,0
1,0
1,0
0,23.011042299470038
1,0
1,0
1,0
1,0
0,7.535319170749393
0,35.019140321958176
1,0
1,0
1,0
1,0
1,0
1,0
1,0
0,6.461971847200948
1,0
1,0
0,108.90678707186215
1,0
0,1.5409740708272432
1,0
0,44.09332794830019
1,0
1,0
1,0
1,0
1,0
1,0
1,0
1,0
1,0
1,0
1,0
1,0
1,0
