state,recovery_time
1,0
1,0
1,0
1,0
1,0
0,10.96817741001539
0,86.71171362439793
0,181.04218782452574
1,0
1,0
