state,recovery_time
0,3.0917603873868806
0,22.80371836383254
0,4.62171369552546
0,20.64501633738485
0,7.628261488903165
0,8.121879585049506
0,1.0264223612700465
0,16.654805753166674
0,0.8867999587173971
0,137.1095526011366
0,23.593175743080945
0,28.87139213757585
0,6.468899855062038
0,8.921146309455974
0,94.15103411449446
0,72.5432349764068
0,6911.320029446893
0,0.9706438673426157
0,19.571831123098118
0,1038.0629962177597
0,48.690446553383
0,51.06108824235275
0,4.888928836305983
0,18.967246589675813
0,364.951058259677
0,66.99952500127169
0,216.17401935284124
0,5.08264452236921
0,4.929503234038029
0,23.854993254369614
0,15.948302984211724
0,142.78083241315096
0,0.9829058076311361
0,10.71618736337831
0,162.67171255444555
0,940.2645699103051
0,1.9913154195828935
0,15.68076773862513
0,84.76066102659969
0,11.9087319292038
0,70.84865506319774
0,0.632020624247132
0,21.60345859554914
0,17.97177933583862
0,1207.861953189324
0,5527.435163790407
0,265.6691235267689
0,194.70686496491146
0,0.3952358927892562
0,735.3065190961801
0,36.508990185326
0,179.07841216235738
0,231.3516001895914
0,0.718457594452645
0,1.0192773936583448
