state,recovery_time
1,0
1,0
1,0
1,0
1,0
1,0
1,0
1,0
0,116.3637687381971
1,0
1,0
1,0
0,1.2648846154352658
0,74.42449595795965
1,0
1,0
1,0
1,0
1,0
1,0
1,0
1,0
1,0
1,0
1,0
0,779.3228963357888
1,0
1,0
1,0
1,0
1,0
1,0
1,0
0,15.587177925964998
0,569.4650018438459
0,98.57822662928207
1,0
1,0
1,0
1,0
1,0
1,0
1,0
0,56.183201997259154
1,0
1,0
1,0
1,0
0,269.89258732430613
1,0
1,0
1,0
0,0.14080229687691834
0,1.658385053455388
1,0
1,0
1,0
1,0
0,0.3884024199696688
1,0
1,0
0,2870.271306526042
0,7.813056890084058
1,0
1,0
1,0
1,0
1,0
1,0
1,0
1,0
1,0
1,0
1,0
1,0
1,0
1,0
1,0
1,0
1,0
1,0
1,0
1,0
0,69.79284100989017
0,292.22636910407465
1,0
0,4.055652092783197
1,0
1,0
1,0
1,0
1,0
1,0
1,0
1,0
1,0
