state,recovery_time
1,0
1,0
1,0
1,0
1,0
1,0
1,0
1,0
1,0
1,0
1,0
1,0
1,0
1,0
1,0
1,0
1,0
1,0
1,0
1,0
1,0
1,0
0,269.69183899432846
1,0
1,0
1,0
1,0
1,0
1,0
1,0
0,74.98911199934527
1,0
1,0
1,0
1,0
1,0
0,68.8184662422136
1,0
0,14223.779420955338
1,0
1,0
1,0
1,0
1,0
1,0
1,0
1,0
1,0
1,0
1,0
1,0
1,0
1,0
1,0
0,177.21494512841863
1,0
1,0
1,0
1,0
1,0
0,39.679485697637446
1,0
1,0
1,0
1,0
1,0
1,0
1,0
1,0
1,0
1,0
1,0
1,0
1,0
1,0
1,0
1,0
1,0
1,0
1,0
1,0
1,0
1,0
1,0
1,0
1,0
1,0
0,113.4517635924135
1,0
1,0
1,0
1,0
1,0
1,0
1,0
1,0
