state,recovery_time
1,0
1,0
1,0
1,0
0,144.5865843657157
1,0
1,0
1,0
0,402.53351804604625
1,0
