state,recovery_time
1,0
1,0
1,0
1,0
0,69.04845085608004
1,0
0,215.70008466185215
1,0
1,0
1,0
