state,recovery_time
1,0
1,0
1,0
1,0
0,38.86540873440341
0,93.03326875044365
1,0
1,0
1,0
1,0
0,1.5966170367264376
1,0
0,2774.738577788596
1,0
0,2.900852038607011
1,0
1,0
1,0
1,0
1,0
1,0
1,0
1,0
1,0
1,0
1,0
1,0
1,0
1,0
1,0
1,0
1,0
1,0
1,0
1,0
1,0
1,0
1,0
1,0
1,0
1,0
1,0
1,0
0,54.74061243613786
1,0
1,0
1,0
0,1.9670319632029793
1,0
1,0
1,0
0,1.8294713753636858
1,0
1,0
0,0.20993183359784953
0,76.61754570718792
1,0
0,47.30965030912554
1,0
1,0
1,0
1,0
1,0
1,0
0,3.986367925143444
1,0
1,0
1,0
1,0
1,0
1,0
1,0
1,0
1,0
1,0
1,0
0,602.6260816710517
1,0
0,21.82777942803757
1,0
1,0
0,2.3213558623775006
0,173.45728655714075
1,0
1,0
1,0
1,0
1,0
1,0
1,0
1,0
1,0
1,0
1,0
1,0
0,99.81265908057087
