state,recovery_time
1,0
1,0
0,318.73377496613784
1,0
1,0
1,0
1,0
1,0
1,0
1,0
1,0
1,0
1,0
1,0
1,0
1,0
1,0
1,0
1,0
1,0
1,0
1,0
1,0
1,0
1,0
1,0
1,0
1,0
0,200.44159307884627
1,0
1,0
1,0
1,0
0,1101.5927397186153
1,0
1,0
0,11.577967651070347
1,0
1,0
1,0
1,0
0,0.9901056810177155
1,0
1,0
1,0
1,0
1,0
1,0
1,0
1,0
0,84.88658280778745
0,160.30984407930865
1,0
1,0
0,99.46137841016004
1,0
1,0
1,0
1,0
1,0
0,10.36360244633618
1,0
1,0
1,0
1,0
1,0
1,0
1,0
1,0
1,0
1,0
1,0
1,0
1,0
1,0
1,0
1,0
0,5.205732911359565
1,0
1,0
1,0
0,0.45514551923540203
1,0
1,0
1,0
1,0
1,0
1,0
0,145.24709458975732
0,31.751551704066458
1,0
1,0
0,199.11083048277246
1,0
1,0
1,0
