state,recovery_time
1,0
1,0
0,1070.013143617325
1,0
1,0
0,6838.924931822596
0,9.482738812836283
1,0
1,0
1,0
