state,recovery_time
0,1908.8983606725976
1,0
0,158.01767153081332
1,0
1,0
1,0
1,0
0,417.6909009429386
1,0
1,0
