state,recovery_time
1,0
1,0
1,0
1,0
1,0
1,0
1,0
1,0
1,0
1,0
1,0
1,0
1,0
1,0
1,0
1,0
1,0
1,0
1,0
1,0
1,0
1,0
1,0
1,0
1,0
1,0
1,0
0,1.1603001879166066
1,0
1,0
0,254.80890304214617
0,56.45815733244608
0,1.5857761168502111
1,0
1,0
1,0
1,0
1,0
1,0
1,0
1,0
1,0
1,0
1,0
1,0
1,0
1,0
1,0
0,208.2856064615462
1,0
1,0
1,0
0,423.4671303649917
1,0
1,0
