state,recovery_time
1,0
1,0
1,0
1,0
1,0
1,0
1,0
1,0
1,0
1,0
1,0
1,0
0,29.291161288845746
1,0
1,0
0,0.4694859454166809
1,0
1,0
1,0
1,0
0,1.392418583680788
1,0
1,0
1,0
1,0
1,0
0,797.3836711843537
1,0
0,432.41587883588835
1,0
1,0
1,0
1,0
1,0
1,0
1,0
1,0
0,200.29936380208977
1,0
1,0
1,0
1,0
1,0
1,0
1,0
1,0
1,0
0,5.694112757977736
1,0
1,0
1,0
1,0
1,0
1,0
1,0
1,0
1,0
1,0
1,0
1,0
1,0
1,0
0,106.87338713265608
1,0
1,0
1,0
1,0
1,0
0,88.68573245854806
1,0
1,0
1,0
1,0
1,0
0,434.4153492611916
1,0
1,0
0,100.3074690067413
1,0
1,0
0,329.06973054548257
1,0
1,0
1,0
1,0
1,0
1,0
1,0
1,0
0,12.831440548560915
1,0
1,0
1,0
0,25.834875380734623
1,0
1,0
