state,recovery_time
0,2.592816079957639
0,0.934468495521623
1,0
0,1.3683554411494039
0,39.60732676127027
1,0
0,14.967594989054392
1,0
1,0
1,0
