state,recovery_time
1,0
1,0
1,0
0,9.642683856370585
1,0
1,0
0,7.150823498995286
1,0
1,0
0,32.65526983143903
