state,recovery_time
1,0
1,0
1,0
0,5.183164761304854
1,0
1,0
1,0
0,332.4641424476914
1,0
1,0
