state,recovery_time
1,0
1,0
1,0
0,1.9069697849062106
1,0
0,32.0713500813032
0,9.847153125199902
1,0
0,22.580961844133434
1,0
1,0
1,0
1,0
1,0
1,0
1,0
1,0
1,0
1,0
1,0
1,0
1,0
0,71.80266944792713
1,0
1,0
0,19.933784294342786
1,0
1,0
1,0
1,0
0,44.03185874650029
1,0
1,0
1,0
1,0
1,0
1,0
1,0
1,0
1,0
1,0
1,0
1,0
0,5590.775829326049
1,0
1,0
0,2.4073943676766505
1,0
1,0
1,0
1,0
1,0
1,0
1,0
1,0
