state,recovery_time
0,41.433127644174526
0,79.2637459967884
1,0
1,0
1,0
1,0
1,0
1,0
1,0
1,0
