state,recovery_time
1,0
0,139.8035559329238
1,0
1,0
1,0
1,0
0,16.762960159324653
1,0
1,0
1,0
1,0
1,0
1,0
1,0
0,810.1981199146182
1,0
1,0
1,0
1,0
0,3.672692655954084
1,0
1,0
1,0
1,0
1,0
1,0
1,0
1,0
1,0
1,0
0,10.316237521702389
1,0
1,0
1,0
1,0
1,0
0,384.26028615005276
1,0
1,0
1,0
1,0
1,0
1,0
1,0
1,0
1,0
1,0
1,0
0,4.244116753111362
1,0
1,0
0,287.5554251471776
0,0.7934472725219016
1,0
1,0
1,0
1,0
1,0
1,0
1,0
1,0
1,0
1,0
1,0
1,0
1,0
1,0
1,0
1,0
1,0
1,0
1,0
1,0
1,0
1,0
1,0
1,0
1,0
0,1.1145437113472005
1,0
1,0
0,3.933946619322268
1,0
1,0
1,0
1,0
1,0
1,0
1,0
1,0
1,0
1,0
0,7.71953784961828
1,0
1,0
1,0
