state,recovery_time
0,30.53417795520457
1,0
1,0
1,0
1,0
1,0
1,0
1,0
1,0
1,0
0,6.612061757136285
1,0
0,242.58521117453236
0,33.09559293748107
1,0
1,0
1,0
1,0
1,0
1,0
1,0
1,0
1,0
1,0
0,122.06440840588719
1,0
0,131.97111341127533
1,0
1,0
1,0
1,0
1,0
0,41.44381456609784
1,0
1,0
0,2.770767870291339
1,0
1,0
1,0
0,73.83249217701892
1,0
1,0
1,0
1,0
0,244.1314335173312
0,30370.178080535152
1,0
1,0
1,0
1,0
1,0
1,0
1,0
1,0
1,0
