state,recovery_time
1,0
1,0
1,0
1,0
1,0
1,0
1,0
1,0
0,105.4838961296463
0,43.349277321888884
0,53.30695263607618
1,0
1,0
1,0
1,0
1,0
1,0
1,0
1,0
1,0
1,0
0,121.50990101309192
1,0
1,0
1,0
0,4.08072118978575
1,0
1,0
1,0
1,0
1,0
1,0
1,0
1,0
0,149.82032808681663
1,0
0,3.5834251728228654
1,0
1,0
0,5.95765153342836
1,0
1,0
1,0
1,0
0,2.0410943509982107
0,2125.203498312859
0,2.490893476276895
1,0
1,0
1,0
1,0
1,0
1,0
1,0
1,0
