state,recovery_time
0,135.43785287112107
0,322.83373608092586
0,45.309997541781385
0,28.53771578284733
1,0
0,62.87835759007132
0,396.6375093652488
1,0
0,10.627882087702568
1,0
