state,recovery_time
1,0
1,0
1,0
1,0
1,0
1,0
1,0
1,0
0,0.9956011710620579
1,0
1,0
0,7.4230359893460225
1,0
0,1.3079297650228712
1,0
1,0
1,0
1,0
1,0
1,0
1,0
1,0
1,0
1,0
1,0
1,0
1,0
1,0
0,15.517133101032286
1,0
0,36.7571950999194
1,0
1,0
1,0
1,0
1,0
1,0
1,0
1,0
1,0
1,0
1,0
1,0
1,0
1,0
1,0
1,0
1,0
1,0
1,0
1,0
1,0
0,17.78745274885391
0,405.484653244427
1,0
1,0
1,0
1,0
1,0
1,0
0,92.41389083684936
1,0
1,0
0,4.621656465272688
1,0
1,0
0,398.6508787490388
1,0
1,0
1,0
1,0
1,0
1,0
1,0
0,20.47075812179251
1,0
1,0
1,0
1,0
1,0
1,0
1,0
1,0
1,0
1,0
1,0
1,0
1,0
1,0
1,0
1,0
1,0
1,0
1,0
1,0
1,0
