state,recovery_time
1,0
1,0
1,0
1,0
1,0
1,0
1,0
1,0
1,0
1,0
1,0
1,0
1,0
1,0
1,0
1,0
1,0
1,0
1,0
1,0
1,0
0,0.27015558396458655
1,0
0,22.967028354995758
1,0
1,0
1,0
1,0
1,0
1,0
1,0
1,0
1,0
1,0
1,0
1,0
1,0
1,0
1,0
1,0
1,0
1,0
1,0
0,1414.528809793742
1,0
0,14.375810319774176
1,0
1,0
1,0
1,0
1,0
1,0
1,0
1,0
1,0
1,0
1,0
1,0
1,0
1,0
0,950.5572599613917
1,0
1,0
1,0
1,0
0,0.2286496983433537
1,0
1,0
1,0
1,0
1,0
1,0
1,0
1,0
0,594.2919545150243
1,0
1,0
1,0
1,0
1,0
0,65.2688456994533
1,0
1,0
0,140.57139173269508
1,0
1,0
1,0
1,0
1,0
1,0
1,0
0,2.7505599490344417
1,0
1,0
1,0
1,0
