state,recovery_time
1,0
1,0
1,0
1,0
1,0
1,0
1,0
1,0
1,0
1,0
1,0
1,0
1,0
1,0
1,0
1,0
0,1.2943421021647343
1,0
1,0
1,0
1,0
1,0
1,0
1,0
1,0
1,0
1,0
1,0
1,0
1,0
1,0
1,0
1,0
0,44.31846110761429
1,0
1,0
1,0
0,11.802166841821998
1,0
0,4883.091012843485
1,0
1,0
1,0
1,0
1,0
1,0
1,0
1,0
1,0
1,0
1,0
0,55.66827035956898
1,0
1,0
1,0
1,0
1,0
1,0
1,0
1,0
1,0
1,0
1,0
1,0
1,0
1,0
1,0
1,0
1,0
1,0
1,0
1,0
1,0
1,0
1,0
1,0
1,0
1,0
1,0
1,0
1,0
1,0
0,856.6541194326629
1,0
0,2216.6549197057334
1,0
1,0
0,1431.6232133103167
1,0
1,0
0,48.21985728811297
1,0
0,29.25823801610358
1,0
0,0.18417166369502366
0,9.692696699152338
