state,recovery_time
1,0
1,0
1,0
1,0
0,60.56586331000931
1,0
1,0
1,0
1,0
1,0
1,0
1,0
0,2.8485752751280202
1,0
1,0
1,0
0,95.45720152753509
1,0
1,0
1,0
1,0
1,0
0,75.95524101340224
1,0
1,0
1,0
1,0
0,0.04156573371327441
1,0
0,4.1948663151867915
1,0
1,0
1,0
1,0
0,666.884326883996
1,0
1,0
1,0
1,0
1,0
1,0
1,0
1,0
1,0
1,0
1,0
1,0
1,0
1,0
1,0
1,0
1,0
1,0
1,0
1,0
1,0
1,0
1,0
1,0
1,0
1,0
1,0
1,0
1,0
1,0
1,0
1,0
1,0
1,0
1,0
1,0
0,2565.6428879735454
1,0
1,0
1,0
1,0
1,0
1,0
1,0
1,0
1,0
1,0
1,0
1,0
1,0
1,0
0,11.50251227708996
1,0
1,0
1,0
1,0
1,0
1,0
1,0
1,0
1,0
