state,recovery_time
1,0
1,0
1,0
1,0
1,0
1,0
1,0
1,0
0,83.51595499949323
1,0
0,7.084483961312055
1,0
0,2.888146891022344
1,0
1,0
1,0
1,0
0,422.13577184809185
1,0
0,0.4118802904486458
1,0
1,0
1,0
0,138.11241959269304
1,0
1,0
1,0
1,0
1,0
1,0
1,0
1,0
1,0
1,0
1,0
1,0
0,2.7656584239959034
1,0
1,0
1,0
1,0
1,0
0,89.21211537700965
1,0
1,0
1,0
1,0
0,64.01773459887217
1,0
1,0
1,0
1,0
1,0
1,0
1,0
1,0
1,0
1,0
1,0
1,0
1,0
1,0
1,0
1,0
1,0
1,0
1,0
0,54.959563331565064
1,0
1,0
0,245.9816810087266
1,0
0,155.66044687026204
0,7.677901242876594
1,0
1,0
1,0
1,0
1,0
1,0
1,0
1,0
1,0
0,194.9318333769104
1,0
1,0
1,0
0,120.18615401482919
1,0
1,0
0,3.000885011088356
1,0
1,0
1,0
0,36.02219643377802
1,0
