state,recovery_time
0,147.22989062499474
1,0
0,15.853321275313736
1,0
0,3.9178293555105816
1,0
0,3.978354753916611
0,8.304717237852536
0,89.45631481889522
1,0
