state,recovery_time
1,0
1,0
0,4.384574191308777
0,91.85332893664018
0,31.93448929796824
1,0
0,76.02770557363343
0,9.613155878750723
1,0
0,0.19203156106402522
