state,recovery_time
1,0
1,0
0,17.96784304698423
0,1.9224732178101493
1,0
1,0
1,0
1,0
0,35.08983375739168
1,0
0,28.37162533252062
1,0
0,1330.2195302377434
1,0
0,91.47682515483558
1,0
1,0
1,0
1,0
0,2.5992180286396622
1,0
1,0
0,2.052902071102612
1,0
1,0
1,0
1,0
1,0
1,0
1,0
1,0
1,0
1,0
1,0
1,0
1,0
1,0
1,0
0,13.913142609022202
1,0
1,0
1,0
1,0
1,0
1,0
1,0
1,0
1,0
1,0
1,0
1,0
1,0
1,0
1,0
0,8.78903475200304
