state,recovery_time
0,47.50054335878321
1,0
1,0
0,103.3722193712354
1,0
0,31.940874090924932
1,0
0,62.86023223281669
1,0
0,518.3425545131341
