state,recovery_time
0,17.417787076957023
1,0
1,0
1,0
1,0
1,0
0,1.252891550261586
1,0
0,143.1461486487283
0,5.4612142089636455
