state,recovery_time
0,35.76099183545971
1,0
1,0
0,686.9507546812315
0,0.107220127102957
1,0
1,0
0,28.627252833845002
1,0
0,3.2107247527961973
