state,recovery_time
0,386.70829244692385
0,1146.2058713880492
0,2.2053961515430207
0,88.33348307484887
0,275.6485448864655
0,5.48610237781414
0,220.76820618630853
0,20.676007577325457
1,0
0,24.145428577155506
0,21.869507317487276
1,0
1,0
1,0
0,418.38631707978413
0,10.119195283342723
0,79.56183320571756
0,0.7484347517416744
1,0
1,0
0,45.99497509515567
0,12.241025076340243
0,47.88388982864316
1,0
1,0
1,0
0,37.78753727764376
0,34.686623183127836
1,0
0,6.59464955488801
1,0
0,11.094318321958797
0,43.31826821162648
0,94.73177511284355
0,4299.95618603556
1,0
1,0
1,0
0,263.8754100595873
0,3.6254039898584396
0,65511.33559493491
1,0
1,0
0,882.4872268634293
0,288.16733882329436
1,0
0,2337.6469557561586
0,2098.03482596551
0,0.8692574328473487
1,0
0,2.536221338583514
1,0
0,4.72665343863967
1,0
0,44.11500149897845
1,0
1,0
0,494.2368482308759
1,0
0,8364.710702593224
1,0
1,0
0,35.667004976630274
0,34.94610314707609
0,252.06567963315044
1,0
0,0.8805002732693108
0,6.054466829188985
1,0
1,0
0,782.8943197608583
1,0
1,0
0,11.170256537892039
0,48.96088379720786
1,0
1,0
1,0
0,22.17190859739663
0,2.2064502971412625
0,43.319373680544444
0,8.451168731258283
0,1.183190188038803
0,155.71435837182298
1,0
0,6.509339293429343
0,32.33677435457477
0,299.666650253575
0,53.47841574338783
1,0
0,87.96641248880677
0,2.7265459248455524
0,45.660364690339485
0,1.9738931066779837
0,307.46293133121463
1,0
