state,recovery_time
0,2.168577154530016
1,0
0,1164.7562768365035
0,4150.169122083087
1,0
0,98.7226233129198
1,0
0,9.240629214110989
1,0
1,0
1,0
1,0
0,52.455788661259405
0,929.6687164134523
0,53.201891435029424
0,0.08908888386225448
0,98.80442725302063
1,0
0,139.78709948179147
1,0
0,13.79157264359536
0,0.9649833247661429
1,0
0,0.30622202294820017
0,14316.227051825526
1,0
0,1471.569961257053
0,2.4188950198207575
1,0
0,454.35328903064874
0,2.0743280160732116
0,36.86574470231917
0,2.643530844088483
1,0
1,0
0,142.18431945856258
0,0.4081508908559319
1,0
1,0
0,382.46684509467764
0,19.736553365397437
0,4.9702193005510225
0,9.430222621526136
0,11.820473626422519
1,0
0,8942.486366760428
1,0
0,40.473757608138676
0,1.0906776442400525
0,34.75134281441275
0,47.6974367621336
1,0
1,0
1,0
0,57.00398568062954
0,10.206628908942747
0,13.7173445038316
0,173.6879729563381
0,2.554720459654205
0,121.45569011533465
0,1.275229202826112
0,11.07405958881643
0,517.0341385682675
0,14.206722010032406
1,0
1,0
0,902.5385565043473
1,0
0,4.315640955892219
1,0
0,1298.1818096611803
0,2533.3551401269347
0,295.7809741094827
0,4.247488456620933
0,42.65711732495423
1,0
1,0
0,145.36938491178046
1,0
1,0
0,4165.715151030572
0,13.869031430012312
0,2562.5117287562234
0,1.7457894475838587
0,17.67559250345551
0,89.8235500847541
0,111.10814092422595
0,28.101876001648687
0,0.5900413886198517
0,97.3447879131587
0,97.36265102312535
1,0
0,25.191721784673692
0,5.637488245807682
1,0
1,0
