state,recovery_time
0,8.486247964704155
0,10.51750365290396
0,3373.7406203307282
0,2.9910525391942935
0,6.56897681126905
0,197.20620388981698
0,1.8930599660231746
0,50.82222058502943
0,3.2758575439243374
0,145.31732253376626
0,177.72763223623295
0,7.600123917262211
0,36.790488190942995
0,27.83930442769777
0,1.4078318045753169
0,0.8286886947438447
0,33.442044130351974
0,4.422056921699807
0,50.64230698260799
0,661.3664707451537
0,29.3836659695047
0,122.19744451252588
0,74.00767405542793
0,13.34872251664511
0,18.378690567082494
0,0.7165677475056597
0,9.100031256176832
0,222.22950401756245
0,39.110347798368615
0,396.91689054131496
0,52.22544086497034
0,71.46578839757574
0,48.85415429659215
1,0
0,68.10532002127944
1,0
1,0
0,52.42188896353835
0,59.73788381012
0,1.3489908349892863
0,6.785283077700486
0,9.649601759101497
0,23.714447290083758
0,118.31506698343249
0,135.65361784812384
1,0
0,31.731616401945434
0,130.21889244649645
0,347.2979584412512
0,1283.5131761975776
1,0
1,0
1,0
0,230.40902839077938
0,7.35016932665245
