state,recovery_time
1,0
0,32.52810976862439
0,0.8472329895382533
1,0
0,14.186222071765737
1,0
0,2.7535632055131734
0,29.789320806512475
1,0
1,0
