state,recovery_time
0,2.338101267581183
1,0
1,0
1,0
1,0
0,2242.872210404366
0,6.098237211008147
0,125.31436726852203
0,150.7571793662797
0,1.9482872959047652
