state,recovery_time
1,0
1,0
1,0
0,9.909679864995738
1,0
0,4247.178320301733
0,218.6350241179806
0,13.778277357936524
1,0
1,0
