state,recovery_time
0,381.65026879668324
1,0
1,0
0,6.514332628432488
1,0
1,0
0,59.363005064629846
1,0
1,0
1,0
1,0
1,0
1,0
1,0
1,0
1,0
1,0
0,19.253959369130467
1,0
1,0
1,0
1,0
1,0
0,23.714386941129664
1,0
1,0
1,0
1,0
1,0
0,807.9392130537551
0,4.085923667552723
1,0
1,0
0,26.077421469116302
1,0
1,0
1,0
1,0
1,0
0,898.844782018646
1,0
1,0
0,10.64860034916428
0,9.186825377096097
1,0
1,0
1,0
1,0
1,0
1,0
1,0
1,0
1,0
0,2722.6830335448703
1,0
