state,recovery_time
1,0
1,0
1,0
1,0
0,0.646163534240611
0,35.44366302662662
0,19.69974808950497
1,0
0,4.037712825789649
0,7.594678783174677
