state,recovery_time
0,1995.2525074261061
1,0
1,0
1,0
1,0
0,2.863940309875919
1,0
1,0
0,332.4300571524825
1,0
