state,recovery_time
0,165.0700517108023
1,0
0,25.247594286477142
0,68.42260493675852
1,0
1,0
1,0
1,0
1,0
1,0
