state,recovery_time
0,34.994186676591255
0,154.7400004718936
0,104.59187630955522
1,0
0,6.579069532850941
0,24.905495150920128
0,10065.504455441689
1,0
1,0
1,0
1,0
0,73.65005931664905
0,2.1493150688874687
0,7.752937121027727
0,12.834558894414663
1,0
0,11.559560402893764
0,20.035186697265562
0,286.27698250952534
0,20.508505248900793
0,96.24523069726308
1,0
0,647.2415210572343
1,0
0,65.11252731514234
0,29.386448148199882
0,11.34470742449635
1,0
0,1.0009615990746974
0,14.167968581256043
0,293.588980905457
0,14.837538513013293
1,0
0,0.09220321617992731
1,0
1,0
0,465.30275599097433
0,18.17116416029805
0,4182.983032433886
1,0
0,850.930965312848
1,0
0,110.29855095039147
1,0
0,44.54159225566194
1,0
0,2479.1191473715962
0,185.30856453268265
0,354.12293904077774
0,1.1273217743029038
1,0
0,28.1184148376019
0,2.5570652026004597
1,0
0,5554.068767598927
1,0
1,0
0,5.02389121314997
0,69.57052591311084
1,0
1,0
1,0
1,0
1,0
1,0
0,9490.827898752605
0,1.3785498072315239
0,527.6406003601077
1,0
0,12.490051079812366
0,598.2584697571899
0,0.6261940523508136
0,85.27756280496764
0,4.872498959240683
0,97.69975390761006
1,0
0,10.467315573337459
0,46.46679912185966
0,12791.491927007477
1,0
0,3.5096810568388914
0,5.9695001723936825
1,0
1,0
1,0
0,81.59220438335143
1,0
0,389.2983303556366
0,85.97967465209214
0,60.49444569060472
0,1.4049806108684473
0,31.35791182722703
1,0
0,42.03611746513322
0,119.22521987071386
1,0
