state,recovery_time
0,95.16890009435679
0,1.1411109701241342
1,0
1,0
0,1319.4599450320127
1,0
0,35.647737319377434
1,0
0,104.69705169696549
0,49.03694075561004
0,827.9098480590193
0,64.01529377596616
0,2.0811272632812603
0,47.88907804455905
1,0
0,3.543643823092465
0,34.77954579101889
0,4.4045584859658415
0,27.03943620008483
0,73.52495065492322
0,371.8527693419546
1,0
1,0
1,0
0,3.0909717563793437
0,0.8753572955949699
0,4.913358215066429
1,0
0,44.612276818217346
1,0
1,0
0,2172.000280725223
0,2.418051296247606
0,16.39333226912034
0,20.89807347278312
1,0
1,0
0,17.61472717780511
0,3.5379041877082917
1,0
1,0
0,1593.9410373226624
1,0
0,9.715250842752493
0,24.951712495315814
0,1.4833623290975098
0,19.127460045613294
1,0
1,0
1,0
1,0
1,0
0,8.208166642231252
0,276.43778717873164
1,0
1,0
1,0
0,658.9328249206995
0,41.67864945155366
1,0
1,0
1,0
1,0
0,815.021554086265
0,35.074867987524264
0,34.02845796789897
0,2.8237644902331853
1,0
0,18.00061833724288
0,392.4127776593427
0,2.385684189948793
0,546.1048975093041
0,2.199456640057075
0,5.256004053416576
0,29.539956858747786
0,141.33474128941924
0,7.290633989256432
1,0
0,12.996830362031234
0,3.2702618980876497
1,0
1,0
1,0
1,0
1,0
0,40.00642288018371
1,0
1,0
0,110.18908185485714
0,4.554527498002024
1,0
0,14.791815332463653
0,3.2075543059518896
1,0
0,106.51732632509453
0,512.7786385806078
