state,recovery_time
0,1.7028853416925454
1,0
1,0
1,0
0,630.0495197797015
1,0
0,350.55646486094895
0,267.43434619405673
0,14.978577870535489
1,0
