state,recovery_time
0,65.77375638803672
1,0
0,20.298440692598895
1,0
0,46.039794999332564
1,0
0,13.255647560671285
0,9.239794958326272
0,76.8285043893956
1,0
