state,recovery_time
0,201.48712134690862
0,9.56192723066517
0,1.4894023942966075
0,119.48548473900799
0,400.3415862788547
0,1095.5087998274257
0,1.1941230816099362
0,3.8608690893218536
0,2.9123287981609414
0,0.8058810868338605
0,155.12802471709898
0,0.026588647078718004
0,94.41074171323032
0,7.166411814483547
0,83.2732343475384
0,15.377889300626679
0,45.45755671106784
0,19.90112390246391
0,980.5138706048376
0,23.11565598161763
0,5.8011666421554064
0,0.8143598679416791
0,0.859401855007493
0,33.31757879906907
0,94.57715761350546
0,7.490351896902123
0,449.0719212219742
0,3.5883451088541123
0,1.5426067639363223
0,27.59579833311896
0,583.3460052154479
0,3.7424770926595383
0,27.51956522943107
0,156.4688052898087
0,15.851620682838805
0,120.17993532018119
0,13.03569231770826
0,1131.0862629606283
0,2.408556765647583
0,0.5554588203481827
0,0.4180478393661445
0,3.687529878151957
0,20.956342155838584
0,26.90266622265279
0,124.99557366924147
0,131.82480766643323
0,1456.4903205750645
0,9.128332482601886
0,77.08788138704186
0,11.526333355071598
0,29.222910862146104
0,2553.1631915544926
0,86.20940259545411
0,25.0415293029463
0,82.13971386393737
