state,recovery_time
0,0.3107923146367348
1,0
0,29.508269644728628
0,59.170801522152274
1,0
0,74.95385716498352
0,22.08841603291565
0,8.988245942081237
1,0
0,444.71633949917543
