state,recovery_time
0,12.56530757953811
1,0
0,0.9587323414629122
0,48.77044132829524
0,3024.1520937505416
0,138.03866260831907
0,14.516960092210173
0,135.34923550519682
0,1.8512840420885741
1,0
