state,recovery_time
0,159.96711532532285
0,1176.5387849580939
0,1100.104037302455
0,26.204694166878237
1,0
0,787.7714717297343
0,1070.361068684688
1,0
0,457.40813412574454
0,40.81937696044859
