state,recovery_time
0,11.619372186258232
0,4.83247920624572
0,511.91326233775777
0,11.231838013271485
0,11.404571661317794
0,39.05784766626398
0,5132.6435738082555
0,8.78619618719804
0,247.11807814789785
0,39.35555680494191
0,4.067876973275653
0,414.1540240961931
0,83.5507319236573
0,21.42198385818218
0,79.52658724406186
0,10.96857044855314
0,11.177967920732792
0,72.69274955235535
0,35.61699684411979
0,0.4559569343645543
0,2469.355630497242
0,1010.8839296440015
0,5.477503489219461
0,167.61367834369133
0,69.9880853044478
0,29.870154806927737
0,20.441919583679816
0,456.96044396685994
0,254.25419530050718
0,11.734496444588462
0,1591.6091741864238
0,31.054201920295437
0,22.12045608900933
0,6.9033925269676395
0,5.295944597330862
0,306.65549515228764
0,79.38338505520659
0,353.9719853020232
0,160.15796712193023
0,0.6153868257320265
0,32.498465637854764
0,8.795076062408102
0,1904.523355669293
0,210.15620845315328
0,469.4710521358674
0,14.916252921972179
0,4.417743396483277
0,32.493671987436606
0,22.937406099670532
0,82.08801339181954
0,10.912618724879517
0,7.213591164798308
0,29.78357955004368
0,89.29020378020867
0,6279.615616597577
