state,recovery_time
0,217.99078693545079
0,6511.958610175059
0,5.8392780694123685
0,59.857471397475805
1,0
1,0
1,0
0,1.5645598005394132
0,18.19995715974895
0,131.54563883079888
