state,recovery_time
0,500.59850417303085
0,3.7564400679982777
0,42.4646705268346
0,10.654616903344007
0,121.45244634263884
0,0.28481749606457507
0,0.5638275730027236
0,122.81888659717403
0,31.52487465067836
0,26.63813153457219
0,19.216248287474
0,7.517871389819101
0,30.602431847298064
0,34.535008382510696
0,13.143209019258451
0,8847.24488994088
0,17.919856011674202
0,0.337153844454008
0,24.634039041415267
0,0.07157554276582694
0,0.52285510710874
0,127.41534744095388
0,1.0856751058515515
0,61.1350921948264
0,220.5055378927709
0,69.8526571077236
0,370.4419489647963
0,6.5688453266031805
0,18.31498567729693
0,65.83486919752826
0,5.889258914799407
0,89.70787269732129
0,14.26498791109934
0,290.8495821710182
0,397.98521755121084
0,4.906862392765673
0,0.298605686817062
0,1.6428257578392267
0,96.58924256112003
0,155.79177513072528
0,46.883721382546426
0,27.366937548751455
0,7.5189339797813455
0,135.11256527201738
0,33729.673662819536
0,72.04432124344342
0,12.416946381699601
0,1.6340799869578335
0,2399.4832930027223
0,117.54283558900082
0,19.933385909982192
0,87.46506286992877
0,1.9414110629614134
0,3.4458108339806337
0,1.8042819150798561
