state,recovery_time
0,18.38814525133005
0,20.695422111603218
0,6.956713840906031
0,1.8975220503871926
1,0
0,0.1253412060194564
1,0
1,0
0,0.2731642799736922
0,13.135169559983085
0,71.36417024214222
1,0
0,402.2038806719937
1,0
0,67.16891613797759
1,0
1,0
1,0
1,0
1,0
1,0
1,0
0,0.8188614777674538
0,143.04051520780564
1,0
1,0
0,32.57051952291891
1,0
0,2.3626601241011076
1,0
1,0
1,0
1,0
0,0.8632176016947662
0,1984.3111492060682
0,17.293893520178877
0,34.66515956723306
1,0
0,63.77805931690855
0,3.6210772274020244
0,136.60693939299387
0,0.0107586421446721
0,340.1263846689967
1,0
1,0
1,0
0,3.4445407606232723
1,0
0,277.9503452921481
1,0
1,0
0,466.4337465050714
1,0
1,0
1,0
1,0
1,0
0,5.050556702078209
0,3.321110056043081
1,0
0,2958.096382156198
1,0
0,359.8427651283342
1,0
0,4.39952760072251
1,0
1,0
1,0
0,779.7589704231508
1,0
1,0
0,1792.109401050929
1,0
0,286.6098693799652
0,14.112690129761091
1,0
1,0
1,0
0,130.56587100888345
1,0
1,0
0,1.245431515123938
0,234.21836209654313
0,8.732296195618758
1,0
0,271.8342086950348
0,79.5029826367987
0,265.0412005358472
1,0
1,0
0,16.127624502654978
0,3.526659143480214
1,0
0,29.825539674201018
0,0.3222280712091976
1,0
