state,recovery_time
0,568.8999594005279
1,0
0,1078.8148016637892
1,0
1,0
0,12.234570477532046
1,0
1,0
1,0
1,0
1,0
1,0
1,0
1,0
1,0
1,0
1,0
1,0
1,0
1,0
0,3545.9046382031793
0,0.7808437250068689
1,0
1,0
1,0
1,0
1,0
1,0
1,0
1,0
1,0
1,0
0,22.401628999321662
0,431.43382946338085
1,0
1,0
0,9.27907700856884
1,0
1,0
1,0
1,0
1,0
0,8.042913264218814
0,6.226263316926391
1,0
1,0
0,178.085678531477
0,0.20375101427807682
1,0
1,0
1,0
1,0
0,5.278371484694022
1,0
0,141.30965869057187
1,0
1,0
1,0
1,0
0,5.230763274213756
1,0
1,0
1,0
1,0
0,1.5934988507676169
1,0
1,0
1,0
1,0
0,5.843906470524887
1,0
1,0
1,0
1,0
1,0
1,0
1,0
1,0
1,0
1,0
1,0
0,0.25792149998663344
1,0
0,1355.8986931601496
1,0
1,0
1,0
1,0
1,0
1,0
1,0
1,0
1,0
1,0
1,0
0,34.72015462760766
