state,recovery_time
1,0
1,0
1,0
1,0
1,0
1,0
1,0
1,0
0,0.8001786280644901
1,0
1,0
1,0
1,0
1,0
1,0
0,41.75072925744188
0,2.156406129502111
1,0
1,0
1,0
1,0
1,0
1,0
1,0
1,0
1,0
1,0
1,0
1,0
1,0
1,0
1,0
1,0
1,0
1,0
1,0
1,0
0,848.3277107324491
1,0
1,0
1,0
1,0
1,0
1,0
1,0
1,0
1,0
1,0
1,0
0,74.53445749493977
1,0
1,0
1,0
1,0
1,0
