state,recovery_time
1,0
1,0
0,19.76673932351911
1,0
1,0
1,0
1,0
1,0
1,0
0,105.64342987299332
1,0
1,0
1,0
1,0
0,96.10395689327589
1,0
1,0
1,0
1,0
1,0
1,0
1,0
1,0
1,0
1,0
1,0
1,0
1,0
1,0
0,76.35067264288631
1,0
1,0
1,0
1,0
1,0
1,0
1,0
0,109.34014865087431
1,0
0,2334.222627800947
0,36.39957456449409
1,0
1,0
1,0
1,0
0,23.202857899291097
1,0
1,0
1,0
1,0
1,0
1,0
1,0
1,0
1,0
1,0
1,0
1,0
1,0
0,320.31667252504997
1,0
1,0
1,0
1,0
0,27.309192776183817
0,431.64227543631193
0,1.3559274059404418
1,0
1,0
1,0
0,2.9511222329813274
1,0
1,0
1,0
1,0
1,0
0,10.658782010204975
1,0
1,0
1,0
1,0
1,0
1,0
1,0
1,0
1,0
0,30.304506664520595
1,0
1,0
0,197.76427224961787
1,0
1,0
1,0
1,0
0,875.5296432325458
1,0
