state,recovery_time
0.0,519.4273698069868
1.0,0.0
1.0,0.0
1.0,0.0
1.0,0.0
1.0,0.0
1.0,0.0
1.0,0.0
0.0,1550.4002521838474
1.0,0.0
