state,recovery_time
1.0,0.0
1.0,0.0
1.0,0.0
1.0,0.0
1.0,0.0
0.0,0.005700538755049685
1.0,0.0
1.0,0.0
0.0,1214.104072299752
1.0,0.0
