state,recovery_time
1.0,0.0
0.0,432.93616057299266
0.0,15.519273367226964
0.0,8.19366651335799
0.0,2271.0592905011017
1.0,0.0
1.0,0.0
1.0,0.0
1.0,0.0
1.0,0.0
