state,recovery_time
1.0,0.0
1.0,0.0
1.0,0.0
1.0,0.0
1.0,0.0
0.0,5.087153020192386
0.0,91.63822977521671
1.0,0.0
1.0,0.0
1.0,0.0
