state,recovery_time
1.0,0.0
1.0,0.0
0.0,99.23758908776367
1.0,0.0
0.0,83.36973272974183
1.0,0.0
1.0,0.0
1.0,0.0
0.0,0.021130431696019247
1.0,0.0
