state,recovery_time
1.0,0.0
1.0,0.0
1.0,0.0
1.0,0.0
1.0,0.0
1.0,0.0
0.0,0.5739288840982175
1.0,0.0
0.0,94.9581192550903
1.0,0.0
