state,recovery_time
1.0,0.0
1.0,0.0
0.0,11.943319056920641
1.0,0.0
1.0,0.0
0.0,86.62942736447297
1.0,0.0
1.0,0.0
1.0,0.0
1.0,0.0
