state,recovery_time
1.0,0.0
1.0,0.0
1.0,0.0
1.0,0.0
1.0,0.0
1.0,0.0
0.0,595.8175653363852
0.0,368.61370575671
1.0,0.0
1.0,0.0
