state,recovery_time
1.0,0.0
1.0,0.0
1.0,0.0
1.0,0.0
0.0,32.092878195648154
0.0,215.74026318358125
1.0,0.0
1.0,0.0
1.0,0.0
1.0,0.0
