state,recovery_time
0,48.914340027022334
1,0
1,0
0,25.963450337275336
1,0
1,0
0,33.774715453397825
1,0
1,0
1,0
