state,recovery_time
1,0
0,73.76688807270524
1,0
1,0
1,0
0,1423.7722487982203
0,200.91448680359608
0,16.081735333462806
0,577.6423791478198
1,0
