state,recovery_time
1,0
1,0
0,3.2021314495064663
1,0
1,0
1,0
1,0
0,998.422587692161
1,0
0,1.0307222342755533
