state,recovery_time
1,0
1,0
1,0
0,27.036348442335424
0,15.250202185796162
0,146.48913964992775
0,159.83413375918573
0,4422.149146288424
0,32.00581504709462
1,0
