state,recovery_time
1,0
1,0
0,11.21368518242551
1,0
0,1.8705273691600444
0,22.681764784182445
1,0
0,0.3327925387715464
1,0
1,0
