state,recovery_time
0,229.87654104938977
1,0
1,0
1,0
0,0.7506316560749183
0,16.135998618418927
1,0
1,0
1,0
1,0
