state,recovery_time
1,0
1,0
0,0.7615867584630761
0,178.66576207463473
1,0
1,0
1,0
0,5889.610587878485
1,0
1,0
