state,recovery_time
0,6.629007106990996
1,0
1,0
0,139.71855619808022
1,0
1,0
1,0
0,0.8888725852080074
1,0
1,0
