state,recovery_time
1,0
1,0
1,0
1,0
1,0
0,1344.5124724283683
1,0
1,0
1,0
1,0
1,0
1,0
1,0
1,0
1,0
1,0
1,0
1,0
1,0
1,0
1,0
1,0
1,0
0,113.45048038905024
1,0
0,214.25224326543665
1,0
1,0
1,0
0,414.15172192594713
1,0
1,0
1,0
1,0
1,0
0,2429.6940243888916
1,0
0,26.685363160273205
1,0
1,0
1,0
0,6.768615338192188
1,0
0,815.615811006299
1,0
1,0
1,0
1,0
0,85.0454076463912
1,0
1,0
1,0
1,0
1,0
0,12.457935266015845
