state,recovery_time
1,0
1,0
1,0
1,0
0,120.1503641941428
1,0
1,0
1,0
1,0
1,0
1,0
1,0
1,0
1,0
1,0
1,0
1,0
1,0
1,0
1,0
1,0
1,0
1,0
0,136.46206846330676
1,0
1,0
0,338.73755443188054
1,0
1,0
0,610.1860723381512
0,3.1693955919756363
1,0
0,61.485818592431734
1,0
1,0
1,0
1,0
1,0
1,0
1,0
0,12.020807235346831
1,0
1,0
0,64.22989884728814
1,0
1,0
0,1296.1054686860562
1,0
0,124.92794099931156
1,0
1,0
1,0
1,0
1,0
1,0
