state,recovery_time
0,0.302496032718415
1,0
1,0
1,0
0,27.599942596445402
1,0
0,33.61341966484758
1,0
0,118.84000773755523
0,12777.82126902726
