state,recovery_time
1,0
1,0
0,27.88995008539945
0,37.003106332581694
1,0
0,38.8831068816494
1,0
0,1604.042455921398
0,14.331151708894064
1,0
