state,recovery_time
1,0
0,678.0892175881946
0,1.7955041280960857
0,52.18012586445629
0,3844.1661030348246
1,0
1,0
1,0
1,0
0,29.223434618254853
