state,recovery_time
0,32.4400034721292
1,0
1,0
0,260.0504074499244
1,0
0,13126.292597915322
1,0
0,146.05204241906242
0,14.369233248418237
1,0
