state,recovery_time
1,0
0,109.55455091388379
1,0
1,0
1,0
0,12.46113882664351
0,166.96368466547978
1,0
0,16.401225166806032
0,241.44113394460743
