state,recovery_time
0,2.1633564511154684
0,0.02853681079143353
1,0
0,250.8305727327052
1,0
1,0
0,1.6532007398881923
1,0
1,0
0,72.28217008408082
