state,recovery_time
1,0
0,66.06030287810732
1,0
0,10.621927496944027
0,18.59825354185296
0,40.98649192420623
0,37.72735621553097
1,0
1,0
1,0
