state,recovery_time
0,15.564699098474284
1,0
1,0
0,740.4772829060935
1,0
1,0
1,0
1,0
0,3.26649060739174
1,0
