state,recovery_time
1,0
1,0
1,0
1,0
0,1.548905660287391
0,33.289280301164446
1,0
1,0
0,34391.46303601163
1,0
