state,recovery_time
1,0
1,0
0,12.502126044632607
1,0
1,0
0,3.73602175341262
1,0
0,48.9366159379973
1,0
1,0
