state,recovery_time
1,0
0,44.739568715511126
0,49.589483562934745
1,0
1,0
1,0
1,0
1,0
1,0
1,0
