state,recovery_time
1,0
1,0
0,145.96230722724226
1,0
1,0
1,0
0,536.0915794709388
1,0
1,0
1,0
