state,recovery_time
1,0
1,0
1,0
1,0
1,0
0,31.58323494818321
0,3.0471602431405973
1,0
1,0
1,0
