state,recovery_time
1,0
1,0
1,0
1,0
1,0
1,0
1,0
1,0
1,0
1,0
0,250.72344130651805
0,19.605213485648534
1,0
0,366.35956872306963
1,0
1,0
1,0
0,618.7225530995148
1,0
1,0
1,0
1,0
1,0
1,0
1,0
0,957.817664495192
1,0
1,0
1,0
1,0
1,0
1,0
1,0
1,0
0,23.11511365989594
1,0
1,0
1,0
1,0
1,0
1,0
1,0
1,0
1,0
1,0
1,0
1,0
0,20.602913441276126
1,0
1,0
1,0
1,0
1,0
1,0
1,0
1,0
1,0
1,0
1,0
1,0
1,0
1,0
1,0
1,0
1,0
1,0
1,0
1,0
1,0
1,0
1,0
0,201.1565510930686
1,0
0,5.9083561465572005
1,0
1,0
1,0
1,0
1,0
1,0
1,0
1,0
1,0
1,0
1,0
0,125.57818998308666
1,0
1,0
1,0
1,0
1,0
0,1109.2252140835963
1,0
1,0
1,0
1,0
