state,recovery_time
1,0
1,0
1,0
0,149.20471420102177
1,0
0,36.03414416799598
1,0
0,349.3493581322136
0,875.5014946854598
1,0
0,266.2427376624178
1,0
1,0
1,0
0,8.765528037015219
1,0
1,0
1,0
0,19.706891983987468
1,0
1,0
1,0
1,0
1,0
1,0
0,67.04720788947053
0,79.49906086605645
0,379.8314672835773
1,0
1,0
1,0
1,0
1,0
1,0
1,0
1,0
1,0
0,12.57666526816663
1,0
1,0
0,341.12217391856205
1,0
1,0
0,1315.954194134814
1,0
1,0
1,0
1,0
1,0
1,0
1,0
1,0
1,0
1,0
1,0
1,0
1,0
1,0
1,0
1,0
1,0
0,168.28114956728382
1,0
0,233.26482925171132
1,0
1,0
1,0
1,0
1,0
0,7287.117617521154
1,0
1,0
1,0
1,0
1,0
1,0
1,0
0,59.60503719004215
1,0
1,0
1,0
1,0
0,5.153248261582347
1,0
1,0
1,0
0,655.1694324454136
1,0
0,369.25774620452984
1,0
1,0
1,0
1,0
1,0
1,0
1,0
