state,recovery_time
0,1.7390037289259985
1,0
1,0
1,0
1,0
1,0
1,0
1,0
1,0
0,19.172632376632517
1,0
1,0
1,0
1,0
1,0
1,0
1,0
1,0
1,0
1,0
0,65.48697578971066
1,0
1,0
0,28.84808618443015
1,0
1,0
1,0
0,1989.1290638212056
1,0
1,0
1,0
1,0
0,14.00570759300833
1,0
1,0
1,0
1,0
0,38.438644189297726
1,0
1,0
1,0
1,0
1,0
0,1017.0998194054089
1,0
1,0
1,0
1,0
1,0
1,0
1,0
1,0
0,46.12213881979786
1,0
1,0
0,2131.4239377364743
0,2725.0852946931495
1,0
1,0
1,0
0,0.02360092091913767
1,0
1,0
1,0
0,21.484806166238606
1,0
1,0
1,0
1,0
1,0
1,0
1,0
1,0
1,0
1,0
1,0
1,0
1,0
1,0
1,0
1,0
1,0
1,0
1,0
1,0
1,0
1,0
1,0
1,0
0,58.66792674664474
1,0
1,0
1,0
1,0
1,0
0,6.535398395983574
