state,recovery_time
0,1.2968198332466934
1,0
1,0
0,3314.115565784323
1,0
1,0
0,212.38124675613847
1,0
1,0
1,0
1,0
1,0
1,0
0,107.04973591347044
1,0
0,0.3581827146123146
1,0
1,0
1,0
1,0
0,179.910456039193
1,0
1,0
1,0
1,0
1,0
1,0
1,0
1,0
1,0
1,0
0,58.4596884157968
1,0
1,0
1,0
1,0
1,0
1,0
1,0
1,0
0,16.07804066221596
1,0
1,0
1,0
1,0
1,0
1,0
1,0
1,0
1,0
1,0
1,0
1,0
1,0
0,25.099540545164455
1,0
1,0
1,0
1,0
1,0
1,0
1,0
1,0
1,0
0,40.95883844966255
1,0
1,0
1,0
1,0
1,0
1,0
1,0
0,3832.2779663376705
0,95.05835712827626
1,0
1,0
1,0
1,0
1,0
1,0
0,3.226856746717459
0,2.2612223799550955
1,0
1,0
1,0
1,0
1,0
1,0
1,0
1,0
1,0
1,0
1,0
0,30.112982393230688
1,0
1,0
