state,recovery_time
0,57.11347882633575
1,0
1,0
0,106.58712887260143
1,0
1,0
1,0
1,0
0,1.6464644219529312
1,0
