state,recovery_time
1,0
0,82.39306769304275
1,0
1,0
1,0
0,44.35043168415092
1,0
1,0
1,0
1,0
