state,recovery_time
0,9.352219001342533
1,0
0,212.36218757743788
1,0
1,0
1,0
1,0
0,16.49511330472709
1,0
0,549.7602085021203
