state,recovery_time
0,255.15696827562186
0,13.040221200276433
0,2.3540264872586762
1,0
1,0
1,0
1,0
0,1777.5594301669794
1,0
1,0
