state,recovery_time
1,0
1,0
0,25.334766703609606
1,0
1,0
0,44.49290116947482
1,0
0,4218.305381220185
0,3.3761695278935426
1,0
