state,recovery_time
1,0
0,5.422423496913565
0,19.406818928560565
0,9.165652975951737
0,6.148373066487821
1,0
1,0
1,0
1,0
1,0
