state,recovery_time
1,0
1,0
1,0
1,0
1,0
0,37.608536032939085
1,0
1,0
1,0
1,0
1,0
1,0
1,0
1,0
1,0
1,0
1,0
1,0
1,0
1,0
1,0
1,0
1,0
1,0
1,0
1,0
0,4.310308127498911
1,0
0,19.77556328422034
1,0
1,0
1,0
1,0
1,0
1,0
1,0
1,0
1,0
0,389.58127921383084
1,0
1,0
1,0
1,0
1,0
1,0
1,0
1,0
1,0
1,0
1,0
1,0
1,0
1,0
1,0
1,0
