state,recovery_time
1,0
0,54.235136717145096
1,0
1,0
0,4.824357429009108
1,0
0,326.6226324851185
1,0
1,0
0,0.1339133573049016
