state,recovery_time
0,4.306449564227592
0,23.329187731191613
0,244.968479325806
1,0
1,0
0,39.93401705997284
1,0
1,0
1,0
1,0
