state,recovery_time
1,0
1,0
0,379.4755399675397
0,4.336747971604689
1,0
1,0
1,0
1,0
1,0
1,0
