state,recovery_time
1,0
1,0
1,0
1,0
1,0
1,0
0,9.135745507132768
1,0
1,0
0,0.22194090009556997
