state,recovery_time
0,16.53084386382647
1,0
1,0
1,0
1,0
1,0
1,0
1,0
1,0
0,0.7787906325743392
