state,recovery_time
0,112.9635136763395
1,0
1,0
1,0
1,0
1,0
0,609.2384813213715
1,0
1,0
1,0
