state,recovery_time
1,0
1,0
1,0
0,7.734074378125505
1,0
1,0
1,0
1,0
0,6.168423952310613
1,0
1,0
1,0
1,0
1,0
1,0
0,2254.5789838555315
1,0
1,0
0,11.25215372267925
1,0
1,0
1,0
1,0
1,0
1,0
1,0
1,0
0,20.206158067885422
0,0.42621246697773363
1,0
1,0
1,0
1,0
1,0
1,0
0,604.9265139408012
1,0
1,0
1,0
1,0
1,0
0,35.83865106135256
1,0
1,0
1,0
1,0
1,0
1,0
1,0
0,1275.6548174444358
1,0
1,0
1,0
1,0
1,0
