state,recovery_time
0,14773.825702942084
0,23.06686277736909
1,0
1,0
1,0
1,0
1,0
1,0
1,0
1,0
