state,recovery_time
1,0
1,0
1,0
0,14.672253552321957
0,13.51856907321556
0,13.521857174931275
1,0
1,0
0,934.4478411448437
1,0
