state,recovery_time
0,52.787572113588524
1,0
1,0
1,0
1,0
1,0
0,0.08688646678034234
1,0
1,0
1,0
