state,recovery_time
1,0
1,0
1,0
1,0
1,0
1,0
1,0
0,6.47699016271099
1,0
0,40.90744847012414
