state,recovery_time
0,510.1493514589319
1,0
1,0
1,0
0,38.017716747398794
1,0
1,0
1,0
0,24.092188948337
1,0
