state,recovery_time
0,6.358033632109362
0,8.371498960906733
0,46.914870394238505
1,0
0,37.24682449462594
0,206.89855721856193
1,0
1,0
0,28.70414743645396
1,0
