state,recovery_time
0,1.5975827352061447
0,698.4883866749856
1,0
1,0
1,0
1,0
0,134.25826301333876
1,0
0,75.46986993808511
1,0
1,0
1,0
0,0.030413933362362398
1,0
1,0
0,269.57402831567947
0,20.090454912511976
1,0
1,0
1,0
0,225.74988591896187
1,0
0,7.1247712476958975
1,0
1,0
1,0
1,0
1,0
1,0
1,0
1,0
1,0
1,0
1,0
1,0
1,0
1,0
0,4.60992873488909
1,0
0,4585.224948678325
1,0
1,0
0,13.506833392183665
1,0
1,0
1,0
0,7715.775984753398
1,0
0,15.389742019337971
1,0
1,0
1,0
1,0
1,0
1,0
1,0
1,0
1,0
1,0
1,0
1,0
1,0
1,0
1,0
1,0
1,0
1,0
1,0
1,0
1,0
1,0
1,0
1,0
1,0
1,0
1,0
0,86.6456644295865
1,0
1,0
1,0
1,0
1,0
1,0
1,0
1,0
1,0
1,0
1,0
1,0
1,0
1,0
1,0
1,0
1,0
1,0
0,27.08729977661919
