state,recovery_time
0,6.713370078268213
1,0
1,0
0,638.8698053295371
1,0
0,106.95893556146126
0,72.67480518775793
1,0
1,0
0,285.4313514444485
1,0
1,0
1,0
1,0
1,0
1,0
1,0
1,0
1,0
0,42.39673999660285
1,0
1,0
1,0
1,0
1,0
0,1374.4040566068406
1,0
1,0
1,0
1,0
1,0
1,0
1,0
1,0
1,0
1,0
1,0
1,0
1,0
1,0
0,168.13725302758561
1,0
1,0
1,0
1,0
1,0
0,4.731147666559588
1,0
1,0
1,0
1,0
1,0
1,0
1,0
0,27.88170920285493
1,0
1,0
1,0
1,0
1,0
1,0
1,0
0,179.79806232958788
0,1014.9586474028596
1,0
1,0
1,0
1,0
1,0
1,0
1,0
1,0
1,0
1,0
1,0
1,0
1,0
1,0
1,0
0,3.8732471896020697
1,0
1,0
1,0
1,0
1,0
1,0
1,0
0,39.593473812372025
0,3.555678371065745
1,0
0,80.17407430666776
0,29.961763403497535
1,0
1,0
0,0.24785710381485732
1,0
