state,recovery_time
1,0
1,0
1,0
1,0
1,0
0,20.434827563337457
0,182.6184667582807
1,0
1,0
1,0
1,0
1,0
1,0
1,0
1,0
1,0
1,0
1,0
1,0
1,0
1,0
1,0
1,0
1,0
0,1.4415741428252955
1,0
0,26531.141554736434
1,0
1,0
1,0
1,0
1,0
1,0
1,0
1,0
1,0
1,0
1,0
1,0
1,0
1,0
1,0
1,0
1,0
0,2133.36393171299
1,0
1,0
1,0
1,0
1,0
1,0
1,0
1,0
1,0
1,0
0,2.286567937565972
1,0
0,7.562772158175695
1,0
1,0
1,0
1,0
0,8.212019897081452
1,0
1,0
1,0
1,0
0,12.709215208291917
1,0
1,0
1,0
1,0
1,0
1,0
1,0
1,0
1,0
1,0
1,0
1,0
1,0
1,0
1,0
1,0
1,0
1,0
1,0
1,0
1,0
1,0
1,0
1,0
0,160.8168876365913
1,0
1,0
1,0
