state,recovery_time
1,0
0,0.15393693471164208
1,0
0,38848.8586142683
1,0
1,0
0,6.233775040259717
1,0
1,0
1,0
1,0
1,0
0,4.425796969093918
1,0
1,0
1,0
1,0
1,0
1,0
1,0
1,0
1,0
1,0
1,0
1,0
0,747.0895011464718
1,0
1,0
1,0
1,0
0,15.756265414576317
1,0
1,0
1,0
1,0
1,0
1,0
1,0
1,0
1,0
1,0
1,0
1,0
1,0
1,0
1,0
1,0
1,0
1,0
0,84.7316293531583
1,0
1,0
1,0
1,0
1,0
1,0
1,0
1,0
1,0
1,0
1,0
1,0
1,0
0,68.54462082952774
1,0
1,0
1,0
1,0
1,0
1,0
1,0
1,0
1,0
1,0
1,0
1,0
1,0
1,0
1,0
1,0
1,0
1,0
1,0
1,0
1,0
1,0
1,0
1,0
1,0
1,0
0,238.5586848960328
1,0
0,1515.7404262053503
1,0
1,0
1,0
