state,recovery_time
0,327.51788254071306
1,0
1,0
1,0
0,0.16038627884756446
1,0
1,0
1,0
1,0
1,0
