state,recovery_time
1,0
0,167.197555070395
1,0
1,0
1,0
1,0
0,151.3664277871109
1,0
1,0
1,0
