state,recovery_time
1,0
1,0
1,0
0,69.14781094304695
0,28.45605744578736
1,0
1,0
0,9.645613666756581
1,0
0,7.356138012756578
