state,recovery_time
1,0
1,0
0,77.38803502957578
0,1.884909203853712
1,0
0,83.10259435484842
1,0
0,838.1669351032007
1,0
1,0
