state,recovery_time
1,0
1,0
0,188.73492847104725
1,0
0,436.27328604531306
1,0
0,167.37998847606804
0,120.32958933076047
1,0
1,0
