state,recovery_time
0,7.610982334816797
1,0
1,0
1,0
1,0
0,3.116108716835646
1,0
0,6.107094173810117
0,79.86602105323173
1,0
