state,recovery_time
1,0
0,2.7253404879430536
1,0
1,0
0,253.73245830551875
1,0
1,0
1,0
1,0
1,0
0,3.5171669473338594
1,0
1,0
1,0
0,37.74187542433595
1,0
1,0
1,0
1,0
1,0
1,0
1,0
1,0
1,0
1,0
1,0
0,33.145258769409374
0,101.25792537742645
1,0
1,0
1,0
1,0
1,0
1,0
1,0
0,52.59037244392296
1,0
1,0
1,0
1,0
1,0
1,0
1,0
1,0
1,0
1,0
1,0
1,0
0,214.27381554188509
1,0
1,0
1,0
1,0
1,0
1,0
0,186.66433295884272
1,0
1,0
0,1349.2618901870917
1,0
1,0
1,0
0,445.73715599869684
0,8.234033091521216
1,0
0,11.615989510165225
1,0
1,0
1,0
1,0
1,0
0,107.63748316767942
1,0
1,0
1,0
0,0.4861566227633471
1,0
1,0
1,0
1,0
1,0
0,4.508314362611113
1,0
1,0
1,0
1,0
1,0
0,3763.791907229883
0,86.81001396744371
1,0
1,0
1,0
1,0
1,0
1,0
1,0
