state,recovery_time
1,0
1,0
0,7.018099296104297
1,0
1,0
1,0
1,0
1,0
1,0
1,0
1,0
1,0
1,0
1,0
1,0
0,40.94371324941135
1,0
1,0
1,0
1,0
1,0
1,0
0,37.15461624410437
1,0
1,0
1,0
1,0
0,106.18408507074012
1,0
1,0
0,100.60168319493003
1,0
1,0
1,0
0,5.355590933878461
1,0
1,0
1,0
1,0
1,0
1,0
1,0
1,0
1,0
1,0
1,0
1,0
1,0
1,0
1,0
1,0
1,0
0,11.533683981477802
1,0
1,0
1,0
1,0
1,0
1,0
1,0
0,78.74885005261582
1,0
1,0
0,151.53186694768246
1,0
1,0
1,0
1,0
1,0
1,0
1,0
1,0
1,0
1,0
1,0
1,0
1,0
1,0
1,0
1,0
1,0
1,0
1,0
1,0
1,0
1,0
1,0
1,0
1,0
1,0
1,0
1,0
0,562.2409757918467
1,0
1,0
1,0
