state,recovery_time
1,0
1,0
1,0
0,10.760072976027013
0,40.46038618040313
1,0
1,0
1,0
1,0
1,0
1,0
1,0
1,0
1,0
0,13.36952589145161
1,0
1,0
1,0
1,0
1,0
1,0
1,0
1,0
1,0
1,0
1,0
1,0
1,0
1,0
1,0
1,0
1,0
1,0
1,0
0,1.4818106283715562
1,0
1,0
1,0
1,0
1,0
1,0
1,0
1,0
1,0
1,0
1,0
1,0
1,0
1,0
1,0
1,0
1,0
1,0
1,0
1,0
1,0
1,0
1,0
1,0
1,0
1,0
1,0
1,0
0,54.234149490948
1,0
0,92.74617394480323
1,0
1,0
1,0
0,114.35173926990849
1,0
1,0
0,11.654693019297534
1,0
1,0
1,0
1,0
1,0
1,0
1,0
1,0
1,0
0,5.450896355527897
1,0
1,0
1,0
0,351.18773486393604
1,0
1,0
1,0
1,0
1,0
1,0
1,0
1,0
1,0
