state,recovery_time
1,0
1,0
1,0
0,29.034126936927517
1,0
1,0
1,0
1,0
1,0
1,0
1,0
1,0
1,0
1,0
1,0
1,0
1,0
1,0
1,0
0,66.8103298687673
0,1900.2009220156147
1,0
1,0
0,589.3075040071444
1,0
1,0
0,262.12880943651726
0,303.18923938508016
1,0
1,0
1,0
1,0
0,296.4826308894677
0,1760.6848268398276
1,0
1,0
1,0
1,0
1,0
1,0
1,0
0,70.98156144194985
1,0
1,0
1,0
1,0
1,0
1,0
1,0
1,0
1,0
1,0
1,0
1,0
1,0
1,0
1,0
1,0
1,0
1,0
0,3.3209103259731148
1,0
1,0
1,0
0,31.68608814675879
1,0
1,0
1,0
1,0
1,0
1,0
1,0
1,0
1,0
1,0
1,0
1,0
1,0
0,26.874505505238787
1,0
1,0
1,0
1,0
0,13.141281494481662
1,0
1,0
1,0
1,0
1,0
0,400.91426748237615
1,0
1,0
1,0
1,0
1,0
1,0
