state,recovery_time
1,0
1,0
1,0
1,0
1,0
0,10.882708009106521
1,0
0,21785.078738443426
1,0
0,1.0342617616188212
