state,recovery_time
1,0
1,0
1,0
1,0
0,13.63212987852845
1,0
1,0
1,0
0,25.154178437783372
0,490.8123521631174
