state,recovery_time
0,30.001209399592007
1,0
0,17.250072103652485
1,0
0,56.31288229983511
1,0
1,0
0,12.821590639862393
1,0
1,0
1,0
1,0
1,0
1,0
0,2.8482326348435762
1,0
0,22.03192282600005
1,0
1,0
1,0
1,0
1,0
1,0
0,11.26603334853081
1,0
1,0
1,0
1,0
1,0
1,0
1,0
1,0
1,0
1,0
1,0
0,7.388226993335427
1,0
1,0
1,0
1,0
0,7.144406111672362
1,0
0,5.777982427773951
1,0
1,0
1,0
0,497.6740678913749
1,0
1,0
1,0
1,0
1,0
1,0
1,0
1,0
