state,recovery_time
0,2.430158664748766
1,0
0,30.294378111568655
1,0
0,1127.0427160232657
1,0
1,0
1,0
0,11.024090660219514
0,1314.1783363304853
