state,recovery_time
0,232.58590651529744
1,0
1,0
1,0
0,537.9815078030118
0,22.835717791238054
0,5.33631193129189
1,0
0,3.572552626252786
1,0
