state,recovery_time
0,109.07816598520283
1,0
1,0
1,0
0,92.85597142292909
0,4.213564127137425
0,51.797176663345304
1,0
1,0
0,219.797176529644
