state,recovery_time
0,462.6729216139801
1,0
0,1.8794235500091232
1,0
1,0
1,0
1,0
1,0
1,0
1,0
0,709.5250135133771
1,0
1,0
1,0
1,0
0,9.589670613117978
1,0
1,0
1,0
1,0
1,0
1,0
1,0
1,0
0,3.0381954393051998
1,0
1,0
1,0
1,0
1,0
1,0
1,0
0,6417.774733563776
1,0
1,0
0,62.16078513649262
0,3.7881700521682617
1,0
1,0
1,0
1,0
1,0
1,0
0,0.7352545090216824
1,0
1,0
1,0
1,0
1,0
1,0
1,0
1,0
1,0
1,0
0,3336.146398111339
1,0
1,0
1,0
1,0
1,0
1,0
1,0
1,0
1,0
1,0
1,0
1,0
0,141.61557586701858
0,201.265190625168
1,0
1,0
1,0
0,105.8298098069228
1,0
1,0
0,555.1279046493019
1,0
1,0
0,23.985423977026386
1,0
1,0
1,0
1,0
1,0
1,0
1,0
1,0
0,101.72240590656202
1,0
1,0
1,0
1,0
1,0
1,0
1,0
1,0
