state,recovery_time
1,0
1,0
1,0
1,0
1,0
1,0
1,0
1,0
1,0
1,0
1,0
1,0
1,0
1,0
1,0
1,0
1,0
0,125.3553826491426
1,0
1,0
1,0
1,0
1,0
1,0
1,0
0,31.421459564184477
1,0
1,0
1,0
1,0
1,0
1,0
1,0
1,0
1,0
0,114.50436145360455
1,0
1,0
1,0
1,0
0,2772.77773664715
1,0
1,0
1,0
1,0
1,0
1,0
1,0
1,0
1,0
1,0
1,0
1,0
1,0
1,0
1,0
0,39.244135653879184
0,3.1774509585823387
1,0
1,0
1,0
1,0
1,0
1,0
1,0
1,0
1,0
1,0
1,0
1,0
1,0
1,0
1,0
1,0
0,656.6983306402191
1,0
1,0
1,0
1,0
1,0
0,632.8896216753179
1,0
1,0
1,0
1,0
0,99.02603976686466
1,0
1,0
1,0
1,0
1,0
1,0
1,0
1,0
1,0
1,0
