state,recovery_time
1,0
1,0
1,0
1,0
1,0
0,451.43996698618776
1,0
1,0
0,85.53909919200308
1,0
1,0
1,0
1,0
0,539.2619155705723
1,0
1,0
1,0
1,0
1,0
1,0
1,0
1,0
0,53.662562086648045
0,12.259496410927683
0,41.340111378123034
1,0
1,0
1,0
0,26.927792982797257
1,0
0,1700.557776128848
1,0
1,0
1,0
0,21.98436004020882
1,0
1,0
1,0
1,0
1,0
1,0
0,17.874503591518884
0,449.8067880723274
1,0
1,0
1,0
1,0
0,45.90036153931892
0,4861.767403992197
1,0
1,0
1,0
1,0
1,0
1,0
1,0
1,0
1,0
1,0
1,0
1,0
1,0
0,11.470571495328402
1,0
1,0
1,0
1,0
1,0
1,0
1,0
1,0
1,0
1,0
0,97.31929492400292
1,0
1,0
1,0
1,0
1,0
0,0.40145434612850794
0,1.906274470729078
1,0
0,21.830335561107322
1,0
1,0
1,0
1,0
0,14.449507244929082
1,0
1,0
1,0
1,0
1,0
1,0
1,0
1,0
