state,recovery_time
1,0
0,1544.521006063852
1,0
1,0
1,0
1,0
1,0
1,0
1,0
1,0
1,0
0,61.57140974304901
1,0
1,0
1,0
1,0
1,0
1,0
1,0
0,385.6587546203721
1,0
1,0
1,0
1,0
1,0
1,0
1,0
0,4.012595447784695
1,0
0,125.07550517365839
1,0
1,0
1,0
1,0
0,157.09051741848427
1,0
1,0
1,0
1,0
1,0
1,0
1,0
1,0
1,0
1,0
1,0
1,0
0,475.63473851862744
1,0
1,0
1,0
1,0
1,0
1,0
1,0
0,23.320630040966467
1,0
1,0
1,0
1,0
1,0
1,0
1,0
1,0
1,0
1,0
0,36.87285273029116
1,0
1,0
1,0
1,0
0,919.7161235485103
1,0
0,965.5532443638034
1,0
1,0
1,0
1,0
1,0
1,0
1,0
1,0
1,0
1,0
1,0
1,0
1,0
1,0
1,0
1,0
1,0
1,0
1,0
1,0
1,0
1,0
