state,recovery_time
0,586.0283575446728
1,0
0,5.701734241128658
1,0
0,159.63101747766885
0,448.58101213857645
0,101.89612999874169
0,1443.5700694122752
1,0
0,28.515840746530962
