state,recovery_time
1,0
1,0
0,51.395231893425006
1,0
0,7.250889045325753
0,47.53938609227273
0,9.4012776877035
0,32.551246383033906
0,2.3163112409345756
0,115.74105989568068
