state,recovery_time
1,0
0,0.3341000220661027
0,3255.7724374858485
1,0
1,0
1,0
0,82.46059380785933
0,255.26876221603527
1,0
1,0
1,0
0,579.3386896930424
1,0
1,0
1,0
1,0
0,0.7409134520149495
1,0
1,0
0,363.1091007490669
1,0
1,0
1,0
0,6.2684987461278885
1,0
1,0
0,39.17065771112572
1,0
1,0
1,0
1,0
1,0
1,0
1,0
1,0
1,0
0,146.8952585628338
1,0
1,0
1,0
1,0
1,0
1,0
1,0
1,0
1,0
1,0
1,0
1,0
1,0
0,12.107949079264761
1,0
1,0
1,0
1,0
1,0
1,0
1,0
1,0
1,0
1,0
1,0
1,0
0,1964.6266192436835
1,0
1,0
1,0
1,0
0,9.209535156996461
1,0
1,0
1,0
1,0
1,0
0,2.7447800346694935
1,0
1,0
0,0.23010635507932672
1,0
1,0
1,0
0,22.94659715581198
1,0
1,0
1,0
1,0
1,0
1,0
1,0
1,0
0,1390.9715880169451
1,0
1,0
1,0
0,36.13259385841905
1,0
