state,recovery_time
1,0
1,0
1,0
0,1.2153663861030584
1,0
1,0
0,2003.8440618444818
1,0
1,0
0,56.24138756013854
