state,recovery_time
0,25.231468300514084
0,43.723003385407374
1,0
0,5.416050749755206
0,0.33749556048673723
0,445.61946244147657
0,35.920885474491165
0,115.82873089319926
1,0
0,126.15690835042389
