state,recovery_time
0,14.6574268613059
0,31.40493555826954
0,12.828140484900697
1,0
0,99.37724210157474
0,6.319072507174296
0,58.75309241864526
0,25.036206230769317
0,6.49710339254078
1,0
