state,recovery_time
0,589.076393571151
0,9.809580367660168
1,0
0,2.1218522904953003
0,46.17298439493274
1,0
0,1.3165455464917106
0,37.434011315512
0,130.34755934575185
0,0.2984767956682706
