state,recovery_time
0,0.35259780842990596
0,70.7926805598412
0,1331.5312190134348
0,75.53130364144128
1,0
1,0
0,76.62150432232352
1,0
0,9.967418438529277
1,0
