state,recovery_time
0,0.02145846811360755
0,7.644567401331054
0,80.00398369237972
0,71.35271530544681
0,20.98039196079338
1,0
0,22.15224960717493
1,0
0,2404.902131236561
0,1364.0943596317272
