state,recovery_time
0,0.11156274517171777
0,1.5932563054776228
0,27.675184361501763
1,0
0,88.28769803842961
0,108.19733787076086
0,888.1584129784347
0,45.459344557013864
1,0
0,123.25792139276423
