state,recovery_time
0,11.33508268963317
0,6.941700440976368
0,511.8873561489158
0,80.6320166667551
1,0
0,6280.499944384854
1,0
1,0
0,4439.962384226117
0,4.084512337204645
