state,recovery_time
0,130.40734504942156
0,347.56293908621836
0,28.177040990587912
1,0
1,0
0,32.02651868514261
0,13.231243883349215
1,0
0,1002.552285262087
0,55.82492970445221
