state,recovery_time
0,7.190815452313996
1,0
0,18.601513876971197
0,997.6689465157516
1,0
0,14.611693505327214
1,0
0,8.189838340774134
1,0
0,1933.1412052276107
