state,recovery_time
1,0
1,0
1,0
1,0
1,0
1,0
1,0
1,0
1,0
1,0
1,0
1,0
1,0
1,0
1,0
0,28.608252931077946
1,0
0,108.95999584043336
0,2.910431503274821
0,32.414540888420554
1,0
1,0
1,0
1,0
1,0
1,0
0,3229.8977727621514
1,0
1,0
1,0
1,0
1,0
1,0
1,0
1,0
1,0
1,0
0,302.48663484736596
0,304.27413642624117
1,0
1,0
1,0
1,0
1,0
1,0
1,0
1,0
1,0
1,0
1,0
1,0
1,0
1,0
1,0
1,0
1,0
0,238.32960478124022
1,0
1,0
1,0
1,0
1,0
1,0
1,0
1,0
1,0
1,0
0,30.302027617699896
1,0
0,13.132371463964338
1,0
1,0
1,0
1,0
1,0
1,0
1,0
1,0
1,0
1,0
1,0
1,0
1,0
1,0
1,0
0,643.559362601433
1,0
1,0
1,0
1,0
1,0
1,0
1,0
1,0
1,0
1,0
