state,recovery_time
1,0
0,21.505497777443225
1,0
0,461.51762566392586
1,0
1,0
0,68.1288456460085
0,123.07677599009597
1,0
0,108.28300300542506
