state,recovery_time
1,0
0,63.28304633346392
0,33.665628290878715
0,50.85153486860309
0,1.4738056886429878
1,0
1,0
0,13.154742065331297
1,0
1,0
