state,recovery_time
1,0
0,0.13263754437861763
0,16.617390424315328
1,0
1,0
0,175.98239926395814
0,48.27517335895751
1,0
1,0
0,162.00792482312573
