state,recovery_time
0,75.63391859057988
1,0
1,0
0,6.218740689227522
1,0
1,0
0,230.2254358611389
0,13.039917893712367
1,0
0,2.1826109274112406
