state,recovery_time
1,0
0,772.9147525992657
0,31.44174255701061
0,54.899572633736256
1,0
0,5.4917523060777285
1,0
1,0
1,0
0,74.84069198797057
