state,recovery_time
0,78.25981403431327
0,1.304877063401428
1,0
1,0
1,0
0,0.5640717012993076
1,0
0,100.7711219355822
1,0
0,1664.062973284302
