state,recovery_time
1,0
0,1490.0005947819611
0,120.51192225085978
1,0
0,98.79617163213568
1,0
0,639.8293120428374
0,3.696115948250195
1,0
1,0
