state,recovery_time
1,0
1,0
1,0
1,0
1,0
0,4402.161617954524
0,0.3239123414136349
1,0
1,0
1,0
1,0
1,0
1,0
1,0
1,0
1,0
1,0
1,0
1,0
1,0
1,0
1,0
1,0
0,28.510101336848155
1,0
0,13.53984992442734
1,0
1,0
1,0
1,0
1,0
1,0
1,0
1,0
1,0
1,0
1,0
0,48.35475107864602
1,0
1,0
1,0
1,0
1,0
1,0
1,0
0,796.8766530572203
1,0
1,0
1,0
1,0
1,0
1,0
1,0
1,0
1,0
