state,recovery_time
1,0
1,0
1,0
0,62.87059311886115
1,0
0,99.31038696892435
1,0
1,0
1,0
1,0
