state,recovery_time
0,0.17611379520061607
1,0
0,304.24350622982826
1,0
1,0
0,7.764680266053205
1,0
1,0
1,0
1,0
