state,recovery_time
0,5.917560192614019
1,0
1,0
1,0
1,0
0,92.0200270378941
0,293.506000650933
1,0
1,0
1,0
