state,recovery_time
1,0
1,0
1,0
1,0
1,0
1,0
0,95.00826776124192
0,1.9507023690676866
1,0
0,13.246513739415525
