state,recovery_time
1,0
1,0
0,6.558216770331006
0,5029.394819151424
1,0
1,0
0,7.320245983816056
1,0
0,3.5273895438742406
1,0
1,0
1,0
1,0
1,0
1,0
1,0
1,0
1,0
1,0
1,0
0,12.013804718235873
1,0
1,0
1,0
1,0
1,0
0,1832.7095024848654
1,0
0,143.4039609373529
1,0
0,1492.3201051054084
1,0
1,0
1,0
1,0
1,0
1,0
1,0
1,0
1,0
0,470.0289085217783
1,0
0,13.157893158871023
0,16.88208692127838
1,0
1,0
1,0
1,0
1,0
0,520.2265869550363
0,501.36182469904014
1,0
1,0
0,106.94210303370127
1,0
