state,recovery_time
1,0
0,371.5022306937931
0,104.72697954074577
0,36.67500982850805
1,0
1,0
0,40.381321498096376
1,0
0,59.43443342049623
1,0
1,0
1,0
0,0.508642225419941
1,0
1,0
1,0
0,157.83641536557388
0,118.69149002272297
1,0
1,0
1,0
1,0
1,0
1,0
1,0
1,0
1,0
0,403.7726268314099
1,0
1,0
1,0
1,0
1,0
1,0
1,0
1,0
1,0
1,0
1,0
1,0
0,1.206589853282499
0,10.771302426417428
0,4.6236109392249025
1,0
1,0
0,809.2134730659122
0,1085.9554322150652
1,0
1,0
1,0
1,0
1,0
1,0
1,0
1,0
