state,recovery_time
1,0
1,0
0,1.2695603093136005
1,0
1,0
1,0
1,0
0,179.47277454967931
0,144.9281653337046
1,0
