state,recovery_time
1,0
0,24.406150785029
1,0
1,0
0,365.1774137040346
1,0
0,97.42415566305561
1,0
1,0
1,0
