state,recovery_time
1,0
0,2.170035598491448
1,0
1,0
1,0
1,0
1,0
1,0
1,0
0,0.4772193263844368
