state,recovery_time
0,30.896830366957285
1,0
0,10.9780157132143
1,0
0,9.894586926518151
0,341.9574991142853
1,0
1,0
1,0
1,0
