state,recovery_time
1,0
0,3.6152411267096323
1,0
1,0
0,168.04368700619216
0,3.1293546303381796
1,0
0,3.028698211164137
1,0
1,0
