state,recovery_time
0,1110.7957764331509
0,12.353145371749395
1,0
1,0
1,0
0,343.16240931675407
0,1.173564212309354
1,0
1,0
1,0
