state,recovery_time
1,0
0,219.618882055188
1,0
1,0
1,0
0,15.941170089041456
0,2.4348285010016357
1,0
0,28.77726354654383
1,0
