state,recovery_time
1,0
0,22514.812550439714
0,34.689384421477996
1,0
1,0
0,121.40102750352584
0,10.500181699225994
1,0
1,0
1,0
