state,recovery_time
0,1.41426683582191
1,0
0,1085.2239542013642
1,0
1,0
1,0
0,278.8872098537331
0,268.69922725716725
1,0
1,0
