state,recovery_time
0,6.444028950295865
1,0
1,0
1,0
1,0
0,707.3186769362121
1,0
0,16.037096706367677
0,60.886331127753955
1,0
