state,recovery_time
0,0.663685251317031
1,0
1,0
1,0
1,0
1,0
0,32.891799373576326
0,297.6625994351343
0,36.08585994216109
1,0
