state,recovery_time
1,0
0,233.30862364123834
1,0
1,0
1,0
1,0
0,24.990844178316678
1,0
1,0
1,0
0,3060.770451520444
1,0
1,0
1,0
1,0
1,0
1,0
1,0
1,0
1,0
1,0
1,0
1,0
0,170.39554840984258
0,715.9758589815017
1,0
1,0
1,0
1,0
1,0
0,479.1168358037837
1,0
0,29.1485335106066
1,0
1,0
1,0
1,0
0,2.479683947355966
1,0
1,0
1,0
1,0
1,0
1,0
1,0
1,0
1,0
1,0
1,0
1,0
1,0
0,113.89311294790738
0,7.372718278216003
1,0
1,0
1,0
1,0
1,0
1,0
1,0
1,0
1,0
1,0
1,0
1,0
1,0
1,0
1,0
1,0
1,0
1,0
1,0
1,0
1,0
1,0
1,0
1,0
1,0
1,0
1,0
1,0
1,0
1,0
1,0
0,25.658666191663915
1,0
0,44.846732865751946
1,0
1,0
1,0
1,0
1,0
1,0
0,7.738447994681529
1,0
1,0
