state,recovery_time
1,0
1,0
0,241.78850183182706
1,0
1,0
1,0
1,0
1,0
1,0
1,0
1,0
1,0
1,0
1,0
1,0
1,0
0,379.29800758287
1,0
1,0
1,0
1,0
1,0
0,3.1564190278538784
1,0
1,0
1,0
1,0
1,0
1,0
1,0
1,0
1,0
0,353.51553294471967
1,0
1,0
1,0
1,0
1,0
1,0
1,0
0,67.7626542351838
1,0
1,0
1,0
1,0
1,0
1,0
1,0
1,0
0,3.81855258066676
1,0
1,0
1,0
1,0
1,0
1,0
1,0
1,0
1,0
1,0
1,0
1,0
1,0
1,0
1,0
1,0
1,0
0,4.982438813565079
1,0
1,0
1,0
1,0
1,0
0,5.506883034790219
1,0
1,0
1,0
1,0
1,0
1,0
1,0
1,0
1,0
1,0
1,0
1,0
1,0
0,126.89695935733003
0,4.736076357617314
1,0
1,0
1,0
1,0
0,0.9876404393607123
1,0
0,58.96374382510014
