state,recovery_time
1,0
0,15.684145384847442
0,5.305131709577285
1,0
1,0
1,0
1,0
1,0
1,0
1,0
1,0
1,0
1,0
1,0
1,0
1,0
1,0
1,0
1,0
1,0
0,2116.4407209824135
1,0
1,0
1,0
1,0
0,8.174734123390525
1,0
1,0
1,0
1,0
1,0
1,0
0,10.427139311257488
1,0
1,0
1,0
1,0
1,0
1,0
1,0
0,51.543864341352986
1,0
1,0
1,0
1,0
1,0
1,0
0,91.67263798014798
1,0
1,0
1,0
1,0
1,0
1,0
1,0
1,0
1,0
1,0
0,339.4967280912235
1,0
1,0
1,0
1,0
1,0
0,1.6079611251505623
1,0
1,0
1,0
1,0
1,0
1,0
1,0
1,0
1,0
1,0
1,0
1,0
0,171.30616491628973
1,0
1,0
1,0
1,0
0,2957.185084525105
1,0
1,0
1,0
1,0
1,0
1,0
1,0
1,0
1,0
1,0
1,0
1,0
1,0
