state,recovery_time
0,87.11201586348965
1,0
0,2411.135557569749
1,0
1,0
0,2.7030281738615822
1,0
0,2.3410286870313772
1,0
0,92.2310730015739
