state,recovery_time
1,0
0,1787.5060418424061
0,1.3811735438617758
0,6.569133753351794
1,0
0,83.0401074835067
0,171.0592197857798
1,0
0,27.971274532614977
1,0
