state,recovery_time
1,0
1,0
0,385.8547462456824
0,49762.32281778142
0,45.578532801566034
0,1.863121397033275
0,225.13395144267176
0,115.8759693031804
0,0.7293346081821218
1,0
0,2.1725661387923236
1,0
0,21.323444001070317
0,3.18692585916309
0,258.768038142907
0,6.9675554339894115
1,0
1,0
0,4.169630897191123
1,0
0,168.23097256802947
0,593.2803367881111
0,42.12446382053407
1,0
0,373.6270011094157
0,38.548249653180285
1,0
1,0
1,0
0,1.8243953749815778
0,11.813660410353732
0,105.80881390343099
0,36.9464242474911
0,43.44030148537735
0,73.69263769851901
1,0
1,0
0,53.84233127277607
0,18.217823785776684
0,13.504114277239916
0,2.891130262205035
0,1.6379377273495883
0,0.20798740089952614
0,2.2296304701471943
0,0.10595010330191063
0,2435.651453313347
1,0
1,0
0,32.98101851508579
0,118.14477233448784
0,3880.1443249930376
0,6.0600595959300065
1,0
0,78.71559886077432
1,0
1,0
1,0
0,29.486840248165056
0,6.967782741358449
0,11.687014209334594
0,2.1492591073558254
0,0.46935299661137886
1,0
1,0
0,427.59237309359156
1,0
0,0.08740953018515156
0,11.99092145126691
1,0
0,565.1768687335878
1,0
1,0
1,0
1,0
0,204.93283259557816
0,0.8709175437363124
0,43.31650370517472
1,0
1,0
0,22.40913422909888
0,81.54005288521861
1,0
1,0
1,0
1,0
0,58.37827068999724
0,65.73931522175093
0,17.848847795724993
0,357.05186081019656
0,9.750493733215563
1,0
0,0.13516377852238118
0,4.3964917229351546
0,4.233735672261852
0,49.464530208667604
0,5.816202804283283
