state,recovery_time
1,0
1,0
1,0
0,0.706613375896307
1,0
0,30.509139633848594
0,7.013250368223607
1,0
0,11030.421208190472
1,0
1,0
1,0
0,0.7874030863211252
1,0
1,0
1,0
0,58.31095575056298
1,0
0,85.96619181624888
1,0
0,15.556412210662085
1,0
1,0
0,45.77333304709646
0,47.456113475776064
0,167.78774159120667
1,0
1,0
1,0
1,0
0,259.95714074657195
0,53.05811431298663
0,34.32352673714837
0,249.20695426376045
0,24.479600109553996
1,0
0,8.648414786738673
1,0
1,0
1,0
0,32.91742257300816
1,0
1,0
1,0
1,0
1,0
0,86.6471784515169
1,0
1,0
0,65.29489985693009
0,1032.9769672208201
1,0
0,69.07936021417319
0,0.2857272672505694
0,26.215687827008914
0,146.4293171478981
0,14.635201636633614
1,0
0,426.8276808713349
0,3539.035889237089
1,0
0,0.8400523310638677
0,3.966343502611314
0,13.760857055880686
1,0
0,40.80474258973547
0,281.9092875821675
0,326.1084517590427
0,4.6291359035773585
0,176.6687921149763
1,0
1,0
0,34940.27844620283
0,15330.49824397055
0,131.35142287656296
1,0
0,254.92347197361033
1,0
1,0
0,47.11823741394255
1,0
0,1409.8269600175272
1,0
0,43.4519850890083
0,10.461492123322618
1,0
0,5.962662104623608
0,63.66847060681972
0,51.07425049148824
0,906.9012132815103
0,9.17127053267596
1,0
0,2.929186080244346
1,0
0,44.488740727680636
0,11.81721541202667
