state,recovery_time
0,527.7680045852145
1,0
1,0
0,95.69907138340508
0,179.58002069037227
0,375.90048975198016
0,446.14203756150823
1,0
1,0
0,40.21740316402636
0,0.07368912400092106
0,9.103120016880682
0,49.37106944508558
1,0
1,0
0,418.22426783365256
0,14.191925125745504
1,0
0,4.269421943759988
0,2.423399732403966
0,4.058332824204074
0,21.919827425858408
0,992.3926513796672
1,0
0,123.48680676120165
0,130.21817815709838
0,397.6914808567812
1,0
0,1764.7209738006397
0,510.0856830887044
0,4.298734761009898
0,5.6264179625239175
0,6.483246552883474
0,951.6556964551504
0,0.19936903050320007
1,0
0,1214.9202628994813
0,21.939495850955435
1,0
1,0
1,0
1,0
0,281.76437263366915
0,111.47407660918911
1,0
1,0
0,47.71893412772819
0,6.333686690465974
0,18.426397933169426
0,202.74421087494807
0,8.789026497418488
1,0
0,1.701125867483253
1,0
0,172.63347496150803
0,66.95377643633695
0,3.3902060415703255
1,0
0,4.169819201425041
0,8.232091521005303
0,1.0837471818963254
1,0
0,8.058003983825655
0,5.9506943785917095
1,0
1,0
0,0.8191777782639521
0,5.507162495381186
0,0.8165175149040137
0,2.5928791511800413
0,14.36612232535746
1,0
0,31.58918199119414
0,788.2356473774284
1,0
0,169.17337730710668
0,247.57442664996137
1,0
0,5.708434343517029
0,355.219287808733
1,0
0,90.50023638443217
0,24.2577010218484
0,839.7181303770582
0,214.65191766018023
1,0
0,254.4161508084753
0,790.7613824485856
0,1.1639580037250605
1,0
1,0
1,0
0,821.7323376214847
1,0
0,52.428155214228255
1,0
