state,recovery_time
0,159.7632521536482
1,0
0,42.45473647935221
0,11.455651774973944
0,1.7132114897073834
0,0.38598062855263005
1,0
1,0
0,20.227367150356965
0,75.3701647233224
0,130.52365673741326
0,11.957888064205363
0,59.20723624137147
1,0
1,0
0,376.8841532126719
0,156.74121230021245
0,4.844806171283388
0,30.80195553103184
0,62.180618220511306
1,0
0,27.09355694535971
0,2.4969179861896325
0,1.8174378934513147
0,956.8850770239471
1,0
0,1528.913992905914
0,0.8491420260561386
0,1.8967164621992223
1,0
0,26.38772688926785
0,42.70179046547538
0,1497.2064680173376
1,0
0,58.9768918923435
1,0
0,13.7599169191317
0,5.433133638115956
1,0
0,41.068001075979886
1,0
0,18.662531331306702
0,670.0592488044049
1,0
1,0
0,2423.8136101513433
0,48.8261971101281
1,0
0,0.3540809228289241
0,8.023684558279829
0,10.675904409784469
0,4561.087616499561
0,71.14480591112303
0,6.580314175176128
0,9.251584802788312
0,23.71405572087695
1,0
0,99.37332111638975
0,181.92662032317108
1,0
0,95.7691111542211
1,0
0,10.074266562302968
0,4.721165079586593
0,328.1560584115485
1,0
1,0
1,0
0,5391.288280885908
0,25.61765971904896
0,1760.3751318406803
0,7.619741354128303
0,33.91043561693289
0,0.881328961488402
0,5893.691134444088
0,0.32336067622529563
1,0
0,132.51967849190962
0,46.03027882298869
0,1.7873033969281107
0,6547.931136288509
0,481.9760215178876
1,0
0,1.2480480099251439
1,0
0,5.792629085084231
0,51.162826770259564
0,71.33553898958232
0,37.27942812017889
0,1178.4450545475568
0,44.03952602284178
0,3.911625547340123
0,37.41696733115833
1,0
1,0
1,0
