state,recovery_time
1,0
0,9640.378120879672
1,0
0,40.57567023928985
0,1305.4915878622785
0,3.8177057171876747
1,0
0,80.24553528882139
0,310.7035555530902
0,4.84132835836205
0,73.70964419615599
0,8.440104732527258
0,17.616222281164504
0,86.11678240411025
0,22.673005571718328
0,64.67458149838828
1,0
0,175.30855103990277
0,1.8908360018962185
0,102.19644738297289
1,0
1,0
0,38.31130552198949
0,1541.5081099692306
0,39.63567977432748
0,64.60700988545365
0,1166.1399445694126
0,3.132939044555652
0,0.20137612876652022
0,92.88349859573094
1,0
0,4767.263534535963
0,0.6387491033391626
0,1.530896005785695
0,6.234812059934881
0,12.558570001998008
1,0
0,3.813111946941521
0,6.981281698188077
0,27.439032980561695
1,0
0,375.9694866815658
0,143.99632822663256
1,0
1,0
0,1.0200321153131306
0,160.14843752155406
0,230.3107239597225
1,0
1,0
0,19.809044546907405
1,0
0,10.75078735668906
1,0
0,275.529937801512
1,0
0,22.396916927030183
0,1.693274913025868
0,19.201584865147296
0,147.94608807886837
0,59.82164814994383
1,0
0,34.60304447308653
0,19.278335293466668
1,0
0,3.2275319615591997
0,61.50016282433434
0,6.310727770108863
0,1027.5532046178546
0,140.60475787436596
1,0
1,0
0,7.652363350982904
0,35.259926205756045
1,0
0,80.6861571329488
0,2453.661416779099
0,822.3818439272037
0,720.6560763859694
0,0.02709777297713069
0,10.390326221139432
0,481.5490590874624
0,0.3172309662182595
0,191.09612345915247
1,0
1,0
0,400.2199192962843
1,0
0,4.8781299791917325
0,101.47220744194324
0,5503.926221769813
0,13.307328982554061
1,0
0,45.27937422102567
0,55.43202077852538
0,1918.1938235345103
