state,recovery_time
1,0
1,0
1,0
0,93.12679085037882
0,3.7927068517369844
1,0
0,24.7221790448898
1,0
0,145.83816561791136
1,0
