state,recovery_time
0,3.5978837168092195
1,0
1,0
0,2.7114252912154306
0,411.9516477061986
1,0
1,0
1,0
1,0
0,1.200208358279932
