state,recovery_time
1,0
1,0
1,0
0,3.126636209593709
1,0
0,2391.6712845259844
0,0.5087874345958638
0,11.816949557123937
1,0
1,0
