state,recovery_time
1,0
1,0
1,0
0,49.91782621249824
1,0
0,201.57090404985115
0,80.95050496595029
0,1.2505650135696709
1,0
1,0
