state,recovery_time
1,0
1,0
1,0
0,70.53056355155996
0,192.6093424415119
1,0
1,0
1,0
0,7.368950675474032
1,0
1,0
1,0
1,0
1,0
1,0
0,24.548703954385005
0,138.82125103828335
0,19.422746192677423
1,0
1,0
0,10.00010119673371
1,0
1,0
1,0
1,0
0,802.3668379071466
1,0
1,0
1,0
1,0
1,0
1,0
1,0
1,0
1,0
1,0
1,0
1,0
1,0
1,0
1,0
0,404.640041296542
1,0
1,0
0,8.51537189966767
1,0
1,0
1,0
1,0
1,0
1,0
1,0
1,0
1,0
1,0
0,27.116358551086368
1,0
1,0
0,5781.621622195569
1,0
1,0
1,0
1,0
1,0
1,0
0,13.463783688724476
1,0
1,0
1,0
1,0
0,160.93642786554577
1,0
1,0
1,0
1,0
1,0
1,0
1,0
1,0
1,0
0,105.89795672674583
0,42.81471075518716
1,0
1,0
1,0
1,0
0,11.887717578061123
1,0
1,0
0,334.8203009313298
1,0
1,0
1,0
1,0
1,0
1,0
