state,recovery_time
1,0
1,0
1,0
1,0
1,0
1,0
1,0
1,0
1,0
1,0
1,0
1,0
1,0
1,0
1,0
1,0
1,0
1,0
1,0
1,0
1,0
1,0
1,0
1,0
1,0
1,0
1,0
1,0
1,0
1,0
1,0
1,0
1,0
1,0
0,199.4164370723606
1,0
1,0
1,0
1,0
1,0
1,0
1,0
1,0
1,0
1,0
1,0
1,0
1,0
1,0
1,0
1,0
1,0
1,0
1,0
1,0
1,0
1,0
1,0
1,0
0,307.469178255191
1,0
1,0
1,0
1,0
1,0
1,0
1,0
1,0
1,0
1,0
1,0
1,0
0,1793.1972759299153
1,0
1,0
1,0
1,0
0,36.486881933506986
1,0
1,0
1,0
0,0.21990239297367337
1,0
1,0
1,0
1,0
0,2.227674657275138
1,0
1,0
1,0
1,0
1,0
0,1.384132908022303
1,0
1,0
1,0
