state,recovery_time
1,0
0,607.1078052704856
1,0
1,0
1,0
1,0
1,0
1,0
1,0
1,0
1,0
0,86.24658144850306
1,0
1,0
1,0
1,0
1,0
1,0
1,0
1,0
1,0
1,0
1,0
1,0
1,0
1,0
0,7.829620650730424
1,0
1,0
1,0
1,0
1,0
1,0
1,0
1,0
1,0
1,0
1,0
1,0
1,0
1,0
1,0
1,0
1,0
1,0
1,0
1,0
0,224.30722608482145
1,0
1,0
1,0
1,0
1,0
1,0
1,0
1,0
1,0
1,0
1,0
1,0
1,0
1,0
1,0
1,0
1,0
1,0
1,0
1,0
1,0
0,251.58467172137438
1,0
1,0
1,0
1,0
1,0
1,0
1,0
1,0
1,0
1,0
1,0
1,0
1,0
0,2.627219475901344
1,0
1,0
1,0
0,0.18968659471257354
1,0
1,0
1,0
1,0
1,0
1,0
1,0
1,0
