state,recovery_time
1,0
1,0
1,0
1,0
1,0
1,0
1,0
1,0
1,0
1,0
1,0
1,0
1,0
1,0
1,0
1,0
1,0
1,0
1,0
1,0
1,0
1,0
1,0
1,0
0,348.447963817264
1,0
1,0
1,0
1,0
1,0
1,0
1,0
1,0
1,0
1,0
1,0
1,0
0,4.230574931396321
1,0
1,0
1,0
1,0
1,0
1,0
1,0
1,0
1,0
1,0
1,0
1,0
1,0
1,0
1,0
1,0
1,0
1,0
1,0
1,0
0,6.761942795495175
1,0
1,0
1,0
1,0
1,0
1,0
1,0
1,0
1,0
1,0
1,0
0,5.474530862442995
1,0
1,0
0,32.72290635792693
1,0
0,13.35214884473952
1,0
1,0
1,0
1,0
1,0
1,0
1,0
1,0
1,0
0,739.2090431179419
1,0
1,0
1,0
1,0
1,0
1,0
1,0
1,0
1,0
1,0
