state,recovery_time
1,0
1,0
1,0
1,0
0,0.41576287806830065
1,0
1,0
1,0
0,1111.2979913055042
0,27.853368714124752
0,26.83687626596787
1,0
1,0
1,0
1,0
1,0
1,0
1,0
1,0
1,0
1,0
1,0
1,0
1,0
1,0
0,648.5752607680514
1,0
1,0
1,0
1,0
1,0
1,0
1,0
1,0
1,0
1,0
1,0
1,0
1,0
1,0
1,0
0,177.08217618259803
1,0
1,0
1,0
1,0
1,0
1,0
1,0
1,0
0,16.952846925797743
1,0
1,0
1,0
1,0
1,0
1,0
1,0
0,180.04312538643265
1,0
1,0
0,4055.50235038155
1,0
1,0
1,0
1,0
1,0
1,0
1,0
1,0
1,0
1,0
1,0
1,0
1,0
1,0
1,0
1,0
1,0
1,0
0,483.92061080292484
0,3.570488291051899
0,211.41409509430514
1,0
1,0
0,1175.3965153551903
1,0
1,0
1,0
1,0
1,0
0,3090.2751520890283
0,593.0040203316547
1,0
1,0
1,0
