state,recovery_time
1,0
0,65.05005783027126
1,0
1,0
1,0
1,0
1,0
1,0
0,8.974579447440574
1,0
1,0
0,16.57983703183769
1,0
0,24.15362469548292
1,0
0,99.64762531940055
0,48.082894910091
1,0
0,2.3449490495003213
1,0
1,0
1,0
1,0
1,0
1,0
1,0
1,0
0,75.90650938971895
1,0
1,0
1,0
1,0
0,16.062877309547993
1,0
1,0
1,0
0,122.78294807093393
1,0
1,0
1,0
1,0
1,0
0,2.3724471174761916
1,0
1,0
1,0
1,0
0,414.3881387197416
1,0
1,0
1,0
1,0
1,0
1,0
1,0
