state,recovery_time
1,0
1,0
0,359.78244485672093
0,4.989789364051551
1,0
1,0
1,0
1,0
0,48.2328878410683
0,7.5518130249689435
