state,recovery_time
0,2.7525160712678276
0,1281.4520058500075
1,0
1,0
1,0
0,0.07475166476293872
0,8242.146892760926
1,0
1,0
1,0
