state,recovery_time
0,5.907981876662437
1,0
0,0.8417105782001312
1,0
1,0
1,0
0,245.68677298545347
1,0
1,0
0,2.198968553965306
