state,recovery_time
1,0
1,0
0,13.549969526556874
0,0.04438638124737865
1,0
1,0
1,0
0,414.7492018728453
1,0
0,92.1572040759988
