state,recovery_time
1,0
0,920.9285322019138
0,143.16272745019077
0,24.396498940436434
0,17.65122092397948
0,200.49315139006978
0,16.03691993919926
0,7.362684584172906
0,18.759774687237638
0,100.07073894588595
1,0
0,96.07338522974821
0,3.8038096384266544
0,552.6395522647225
0,4.145892830005821
1,0
0,1.606739917531421
0,739.2260425578587
0,4.609860438839001
0,1329.1943194771877
0,43.349890966243066
0,97.26072297872763
0,1531.1675852489136
0,11.776595675417587
0,0.5679755854631217
0,0.5427742037766407
0,34.838028687921366
0,598.9145759211984
0,459.30966961907114
0,274.11517420419995
0,14.585068841436877
1,0
0,1525.2177826330312
1,0
0,2292.82606867099
0,1.1923684243272277
1,0
0,32.418841325435565
0,3.5413222223374623
0,132.57348443264468
0,165.2027828888212
0,61.16778704677045
0,4.871405401899216
0,2.5600574566677943
0,15.069591140814483
1,0
0,25.340772094714627
0,58.605599952701766
0,3.4451875237794325
0,1104.9269836744013
1,0
0,3.265334644045746
1,0
0,0.34448145531936186
1,0
