state,recovery_time
1,0
1,0
0,3.865907100324006
1,0
0,58.34642727613395
1,0
1,0
1,0
0,162.58092216419757
1,0
