state,recovery_time
1,0
0,30.3139821828313
1,0
1,0
0,48.145174611024224
1,0
1,0
0,8.00622397163158
1,0
1,0
