state,recovery_time
1,0
1,0
1,0
0,3.375947440900449
0,5.094234453150849
1,0
1,0
1,0
0,248.69825518980883
1,0
1,0
1,0
0,0.3507405180440927
1,0
1,0
1,0
0,7.305001293525763
1,0
1,0
1,0
1,0
1,0
1,0
1,0
1,0
1,0
1,0
1,0
1,0
1,0
1,0
1,0
1,0
0,49.68444238695831
1,0
1,0
1,0
1,0
1,0
1,0
1,0
1,0
1,0
0,0.1636063298703293
0,381.51723797771166
1,0
1,0
0,63.327529944441594
1,0
1,0
1,0
0,28.389136423164523
1,0
1,0
1,0
1,0
0,0.6415782913697059
1,0
1,0
1,0
1,0
1,0
0,0.33832883912159833
1,0
1,0
0,20.701802117730296
1,0
1,0
1,0
1,0
1,0
0,107.68721497516701
1,0
1,0
1,0
1,0
0,14.98679321920017
1,0
1,0
1,0
1,0
0,40.139923929565235
1,0
0,12.535011268568658
1,0
1,0
1,0
1,0
1,0
1,0
1,0
1,0
1,0
1,0
0,303.7475050265428
0,10385.060768988185
