state,recovery_time
1,0
1,0
1,0
1,0
1,0
1,0
1,0
1,0
1,0
0,6.199385567494499
1,0
1,0
1,0
0,404.56394016359457
0,81.89487678863188
0,2.3042107523147908
1,0
0,2.2765845876544204
1,0
1,0
0,23529.494821249355
1,0
1,0
1,0
1,0
1,0
1,0
1,0
1,0
1,0
1,0
1,0
0,1.9960372058541493
1,0
1,0
1,0
1,0
1,0
0,322.6703804308679
0,5.944456860703474
1,0
1,0
0,27841.669093961926
1,0
0,1.272312948711105
1,0
1,0
1,0
1,0
1,0
1,0
1,0
0,440.55477182957276
1,0
1,0
1,0
1,0
1,0
1,0
1,0
1,0
0,47.38195423771128
1,0
1,0
1,0
1,0
1,0
0,22.700137409023846
1,0
1,0
1,0
1,0
1,0
1,0
0,104.61790210525751
1,0
1,0
1,0
1,0
1,0
1,0
1,0
1,0
1,0
1,0
1,0
1,0
1,0
0,0.11980654575686264
0,45.00969938860501
0,0.2947602807133003
1,0
1,0
1,0
0,1.397207995323727
1,0
