state,recovery_time
1,0
0,2.989530185489233
1,0
0,18.549513244888814
0,92.01393422398249
1,0
1,0
0,63.13926511162493
1,0
1,0
1,0
1,0
1,0
1,0
1,0
1,0
1,0
1,0
1,0
1,0
1,0
1,0
0,0.0351274948396105
1,0
1,0
1,0
1,0
1,0
1,0
1,0
1,0
1,0
1,0
1,0
1,0
1,0
0,70.16230079690332
1,0
1,0
1,0
0,1288.4338220260224
1,0
1,0
0,20.86385195366589
1,0
1,0
0,6.283939536309394
1,0
1,0
1,0
1,0
1,0
1,0
1,0
1,0
1,0
1,0
1,0
1,0
1,0
1,0
1,0
1,0
1,0
1,0
1,0
0,88.00501071684748
0,0.9840646638614288
1,0
1,0
1,0
1,0
1,0
1,0
1,0
1,0
1,0
1,0
1,0
1,0
1,0
1,0
1,0
1,0
0,6.610120643750141
1,0
1,0
1,0
1,0
1,0
1,0
1,0
1,0
0,92.28982644395914
1,0
1,0
