state,recovery_time
0,1596.4807479542847
1,0
1,0
1,0
1,0
0,72.78965785162505
1,0
1,0
0,243.41327356888252
1,0
1,0
1,0
1,0
1,0
1,0
1,0
1,0
0,47.31677708564353
1,0
1,0
1,0
1,0
1,0
1,0
1,0
1,0
1,0
1,0
0,6942.948026856471
1,0
1,0
1,0
1,0
1,0
1,0
1,0
1,0
1,0
1,0
0,38.693539504065164
1,0
0,6.2277033297288416
1,0
1,0
1,0
1,0
1,0
1,0
1,0
1,0
1,0
1,0
1,0
0,82.84344068166095
1,0
1,0
0,425.919840762642
1,0
1,0
1,0
1,0
1,0
0,9.753557817462726
1,0
1,0
0,18.746751436622652
1,0
1,0
1,0
0,13.76584540620761
1,0
1,0
0,766.489986074503
0,25.219137733392483
1,0
1,0
1,0
0,45.63593596152369
1,0
1,0
1,0
1,0
0,35.44402194624497
1,0
1,0
0,496.91979393681834
1,0
1,0
1,0
0,0.6274940704667018
0,43.38746533327403
1,0
1,0
1,0
1,0
1,0
