state,recovery_time
1,0
1,0
0,22.48241269363319
1,0
0,839.1696811455419
0,53.415623443067844
1,0
0,8.485103485226183
1,0
0,11.106410033925508
