state,recovery_time
0,595.602289524645
0,65.84667304539667
0,5.720816486283474
1,0
1,0
0,96.59037900629653
0,189.77506482220076
1,0
1,0
1,0
