state,recovery_time
0,128.07629553199436
1,0
1,0
1,0
0,77.4570967012528
0,1.3437751398010689
1,0
1,0
1,0
1,0
