state,recovery_time
1,0
1,0
0,41.52593608249766
1,0
1,0
0,0.4514360849784718
1,0
1,0
1,0
0,0.9201430980676203
