state,recovery_time
0,64.42935967260193
0,814.4637233709227
0,198.02931659342912
0,10.293980900716017
0,13.355910046808013
0,0.6005006032368494
0,87.91666703792903
0,1072.8092635293488
0,45.63831241308681
1,0
0,0.6336306103165474
1,0
0,12.281158744883841
0,1436.4901810055208
0,149.09990048002842
0,1167.9001012811068
0,571.2759291453777
1,0
0,17.329640934938304
0,0.305556912550459
0,4236.873484761839
0,2.3226540916265916
0,330.31258034512166
0,87.86412496151108
0,0.2767764745637012
1,0
0,99.2489511210316
0,63.370690977341965
0,11.641070232528376
0,31.273250640955812
1,0
0,26.321879787946745
1,0
0,18.937907626425623
1,0
1,0
0,92.91291130505925
0,3.234208753692144
0,0.8395399541696215
0,1.4318545799083258
0,44.13832320272583
1,0
0,120.74993909654346
0,17.36893652036286
0,14.299618968011744
1,0
0,2.9087260510652335
1,0
0,15.723696713434352
0,10.11515149789071
0,4.030233840694613
0,0.6633113703559552
0,120.15374059176509
0,20.022896811082664
0,1.3578627697692247
0,1015.6821254586154
0,0.9154994472387264
0,9.461696591700564
0,0.9123919484774458
1,0
0,1255.8717037289316
0,92.75384865007918
1,0
0,142.82416239676036
0,11.124565167824235
0,27.698358792095327
1,0
0,175.0155525550641
0,60.18744692777358
0,3961.715786246498
0,3.345043222817153
0,81.250666057635
1,0
0,26.539788551744866
0,456.3320879684701
0,5.487430855246913
1,0
0,402.9480696503539
0,157.82100068887894
1,0
0,4.508502940631114
1,0
1,0
1,0
0,19.077116633183174
0,1383.4458252060645
0,69.64354124647018
1,0
0,393.3810196859665
1,0
0,31.127443224658496
1,0
0,102.31263211577331
1,0
1,0
0,229.5173720367974
0,39.03264214261265
0,1107.2982585315763
0,25.125407602298203
0,6.157254160773979
1,0
0,1004.428501008167
0,903.3219494922671
0,2.9106844198381236
0,3.6597268839868544
0,10.23498871893399
0,107.27090855711754
0,64.95868606694606
0,1140.6703304873456
0,33.2213148627956
0,7.582814499615027
0,1576.9017043922202
0,9.89483288449767
0,9.571874183748458
0,1.2448450442836194
0,3.41853744260051
0,2698.9896252497033
0,447.7956493668836
0,53.178974000888715
0,6.977838933379526
0,91.29586166011937
1,0
