state,recovery_time
1,0
0,14.581440495983724
1,0
1,0
0,122.89666414344339
1,0
0,12.399806708376115
0,11.62071932914296
0,75.63794667823191
0,22.451310964099243
0,31.405536927439105
0,47030.28780744647
0,16.84177030633561
0,35.08851931488042
0,61.755226404047214
0,6.665582297031446
0,367.2236677126669
0,351.7026645252037
0,11.678500456345096
1,0
0,90.75508492678897
0,8.32854648197953
0,28.368505606453684
0,19.497108371768824
0,2.7147728533243116
0,853.087482022993
0,13.82619064889523
1,0
0,142.45037634791856
0,43.04141070197031
0,729.657662439492
0,3.7647538955838185
1,0
0,18.684282582309663
0,8.646597300430134
0,12.032050758268602
1,0
0,897.1237759204367
0,4.703616564661384
1,0
0,241.14868985234608
0,18.068608588155282
0,32.59614649690054
0,50.06370092330394
1,0
0,10.907878976151315
0,2.225836990103128
0,61.70435556828892
0,1617.9542043320619
0,574.7985174558926
0,15.609795203642099
1,0
0,2.9160882007588658
1,0
0,343.7473631547424
0,2.1837893543580074
0,20.991587318830824
0,40.047594089925475
0,15.322515168684639
0,18.961295856907746
0,2.8961842741155848
0,8.937677063363882
0,59.05592719407787
0,28.871393437116332
0,125.08018958629948
1,0
1,0
1,0
1,0
0,4.77182987767254
1,0
0,3.684784819220597
0,51.216111636413785
0,25.564529964161764
0,1.911264240277688
0,10.578364594277058
0,10.100933448911357
1,0
0,5.882570363431745
0,212.2537997992618
1,0
1,0
1,0
1,0
1,0
0,12.26272704630766
0,52.122079480383505
0,0.19001242557616774
0,2.8194644001722087
1,0
1,0
0,4.119920888776583
0,10.715470973551229
0,261.13167776103575
1,0
0,253.84359149315068
0,2.447551932269537
0,1829.7052727581597
0,3930.617260064664
0,13.322556073559088
0,10.667566494839049
0,2182.069169702921
0,46.30723139269359
0,45.94981549507277
0,60.12195446130145
1,0
0,97.13739900874735
0,466.48777488929653
0,302.65822543095004
1,0
0,542.5627477017664
0,62.708966679241506
0,22.535208601279177
0,9197.256944851386
1,0
0,5.02661799784291
1,0
0,57.08970260480989
0,160.8878509429427
0,17.26456111353081
0,29.180706918253357
0,17.92187152425797
