state,recovery_time
0,551.0007559666083
0,21.877632339001853
1,0
0,15.23119504391043
0,8.261573003859283
0,69.53132469875311
0,102.1730305008864
0,44.91289377182818
0,14.673058735850551
0,16.585835959949076
1,0
0,67.43508367153353
1,0
0,343.67276399681134
0,3.232122670821015
0,12.355735070268734
1,0
0,15.500700414240812
0,659.8929951207816
0,51784.35393745955
0,11.127175276786488
0,5.308712451171468
1,0
0,44.544208528735155
0,889.6393020196913
0,0.8478472838161311
0,15.001377215560442
0,124.80326404277706
0,78.87875080556043
1,0
0,153.86261275911258
1,0
1,0
1,0
0,98.22538040233398
0,208.02211430851855
0,92.06472233424464
0,2.183509228098634
0,207.3693077809286
0,1.4840939534134876
0,515.5697398516537
1,0
0,0.41925945079791394
1,0
0,6.255672643365004
1,0
0,3.330210327864099
1,0
1,0
1,0
1,0
1,0
0,931.2486378454373
0,163.16627628859763
1,0
1,0
0,45.965558105158856
0,766.5925067047124
0,5.513339609856686
1,0
0,661.2772484669297
0,129.43907045820882
1,0
0,48.65118928274486
0,26.91357363247947
1,0
1,0
1,0
0,699.2214763641788
0,184.296872949034
0,187.32649002941508
1,0
0,297.99302381721765
0,133.09831759928537
0,54.246133009066135
0,66.94760168204226
0,4.1842656784837375
0,1592.4958267317857
0,2.2808973988364425
0,17.566577639796645
1,0
1,0
0,0.16951520658850766
0,29.245990166912065
0,9.199264796492894
0,87.9215920493408
0,2464.0299849472885
0,240.96520835961527
0,1.3143738641629528
0,8.230732595692821
0,1.2911801578259898
1,0
0,109.70045955409911
1,0
0,18.600434456615236
1,0
