state,recovery_time
0,5.318323139298479
1,0
0,79.09280711299311
0,22.465153613224864
1,0
1,0
0,18.03703627404175
0,11416.987646558031
1,0
0,1535.7606248503967
0,50.63894557634191
0,0.9397312305328045
0,2290.7682114397603
0,73.51053902066984
0,7.496332191304184
0,0.19177479473102235
0,51.236421573505105
0,2675.305882125044
1,0
0,277.6465366516885
0,153.5010568960419
0,151.4197093526363
0,7.180846790557611
0,324.04026054313385
0,4530.829344657202
0,6.074225449176993
0,817.4530149229578
1,0
0,1286.737632189557
0,27.339406510197993
1,0
1,0
1,0
1,0
1,0
1,0
0,2.471094265520135
1,0
0,12.906299673822716
1,0
0,3.257965369789022
0,25.816127965651546
0,1877.1887787022547
1,0
1,0
1,0
0,2598.1531910209374
0,234.0174335338982
0,343.9877865435346
1,0
1,0
1,0
0,36.7102431774233
1,0
0,257.61346298759247
0,30.182812557298384
0,0.842630091021897
0,25.9424115261959
0,15.655978224824823
0,1.9636940874811288
0,32.15786102248356
1,0
0,2.7926879647803635
0,48.258179757146024
1,0
1,0
0,113.67762900295153
1,0
0,1.8223188196119875
0,697.4575404335749
0,17.935900454998464
0,182.89630306473447
1,0
0,101.21291729601326
1,0
0,16.868563401621575
1,0
0,7.370880829703754
0,0.4921717561421869
0,2.678296936198777
0,4.171567051866201
0,2.276595744474157
0,710.9024657399439
0,565.2111287196445
0,17.39353241168243
1,0
0,1105.86560780329
1,0
0,724.4424326695057
0,316.7178087750991
0,511.44448567590626
1,0
1,0
0,1713.6714129605243
0,232.82596822784964
0,9216.143552594358
