state,recovery_time
1,0
0,131.72912479183736
1,0
1,0
1,0
1,0
1,0
1,0
1,0
0,306.1579658423589
1,0
1,0
0,2.219699448540863
1,0
1,0
1,0
0,77811.21058569748
0,1.3614067621789396
1,0
1,0
1,0
1,0
1,0
1,0
0,386.0746938504
1,0
1,0
1,0
1,0
0,281.3213220510106
1,0
1,0
1,0
1,0
1,0
1,0
1,0
1,0
1,0
1,0
1,0
1,0
0,0.49955540713924407
1,0
1,0
1,0
0,26.226058089433867
1,0
1,0
1,0
1,0
0,4.198833312247063
1,0
1,0
1,0
0,5.0523260922535504
1,0
1,0
1,0
1,0
1,0
1,0
1,0
1,0
1,0
1,0
1,0
1,0
1,0
0,254.678052061995
1,0
1,0
1,0
1,0
1,0
0,2358.0056963926377
0,1.1290206214095833
1,0
0,44.168124222682636
1,0
1,0
0,5.789309369754876
1,0
1,0
1,0
1,0
1,0
1,0
1,0
1,0
0,60.409748856568854
0,273.7263566198485
0,340.27556779964954
1,0
1,0
0,70.72454456496283
