state,recovery_time
1,0
1,0
1,0
0,370.68246411800874
0,3.1803335116178766
1,0
1,0
1,0
1,0
0,3.51413642987245
1,0
1,0
1,0
0,9208.7836160971
1,0
1,0
1,0
1,0
1,0
1,0
1,0
0,518.0321280998709
1,0
1,0
1,0
1,0
1,0
1,0
1,0
1,0
1,0
1,0
1,0
1,0
1,0
0,79.574582346628
1,0
1,0
1,0
1,0
1,0
1,0
1,0
1,0
1,0
1,0
1,0
1,0
1,0
0,205.228733613222
0,8.300561313939417
1,0
1,0
1,0
1,0
0,15989.872908359466
1,0
0,18.309164739772466
1,0
1,0
1,0
1,0
1,0
1,0
1,0
1,0
1,0
0,167.88497665873388
1,0
1,0
1,0
1,0
1,0
1,0
1,0
0,115.0391223025532
1,0
1,0
1,0
1,0
1,0
1,0
1,0
1,0
1,0
1,0
1,0
1,0
1,0
1,0
1,0
1,0
0,167.520449260581
1,0
1,0
1,0
