state,recovery_time
1,0
1,0
1,0
1,0
1,0
1,0
1,0
0,3.3698370710566534
1,0
1,0
1,0
0,2.7123071666573093
1,0
1,0
1,0
1,0
1,0
1,0
1,0
1,0
0,13.324558882851438
1,0
1,0
1,0
1,0
0,73.77426454477836
1,0
1,0
1,0
1,0
1,0
1,0
1,0
0,6.791548674354118
1,0
1,0
0,244.40120663407848
1,0
1,0
0,6.306231616569665
1,0
1,0
1,0
1,0
1,0
1,0
0,61.6430297271533
1,0
1,0
1,0
1,0
1,0
0,251.27353616161432
1,0
1,0
1,0
1,0
1,0
1,0
1,0
1,0
1,0
1,0
1,0
1,0
1,0
0,86.31046792518228
1,0
1,0
1,0
1,0
1,0
1,0
1,0
1,0
1,0
1,0
1,0
0,0.3369840762783491
1,0
0,67.05519623454573
1,0
1,0
1,0
0,14.965551636511384
1,0
1,0
1,0
1,0
1,0
1,0
1,0
1,0
1,0
1,0
1,0
