state,recovery_time
0,9.532799208844873
1,0
0,104.43588152068298
1,0
1,0
0,33.205338325997396
0,4660.6574048682605
0,1.2111711761611055
1,0
1,0
