state,recovery_time
0,29213.48930290856
1,0
1,0
0,1.7763288806807642
1,0
0,21.321483521211302
1,0
1,0
0,2.0421631723725397
0,3576.7790110285778
