state,recovery_time
1,0
1,0
0,0.884602329301857
1,0
0,42413.69155624145
0,21.544866991391025
1,0
0,106.8936381701127
1,0
0,349.98748649580097
