state,recovery_time
1,0
1,0
0,0.8786300906707384
1,0
1,0
0,2682.9356813589593
0,2.4993519644179587
1,0
0,6.401976155102228
0,230.99863039338044
