state,recovery_time
1,0
1,0
0,26.885035468672307
0,7.674219203199691
0,3.5716788584743675
1,0
1,0
0,23.955971593909506
1,0
1,0
