state,recovery_time
0,1.9950829844728803
0,61.801663680656006
1,0
1,0
1,0
0,7863.611555403354
1,0
1,0
1,0
0,3564.681971249719
