state,recovery_time
0,407.37697592876356
1,0
0,350.2609357039114
0,22.220672819719343
1,0
1,0
1,0
1,0
0,95.71782587245215
1,0
