state,recovery_time
1,0
1,0
1,0
1,0
0,2.361373057910253
1,0
0,5.686795771968209
1,0
0,12.465214077994549
0,43.50723374511219
