state,recovery_time
0,0.7963226322920716
0,164.7046168264417
1,0
0,776.0380368445454
1,0
1,0
0,57.30106042763778
1,0
1,0
1,0
