state,recovery_time
1,0
1,0
1,0
0,75.53969352476369
1,0
1,0
0,3424.7597704696045
1,0
0,9.089595929670987
0,15.96869560677558
