state,recovery_time
0,104.980048149828
1,0
1,0
0,1.473396902574157
0,2.906793176373094
1,0
0,9.000664431568948
1,0
1,0
0,4.706482173899482
