state,recovery_time
1,0
1,0
0,1.1509476205566058
0,341.0055453615926
0,129.87419206753611
0,863.7723537162128
1,0
1,0
1,0
0,3188.676217306448
