state,recovery_time
0,11.40790235746782
1,0
1,0
0,1404.5656310737686
0,90.28881558502661
1,0
1,0
1,0
1,0
0,0.925291280234333
