state,recovery_time
1,0
1,0
0,564.1113874798397
1,0
1,0
1,0
1,0
1,0
1,0
1,0
0,753.091459965623
0,73.95471027795756
1,0
0,18.586624737642836
1,0
1,0
1,0
1,0
1,0
1,0
1,0
0,106.60507200848602
1,0
1,0
1,0
1,0
1,0
1,0
1,0
1,0
1,0
1,0
1,0
1,0
1,0
1,0
1,0
1,0
1,0
1,0
1,0
1,0
1,0
1,0
1,0
1,0
1,0
1,0
1,0
1,0
1,0
1,0
1,0
1,0
1,0
