state,recovery_time
0,11.281976716740717
1,0
1,0
1,0
1,0
1,0
0,8.842245467034392
1,0
0,30.47028180936654
1,0
1,0
1,0
1,0
1,0
1,0
1,0
1,0
1,0
1,0
1,0
1,0
1,0
1,0
1,0
1,0
1,0
1,0
1,0
1,0
1,0
1,0
1,0
1,0
1,0
1,0
1,0
1,0
1,0
1,0
1,0
1,0
1,0
1,0
1,0
1,0
1,0
0,806.8137297541411
1,0
1,0
1,0
1,0
1,0
1,0
0,412.98849077157075
1,0
