state,recovery_time
0,14.578801170174307
1,0
1,0
1,0
1,0
1,0
1,0
1,0
1,0
1,0
1,0
1,0
1,0
1,0
1,0
1,0
1,0
1,0
1,0
1,0
1,0
1,0
1,0
1,0
1,0
1,0
1,0
1,0
1,0
1,0
1,0
1,0
1,0
1,0
0,10.881221488490375
1,0
1,0
0,218.3465476592872
1,0
1,0
1,0
1,0
1,0
1,0
1,0
1,0
1,0
1,0
0,344.3959837259132
1,0
0,43.1429724637607
1,0
1,0
1,0
1,0
