state,recovery_time
1,0
0,3.913846175754393
0,49.514950919680174
1,0
0,86.92400845647524
1,0
1,0
0,12.078428889868997
0,8.099875597647035
1,0
