state,recovery_time
1,0
1,0
1,0
0,138.97173114071816
0,148.66653368212937
0,40.18387677467563
1,0
0,245.6765259104887
1,0
0,15.443184026121504
