state,recovery_time
1,0
1,0
1,0
0,38.450423436503264
1,0
0,7.4459222772076155
1,0
0,258.9209787956349
0,12.436733061053898
0,49.371670220708246
