state,recovery_time
0,10.100457802380834
1,0
1,0
0,4.833302343618608
1,0
0,96.44010168489898
0,45.047806225019784
1,0
1,0
0,286.3736978650723
