state,recovery_time
1,0
1,0
1,0
1,0
1,0
1,0
1,0
1,0
1,0
1,0
1,0
1,0
1,0
1,0
1,0
1,0
1,0
1,0
1,0
0,1.5064458401584577
1,0
1,0
1,0
0,155.54278357825115
1,0
1,0
1,0
1,0
1,0
1,0
0,43.553563563883515
0,333.7144156318742
1,0
1,0
1,0
1,0
1,0
1,0
1,0
0,268.4086301026572
0,9.083805464734905
1,0
1,0
1,0
1,0
1,0
1,0
1,0
1,0
1,0
0,17.69482713090534
1,0
1,0
1,0
1,0
1,0
1,0
1,0
1,0
0,0.6819651321152242
1,0
1,0
1,0
1,0
0,293.16648180068114
1,0
0,85.76993614559261
0,280.37868039558293
1,0
1,0
1,0
1,0
1,0
1,0
1,0
1,0
1,0
1,0
1,0
0,300.0765214839558
1,0
0,2.3292747661245166
1,0
1,0
1,0
1,0
0,389.2938706461434
1,0
0,75.91109771672909
1,0
1,0
1,0
1,0
1,0
1,0
1,0
