state,recovery_time
1,0
1,0
1,0
1,0
1,0
1,0
1,0
0,33.897405228704436
1,0
0,0.12396928315504249
1,0
1,0
1,0
1,0
1,0
1,0
1,0
1,0
1,0
1,0
1,0
1,0
1,0
1,0
1,0
1,0
1,0
1,0
1,0
1,0
1,0
1,0
0,1.465428070966363
1,0
1,0
1,0
1,0
1,0
1,0
1,0
1,0
1,0
1,0
1,0
1,0
1,0
1,0
1,0
1,0
1,0
1,0
1,0
1,0
1,0
1,0
1,0
1,0
1,0
1,0
1,0
0,39.05895015915721
1,0
1,0
1,0
1,0
1,0
1,0
1,0
1,0
1,0
1,0
1,0
1,0
1,0
1,0
1,0
1,0
1,0
1,0
0,17.685819682807928
1,0
1,0
1,0
0,1393.4003471054823
1,0
1,0
1,0
1,0
1,0
1,0
0,155.20212872194008
1,0
1,0
1,0
1,0
1,0
