state,recovery_time
1,0
1,0
1,0
1,0
0,99.10529224293846
1,0
1,0
1,0
1,0
1,0
1,0
1,0
1,0
0,37.81581495090294
1,0
1,0
1,0
1,0
1,0
1,0
1,0
1,0
1,0
1,0
1,0
1,0
1,0
1,0
1,0
1,0
1,0
1,0
0,0.5550804601995295
1,0
1,0
1,0
1,0
1,0
1,0
1,0
1,0
1,0
1,0
1,0
1,0
1,0
1,0
1,0
1,0
1,0
1,0
1,0
1,0
1,0
1,0
1,0
1,0
1,0
1,0
1,0
1,0
1,0
1,0
1,0
1,0
1,0
1,0
1,0
1,0
0,159.4266287956191
1,0
1,0
1,0
1,0
1,0
1,0
1,0
1,0
1,0
1,0
1,0
1,0
1,0
1,0
0,78.80718426974182
1,0
1,0
0,16.748420493893583
1,0
1,0
1,0
1,0
1,0
1,0
1,0
1,0
