state,recovery_time
1,0
1,0
1,0
1,0
1,0
1,0
1,0
0,6500.749112304478
0,2.784890135230631
1,0
1,0
1,0
1,0
1,0
1,0
1,0
1,0
1,0
1,0
1,0
1,0
1,0
1,0
1,0
1,0
1,0
1,0
1,0
0,0.700789696039229
1,0
1,0
1,0
1,0
0,91.2444578424743
1,0
1,0
1,0
1,0
1,0
1,0
1,0
1,0
0,2324.6576088977677
1,0
1,0
1,0
1,0
1,0
1,0
1,0
1,0
1,0
1,0
1,0
1,0
1,0
1,0
0,258.547443724662
1,0
1,0
1,0
1,0
1,0
1,0
1,0
1,0
1,0
1,0
1,0
1,0
1,0
1,0
1,0
1,0
1,0
1,0
1,0
1,0
1,0
1,0
1,0
1,0
1,0
1,0
1,0
1,0
1,0
1,0
1,0
1,0
1,0
1,0
1,0
1,0
1,0
1,0
