state,recovery_time
1,0
0,1.6455206592590974
0,24.773822813860168
1,0
1,0
0,11.422200208979913
1,0
1,0
1,0
1,0
1,0
1,0
1,0
0,151.798258728525
1,0
1,0
1,0
1,0
1,0
1,0
1,0
1,0
0,1.5498607422678412
1,0
1,0
0,688.601647166359
1,0
1,0
1,0
1,0
1,0
1,0
1,0
1,0
1,0
1,0
1,0
1,0
0,6.7365009340790145
1,0
1,0
1,0
1,0
1,0
1,0
1,0
1,0
1,0
0,3.0724405485949386
1,0
1,0
1,0
1,0
1,0
1,0
1,0
1,0
0,51.42671933242906
1,0
1,0
0,0.10418791702124652
1,0
1,0
1,0
1,0
0,14.566118890621576
0,456.7873933354117
1,0
1,0
1,0
1,0
1,0
1,0
1,0
1,0
1,0
1,0
1,0
1,0
1,0
1,0
0,321.70028818280645
1,0
1,0
1,0
1,0
1,0
0,391.2134092410763
1,0
0,56.53325534814463
1,0
1,0
1,0
1,0
0,6.36229629938347
1,0
