state,recovery_time
0,64.17169018172956
0,7.419337316435607
1,0
0,2.067783953408709
1,0
0,381.64308194289225
0,50.320890888745204
1,0
0,181.5036746724905
0,0.508651820989301
