state,recovery_time
0,18.95057805590827
0,58.07680271165267
0,2016.6067460587074
0,1723.0021945341887
0,8.208357284176506
0,2.3651239629692173
1,0
1,0
0,35.24708553530947
0,16.817615104359525
