state,recovery_time
0,27.910697328607473
0,3.1061169956972496
0,10.548230898100421
1,0
0,3.374854105396773
0,36.850591402302626
0,4.875595708362337
0,2032.3293260822265
1,0
0,14.540009570457897
