state,recovery_time
1,0
1,0
1,0
1,0
1,0
1,0
1,0
1,0
1,0
1,0
1,0
0,0.12641194491031724
0,80.86510389872701
0,167.13865021917567
1,0
1,0
1,0
1,0
1,0
1,0
0,30.793992826994614
0,29.46265899441466
1,0
0,15.871088309801477
1,0
1,0
1,0
1,0
1,0
1,0
1,0
1,0
1,0
0,74.7990332716269
0,114.9575271979023
1,0
1,0
1,0
1,0
1,0
1,0
1,0
0,539.1829614874615
1,0
1,0
1,0
1,0
0,25.190934964479464
0,367.39455138262326
1,0
1,0
1,0
1,0
1,0
1,0
