state,recovery_time
0,34.21078810370813
1,0
1,0
1,0
1,0
1,0
1,0
0,6.223806770213476
1,0
1,0
1,0
1,0
0,0.7139976676803473
1,0
1,0
0,26.598966719039957
0,52.955591069462166
1,0
1,0
1,0
1,0
0,0.061535154689654634
1,0
1,0
0,9.739780265779794
1,0
0,3.363120378193416
1,0
1,0
1,0
1,0
1,0
1,0
1,0
1,0
1,0
1,0
1,0
0,3.481183780238472
1,0
1,0
0,370.0063839241909
1,0
1,0
1,0
1,0
1,0
1,0
1,0
1,0
1,0
1,0
1,0
1,0
1,0
