state,recovery_time
1,0
1,0
1,0
1,0
0,41.69065822148025
1,0
0,322.47899426817816
1,0
1,0
1,0
