state,recovery_time
1,0
1,0
1,0
1,0
1,0
1,0
1,0
0,5.00369813508024
1,0
1,0
1,0
0,7.3919012478555315
1,0
0,118.01140354761499
1,0
1,0
0,5.3092116639153195
1,0
1,0
1,0
1,0
1,0
0,0.9926292109616541
0,10.82713546841661
0,218.30324865064355
1,0
1,0
1,0
1,0
1,0
1,0
1,0
1,0
1,0
1,0
1,0
1,0
0,18.48966372602013
1,0
0,190.28565539736624
1,0
1,0
1,0
1,0
1,0
1,0
1,0
1,0
1,0
1,0
1,0
1,0
1,0
1,0
0,213.0723630319954
