state,recovery_time
1,0
1,0
1,0
1,0
1,0
1,0
1,0
1,0
1,0
1,0
1,0
0,1.6086932655055053
1,0
1,0
1,0
1,0
1,0
1,0
0,26.312688567002585
1,0
1,0
1,0
1,0
1,0
0,298.8599730693579
0,27.15979694275242
0,115.59245464318717
1,0
1,0
0,3231.788403478976
1,0
0,53.184538445114995
1,0
1,0
1,0
1,0
1,0
1,0
1,0
1,0
1,0
0,1821.3838525738026
1,0
1,0
1,0
1,0
1,0
0,40.727237958319634
1,0
1,0
1,0
1,0
1,0
1,0
1,0
1,0
0,118.40134746104552
1,0
1,0
1,0
1,0
1,0
1,0
1,0
1,0
0,146.81271209762554
1,0
1,0
1,0
1,0
1,0
1,0
1,0
1,0
1,0
1,0
1,0
1,0
1,0
1,0
1,0
1,0
0,139.4694496453759
1,0
0,84.3229716746828
1,0
1,0
1,0
1,0
1,0
1,0
1,0
0,701.7052606489195
1,0
0,8.203208998070664
1,0
