state,recovery_time
0,149.11601741853903
0,296.73529785328276
1,0
1,0
1,0
1,0
1,0
1,0
1,0
1,0
