state,recovery_time
1,0
1,0
0,7.735809689337286
1,0
1,0
1,0
0,57.247923737976144
1,0
0,1783.092617522527
1,0
