state,recovery_time
1,0
1,0
1,0
0,241.08304573342886
1,0
1,0
0,176.6654961769944
1,0
1,0
1,0
1,0
0,22.3064208223598
1,0
0,198.93929363549788
1,0
0,41.46744381297937
1,0
1,0
1,0
1,0
0,66.7866876652553
1,0
0,1.7106395488924397
1,0
1,0
1,0
0,37.941077063216916
1,0
0,127.91730648849422
1,0
1,0
1,0
1,0
1,0
1,0
1,0
0,4.564519842304068
1,0
1,0
1,0
1,0
1,0
1,0
1,0
1,0
1,0
1,0
1,0
0,5.690685237850226
1,0
0,19.254411336074007
1,0
1,0
1,0
1,0
