state,recovery_time
1,0
1,0
1,0
1,0
0,197.6595113356406
1,0
1,0
0,1079.644851780102
1,0
0,488.64530503814393
