state,recovery_time
1,0
1,0
0,63.31989732729148
1,0
1,0
0,0.07627497248108389
1,0
1,0
1,0
1,0
1,0
1,0
1,0
1,0
1,0
1,0
1,0
1,0
1,0
1,0
1,0
0,0.6576658738159926
1,0
1,0
0,8.740217683750748
1,0
0,0.20116573068103064
1,0
1,0
0,17.830260048803353
1,0
1,0
0,117.5998235361408
0,9.595601248487133
1,0
1,0
0,0.8225375027078623
0,117.94527407466023
1,0
1,0
1,0
1,0
1,0
1,0
1,0
1,0
1,0
1,0
0,3.6513992389803387
1,0
1,0
1,0
0,9.84129111965959
1,0
1,0
