state,recovery_time
1,0
1,0
1,0
1,0
1,0
1,0
0,575.097184997693
0,91.9079374457505
0,1.6146473627099285
1,0
