state,recovery_time
1,0
1,0
1,0
1,0
1,0
1,0
0,10.239686346819052
1,0
1,0
1,0
1,0
1,0
0,7.860775963151467
1,0
0,19.80371961909167
1,0
0,4.581713112058854
1,0
0,4407.388513149462
1,0
0,432.85248543247815
1,0
0,7.665459010503201
0,1.1797391686514196
0,1.0378357794852362
1,0
1,0
1,0
1,0
1,0
0,228.8786430180512
1,0
1,0
1,0
1,0
1,0
1,0
1,0
1,0
1,0
1,0
1,0
0,94.57777670051426
1,0
1,0
1,0
1,0
1,0
0,14.113053217956686
1,0
1,0
1,0
1,0
1,0
1,0
