state,recovery_time
1,0
1,0
1,0
0,239.04063716148565
1,0
1,0
1,0
0,4.687177305761923
1,0
1,0
