state,recovery_time
1,0
1,0
1,0
1,0
1,0
1,0
0,2.24261939612013
0,337.1778661630105
1,0
1,0
1,0
1,0
1,0
1,0
1,0
1,0
1,0
1,0
0,3595.651573254019
1,0
1,0
1,0
1,0
0,22.38083071395698
0,4.592329455401381
0,2.549780417057691
1,0
1,0
1,0
1,0
1,0
1,0
1,0
1,0
1,0
1,0
1,0
1,0
1,0
1,0
1,0
1,0
1,0
1,0
1,0
1,0
1,0
1,0
0,2.2277860657097146
1,0
1,0
1,0
1,0
1,0
1,0
1,0
1,0
1,0
1,0
1,0
1,0
1,0
1,0
0,33.220686960516694
1,0
1,0
1,0
1,0
1,0
1,0
0,251.61238767100008
1,0
1,0
1,0
0,1.1150598028366383
1,0
1,0
1,0
1,0
1,0
1,0
1,0
1,0
0,7.4932482504186
1,0
1,0
1,0
1,0
1,0
1,0
1,0
1,0
1,0
1,0
1,0
1,0
