state,recovery_time
1,0
1,0
1,0
1,0
1,0
1,0
1,0
1,0
1,0
1,0
1,0
1,0
1,0
1,0
1,0
1,0
0,380.95043540101364
0,16.677836136123123
1,0
1,0
1,0
1,0
0,293.2775060345365
0,3.6472111752059386
1,0
1,0
1,0
1,0
1,0
1,0
1,0
1,0
1,0
1,0
1,0
1,0
1,0
1,0
1,0
1,0
1,0
0,60.71742998972033
1,0
1,0
1,0
1,0
1,0
1,0
1,0
1,0
1,0
1,0
1,0
1,0
1,0
1,0
0,31.34025631615704
1,0
1,0
1,0
1,0
1,0
0,5.242832495810597
0,15410.540847198847
1,0
1,0
0,130.63521389091895
1,0
1,0
1,0
1,0
1,0
1,0
1,0
0,33.10554885315786
1,0
1,0
1,0
1,0
1,0
1,0
1,0
1,0
1,0
1,0
1,0
1,0
1,0
1,0
1,0
1,0
1,0
1,0
1,0
1,0
0,11.254088392245803
