state,recovery_time
1,0
1,0
1,0
1,0
1,0
1,0
1,0
1,0
1,0
1,0
1,0
1,0
0,546.592909452077
0,30.7859868038379
1,0
0,3.8859725096261135
1,0
1,0
1,0
1,0
1,0
1,0
1,0
1,0
1,0
1,0
1,0
0,352.580375495085
1,0
1,0
1,0
1,0
1,0
1,0
1,0
1,0
1,0
1,0
1,0
1,0
1,0
1,0
1,0
1,0
0,51.83837798442765
1,0
1,0
1,0
1,0
1,0
1,0
1,0
1,0
1,0
1,0
1,0
1,0
1,0
1,0
0,378.0125674679852
1,0
1,0
1,0
1,0
1,0
1,0
1,0
0,70.31298092982415
1,0
1,0
1,0
1,0
0,0.031327655974446124
1,0
1,0
1,0
1,0
1,0
1,0
1,0
1,0
0,144.69422885997201
1,0
1,0
1,0
1,0
1,0
1,0
1,0
1,0
1,0
1,0
1,0
1,0
1,0
0,117.84546194467549
