state,recovery_time
1,0
1,0
1,0
1,0
1,0
1,0
1,0
1,0
0,431.6833017562879
1,0
1,0
1,0
1,0
1,0
1,0
1,0
1,0
1,0
1,0
1,0
1,0
1,0
1,0
1,0
1,0
1,0
1,0
0,284.672030619038
1,0
1,0
1,0
1,0
1,0
1,0
1,0
1,0
1,0
0,7.181879586841431
1,0
1,0
1,0
1,0
1,0
1,0
1,0
1,0
1,0
1,0
1,0
1,0
1,0
1,0
1,0
0,87.63293952653584
1,0
1,0
1,0
1,0
1,0
1,0
1,0
1,0
1,0
1,0
1,0
1,0
1,0
1,0
1,0
1,0
1,0
1,0
0,1.9853761024913048
1,0
1,0
1,0
1,0
1,0
1,0
0,547.3820842571515
1,0
1,0
1,0
1,0
1,0
1,0
1,0
1,0
1,0
1,0
1,0
1,0
1,0
1,0
1,0
1,0
