state,recovery_time
1,0
1,0
1,0
1,0
1,0
1,0
1,0
0,48.216470557522285
0,10.832524206392936
1,0
