state,recovery_time
1,0
1,0
1,0
0,14.238153030889054
1,0
1,0
1,0
1,0
1,0
0,22.85152818729786
1,0
0,159.31748034843696
1,0
1,0
0,39.646831903252284
0,57.49779395108248
1,0
1,0
1,0
1,0
1,0
1,0
1,0
1,0
1,0
1,0
1,0
1,0
1,0
1,0
1,0
1,0
1,0
1,0
1,0
1,0
0,9.16597063047679
1,0
1,0
1,0
1,0
1,0
1,0
1,0
1,0
1,0
1,0
1,0
0,39.73587771290789
1,0
1,0
1,0
1,0
1,0
0,1506.0895405723697
1,0
0,20.689031684410253
1,0
1,0
0,602.5970834203928
1,0
1,0
1,0
1,0
1,0
1,0
1,0
1,0
1,0
1,0
1,0
0,107.69557339684953
1,0
1,0
1,0
1,0
0,62.13323500098412
1,0
1,0
1,0
1,0
1,0
1,0
1,0
1,0
1,0
1,0
1,0
1,0
1,0
1,0
0,2.822181828074985
0,176.88489929585919
1,0
1,0
1,0
