state,recovery_time
1,0
1,0
1,0
1,0
1,0
1,0
1,0
1,0
1,0
1,0
0,58.39142723885433
1,0
1,0
1,0
1,0
1,0
1,0
1,0
1,0
1,0
1,0
1,0
1,0
1,0
1,0
0,26.676191423628296
1,0
1,0
1,0
1,0
1,0
1,0
1,0
1,0
1,0
1,0
1,0
1,0
1,0
1,0
1,0
1,0
1,0
0,6.208431598497555
1,0
1,0
1,0
1,0
1,0
1,0
1,0
0,22.23456344825608
1,0
1,0
1,0
1,0
0,14.35820227683807
1,0
1,0
1,0
0,55.1031283330622
1,0
1,0
0,0.8415078632518288
1,0
1,0
1,0
1,0
0,70.88454489618329
0,123.67723232915621
1,0
1,0
1,0
1,0
1,0
1,0
1,0
0,15.380888981651932
1,0
1,0
1,0
0,1885.0220380009973
1,0
1,0
1,0
1,0
1,0
1,0
1,0
0,49.76851532297377
0,12.873370224966623
1,0
0,1.5821669107753809
1,0
1,0
1,0
