state,recovery_time
1,0
1,0
1,0
1,0
1,0
1,0
1,0
1,0
0,3.966346194028081
1,0
1,0
1,0
1,0
1,0
0,111.2073574864201
1,0
1,0
1,0
1,0
1,0
1,0
1,0
0,4.61284008449086
0,57.067946164167466
1,0
1,0
1,0
1,0
1,0
1,0
1,0
1,0
1,0
1,0
1,0
1,0
0,1656.7268090085267
0,279.4843064535499
1,0
1,0
1,0
1,0
1,0
1,0
1,0
1,0
1,0
1,0
1,0
1,0
1,0
1,0
1,0
1,0
1,0
1,0
1,0
1,0
1,0
1,0
1,0
1,0
1,0
1,0
1,0
1,0
1,0
1,0
1,0
1,0
1,0
1,0
1,0
1,0
1,0
1,0
1,0
1,0
1,0
1,0
1,0
1,0
1,0
1,0
1,0
1,0
1,0
1,0
1,0
1,0
1,0
1,0
1,0
1,0
0,4073.500830056078
1,0
