state,recovery_time
1,0
1,0
1,0
1,0
1,0
1,0
1,0
1,0
1,0
1,0
1,0
1,0
1,0
1,0
1,0
1,0
0,0.6480800286496776
1,0
1,0
1,0
1,0
1,0
1,0
1,0
1,0
1,0
0,6.261575284571542
1,0
1,0
1,0
1,0
1,0
1,0
1,0
1,0
1,0
1,0
1,0
1,0
1,0
1,0
1,0
1,0
1,0
1,0
1,0
1,0
1,0
1,0
1,0
1,0
0,17.66132856671186
1,0
1,0
1,0
1,0
1,0
1,0
1,0
1,0
1,0
1,0
1,0
0,22.064242396990412
1,0
1,0
1,0
1,0
1,0
1,0
0,44.16269828967845
1,0
1,0
1,0
1,0
1,0
1,0
1,0
1,0
0,41.035757733787925
1,0
1,0
1,0
1,0
1,0
1,0
1,0
1,0
1,0
1,0
1,0
1,0
1,0
1,0
1,0
1,0
