state,recovery_time
1,0
1,0
1,0
1,0
0,28.501250312683187
1,0
1,0
1,0
1,0
1,0
1,0
1,0
0,30.507172744892884
1,0
1,0
1,0
1,0
1,0
1,0
1,0
1,0
1,0
1,0
1,0
1,0
1,0
1,0
1,0
1,0
1,0
1,0
1,0
1,0
1,0
1,0
1,0
1,0
1,0
1,0
1,0
1,0
1,0
1,0
1,0
1,0
0,942.1805028981421
1,0
1,0
1,0
1,0
1,0
1,0
1,0
1,0
1,0
