state,recovery_time
1,0
0,13.943803675454701
1,0
1,0
0,3.5727391101206867
1,0
1,0
0,24.1309988119288
1,0
0,274.91432173169187
