state,recovery_time
1,0
1,0
1,0
0,17.567884372554015
1,0
0,33.015296072751575
1,0
0,22.03669015049231
1,0
0,77.84616803129325
