state,recovery_time
0,8.294932563348157
0,9.78399261086212
1,0
0,151.20996434938587
1,0
1,0
1,0
0,66.57261989722082
1,0
1,0
