state,recovery_time
1,0
0,113.88457325694385
0,117.12963391913577
1,0
0,4.387211710775674
1,0
1,0
0,12.382720679981519
1,0
1,0
