state,recovery_time
1,0
0,3.520082407478867
1,0
1,0
1,0
1,0
1,0
0,24.26708928402197
0,30.342557334639654
0,71.9646493361457
