state,recovery_time
0,0.0728685412917474
0,32.36110955918204
1,0
1,0
0,42933.45777366069
1,0
1,0
1,0
1,0
0,343.39613627444055
