state,recovery_time
1,0
0,0.007493530374073508
1,0
0,13.209257466674106
0,2946.1531433882915
1,0
1,0
1,0
0,0.6362620735078702
1,0
