state,recovery_time
0,49.24367467357083
1,0
1,0
1,0
1,0
1,0
0,29.10722256430469
0,45.96319713007841
1,0
0,2.9481210255331676
0,94.34121869799539
0,115.99542036387673
0,208.35932929515238
1,0
1,0
1,0
0,19.54013255229028
0,3268.983916654174
0,44.28872891738662
0,1.6732822454159908
0,25.17610559563855
0,16.845356757654756
0,222.84363301972132
1,0
0,7.3856120463863935
0,8.863049346389152
1,0
1,0
0,3.1469378962036676
1,0
1,0
0,83.37978978904123
0,165.78277080310005
0,177.01760237783412
0,820.5268412474336
0,340.6519058186194
0,116.05441752871779
0,16.193461637125026
0,8.813295350190243
1,0
0,3.6545576463484397
1,0
0,1.4419160565502727
0,38.39263712441197
0,37.552576055629736
0,73.44134684698943
0,2.527065857666894
0,488.6274105410099
1,0
0,1618.6378058622868
1,0
1,0
1,0
0,50.560983238450646
0,49.26467714049722
1,0
0,2.6946344333881393
0,0.04496711825476158
0,3079.061585258073
0,127.23075822083317
1,0
1,0
0,22.84159745748456
0,228.1806200211756
0,14.343645404292626
0,79.175952618121
0,434.683140328425
0,0.05600053001825129
1,0
0,10850.024326991925
1,0
1,0
0,22.087910639329372
0,2.396559220855384
0,364.4021267382233
0,4.5718428687624115
0,0.13316092038810445
1,0
0,184.59543606957115
0,25830.98851422203
0,1.7316853693787324
0,294.0170513579821
0,7.200167502793266
0,12.220824440508212
0,5.825707580687385
0,491.2402929487789
0,32.47475109513371
0,0.4972140607702869
1,0
0,9.180922372217113
0,11.071162000385291
0,60.465390181850864
0,101819.34663875836
0,0.09483771297133528
0,3.7659205559801614
0,57.33309886926604
