state,recovery_time
1,0
1,0
1,0
0,23.685220536399733
0,654.1951131441703
1,0
1,0
1,0
1,0
1,0
