state,recovery_time
1,0
0,11.432825811367898
1,0
1,0
1,0
1,0
1,0
1,0
0,19.648835860114477
1,0
