state,recovery_time
0,10286.680168586427
1,0
0,207.23578218393197
1,0
1,0
0,389.6820465196109
0,0.16989188833261443
1,0
1,0
1,0
