state,recovery_time
0,4.429164748060551
1,0
1,0
0,21.219225381907222
1,0
1,0
1,0
0,84.7082489334755
0,461.21299860703425
1,0
