state,recovery_time
0,5.224737527666049
1,0
1,0
0,533.5541652640255
0,7.541292807125629
1,0
1,0
1,0
1,0
1,0
