state,recovery_time
0,16921.555424464073
1,0
1,0
0,151.5383751626979
1,0
0,1.9090173034386837
1,0
1,0
1,0
1,0
