state,recovery_time
1,0
1,0
1,0
1,0
1,0
0,298.3940377991231
0,64.17169745660581
1,0
1,0
1,0
