state,recovery_time
0,1.4774808740019536
1,0
1,0
0,350.92841324229266
1,0
1,0
1,0
1,0
1,0
1,0
