state,recovery_time
1,0
1,0
0,29.20510896023869
1,0
1,0
0,118.53481008437703
1,0
1,0
1,0
0,147.00721992095504
