state,recovery_time
0,43.913192652632596
0,2.34773769296117
1,0
1,0
1,0
0,37.35139447177772
1,0
1,0
1,0
1,0
