state,recovery_time
1,0
1,0
1,0
1,0
1,0
1,0
1,0
1,0
0,1.2696178583735662
1,0
1,0
1,0
1,0
1,0
1,0
1,0
1,0
1,0
1,0
1,0
1,0
1,0
1,0
1,0
1,0
1,0
1,0
1,0
1,0
1,0
1,0
1,0
0,426.6188230280991
1,0
1,0
1,0
1,0
0,12.757883076333554
1,0
1,0
1,0
1,0
1,0
1,0
1,0
1,0
1,0
1,0
1,0
0,4.944937824241192
0,25.76296992395046
1,0
1,0
1,0
1,0
