state,recovery_time
1,0
1,0
0,218.99692039066335
0,16.000486629088854
1,0
0,50.88661896675907
0,0.7703727432258649
0,95.73394928406792
0,531.437705909039
0,6.563489520621374
