state,recovery_time
0,11.965069490194058
1,0
0,1614.9877553086362
0,130.9986127497747
0,127.50354493843759
0,114.18175088847048
0,104.3665918905652
0,535.9319100691545
1,0
1,0
