state,recovery_time
1,0
0,378.161177978506
1,0
1,0
1,0
1,0
1,0
1,0
1,0
0,66.42459265292769
