state,recovery_time
1,0
0,1036.9128185524544
1,0
1,0
1,0
1,0
0,192.77013298212108
1,0
1,0
1,0
