state,recovery_time
1,0
0,12.530729266386656
1,0
1,0
1,0
1,0
1,0
1,0
1,0
0,198.52138468359726
