state,recovery_time
0,334.5702050350709
0,30.399645117276464
0,3.5206716740155826
0,8.461784547941047
1,0
0,518.5621887275064
1,0
1,0
0,380.7909207634259
1,0
