state,recovery_time
1,0
1,0
0,230.6692741936963
1,0
0,490.133470849261
0,314.6715702648143
1,0
1,0
0,188.4673490741555
0,4.137256745945515
