state,recovery_time
1,0
1,0
0,4486.590593820603
0,825.786930482519
1,0
0,9560.234733070862
1,0
0,20.590409847282682
0,112.24320402791427
1,0
