state,recovery_time
1,0
1,0
1,0
1,0
1,0
1,0
1,0
1,0
1,0
1,0
1,0
1,0
1,0
1,0
1,0
1,0
0,283.50117751354827
0,2.4118872090177432
1,0
1,0
1,0
1,0
1,0
1,0
1,0
1,0
1,0
0,141.78210326483216
0,73.4147030170187
1,0
1,0
1,0
1,0
0,332.7046487694363
1,0
1,0
1,0
1,0
1,0
1,0
1,0
1,0
1,0
1,0
1,0
1,0
1,0
1,0
1,0
1,0
1,0
0,108.38445452076026
1,0
1,0
1,0
1,0
1,0
0,8902.776647409723
1,0
1,0
1,0
1,0
1,0
0,36.84375327218429
1,0
1,0
1,0
1,0
1,0
1,0
1,0
1,0
0,6184.305138696742
1,0
1,0
1,0
1,0
1,0
1,0
1,0
1,0
1,0
0,4.583444425083883
1,0
1,0
1,0
1,0
1,0
1,0
1,0
1,0
1,0
1,0
1,0
0,137.49501847037854
1,0
