state,recovery_time
0,0.08740953018515156
0,11.99092145126691
0,565.1768687335878
1,0
0,204.93283259557816
1,0
1,0
1,0
0,0.8709175437363124
1,0
