state,recovery_time
0,104.29091069077228
0,5.096275037280822
1,0
0,2.51371195916334
0,23.766391488081076
1,0
1,0
0,27.920384448061306
1,0
1,0
