state,recovery_time
0,13.536997366878401
0,15.001053737255827
0,7.388935067732692
1,0
0,27.016201065291508
1,0
0,421.87417610958494
1,0
0,60.07598554863708
1,0
