state,recovery_time
1,0
1,0
1,0
1,0
1,0
1,0
1,0
1,0
1,0
1,0
1,0
0,6.66143896130912
0,95.68317097838163
0,0.41275481037991574
1,0
1,0
1,0
1,0
1,0
1,0
1,0
1,0
1,0
0,0.13508809498262347
1,0
1,0
0,17.6713562002698
1,0
1,0
1,0
1,0
1,0
1,0
1,0
1,0
1,0
1,0
0,12.41057019201703
1,0
1,0
1,0
1,0
1,0
1,0
1,0
1,0
0,51.544412125236214
1,0
1,0
1,0
1,0
1,0
1,0
1,0
1,0
1,0
1,0
1,0
1,0
1,0
1,0
1,0
1,0
0,279.7028574384727
1,0
0,12.323875158475794
0,2120.718882522878
1,0
1,0
1,0
0,4.701751515679855
0,170.23093688010047
1,0
0,52.39004151298765
0,9.049999939665996
1,0
1,0
0,164.4948056270795
1,0
1,0
1,0
1,0
1,0
1,0
1,0
1,0
1,0
1,0
1,0
0,0.4489979861602968
1,0
1,0
1,0
1,0
0,0.5610002724236572
0,1042.3233307627188
