state,recovery_time
1,0
1,0
1,0
1,0
1,0
1,0
1,0
1,0
0,0.5764320013448948
1,0
1,0
1,0
1,0
1,0
1,0
1,0
1,0
1,0
1,0
1,0
1,0
1,0
1,0
1,0
1,0
1,0
1,0
1,0
0,442.4856749036444
0,10.453767090801415
1,0
1,0
1,0
0,128.57069043009716
1,0
1,0
1,0
1,0
1,0
1,0
1,0
1,0
1,0
0,10.106758284754148
1,0
1,0
1,0
1,0
0,15.321131637897066
1,0
1,0
1,0
1,0
1,0
1,0
1,0
0,8.8598688380079
1,0
1,0
0,559.3902418139229
1,0
1,0
1,0
1,0
1,0
0,2910.9337416194967
1,0
0,146.6722370402464
1,0
1,0
0,191.03570582939
1,0
1,0
1,0
1,0
0,30.947670018022745
1,0
1,0
1,0
1,0
1,0
1,0
1,0
1,0
1,0
1,0
1,0
1,0
1,0
0,5.0280459742544625
1,0
1,0
1,0
1,0
0,339.4255704542502
1,0
