state,recovery_time
1,0
0,4502.641912576216
1,0
1,0
1,0
1,0
1,0
1,0
1,0
0,54.90733076766243
