state,recovery_time
1,0
1,0
1,0
1,0
0,0.8031668814987596
1,0
0,73.36752802730932
1,0
1,0
1,0
