state,recovery_time
0,0.6266018081875612
1,0
1,0
1,0
1,0
1,0
0,9.947911547591264
1,0
1,0
1,0
1,0
1,0
1,0
1,0
0,12.176702563939742
1,0
1,0
1,0
1,0
1,0
1,0
1,0
1,0
1,0
1,0
0,6.076922991056004
1,0
1,0
1,0
1,0
1,0
1,0
1,0
1,0
1,0
1,0
1,0
1,0
1,0
1,0
1,0
1,0
1,0
1,0
1,0
1,0
1,0
1,0
1,0
1,0
1,0
0,304.07543644624934
1,0
1,0
1,0
