state,recovery_time
0,100.12614515968495
1,0
1,0
1,0
1,0
1,0
1,0
1,0
0,13.120831509058368
1,0
