state,recovery_time
1,0
1,0
1,0
1,0
1,0
0,13.480904022341091
0,7.965338969840697
0,244.90327990565413
0,11.545775250972968
0,70.50623875034451
