state,recovery_time
0,236.9667680048855
0,214.23521963951512
0,0.3515788876415355
1,0
1,0
0,1.519137349653339
1,0
0,94.81168182719217
1,0
1,0
