state,recovery_time
1,0
1,0
0,1.0910602429381946
0,94.63793982050092
0,12.161399273257517
1,0
0,786.243383179246
0,4.262419769916452
1,0
1,0
