state,recovery_time
0,29.069534986506063
0,7.768558336788086
1,0
1,0
1,0
0,49.95049990079982
0,22.026500641497368
1,0
0,27.802040177130305
1,0
