state,recovery_time
1,0
0,4.125323132015771
1,0
1,0
1,0
1,0
1,0
1,0
1,0
1,0
1,0
1,0
1,0
0,7.849229086399327
1,0
1,0
1,0
1,0
0,5.33544049806351
1,0
1,0
1,0
1,0
0,113.96389302784343
1,0
1,0
1,0
0,65.64945144854207
0,155.2129729180743
1,0
1,0
1,0
1,0
1,0
0,1.4988076671562742
1,0
0,6.205300084868635
1,0
0,0.12050862363221926
1,0
1,0
1,0
1,0
1,0
1,0
1,0
1,0
1,0
1,0
1,0
1,0
0,15.121627811584986
0,2.508649899928772
1,0
1,0
