state,recovery_time
0,7.867025918807104
0,254.89452804691504
0,1.9819189099024843
0,28.717856021359356
1,0
0,15.675352513304441
0,80.74830195009764
0,1.2041047898315627
1,0
1,0
