state,recovery_time
0,12143.940065949162
0,20.371068424986618
1,0
0,2336.3379440780955
0,0.6584648928419028
0,0.1413923411111995
1,0
0,184.3218707716616
1,0
0,38.296469103017024
