state,recovery_time
0,15.495485321538855
1,0
0,0.16482383350330682
0,10.590279404975412
1,0
1,0
1,0
0,24.844500945446597
0,2.8706524657592767
0,193.80821735341794
