state,recovery_time
0,23.94492986075777
0,72.48402281944931
1,0
1,0
1,0
0,2.5106330956086187
0,1437.6739260381232
1,0
0,187.63436221458394
0,16237.759703279802
