state,recovery_time
1,0
1,0
1,0
1,0
1,0
1,0
1,0
0,365.5021590287907
1,0
1,0
1,0
0,29.695920864061268
1,0
1,0
1,0
1,0
1,0
1,0
1,0
0,8.368580669096431
1,0
1,0
1,0
1,0
1,0
1,0
1,0
1,0
1,0
1,0
1,0
1,0
1,0
1,0
1,0
1,0
1,0
1,0
1,0
1,0
1,0
1,0
1,0
1,0
1,0
1,0
1,0
1,0
1,0
1,0
0,2.297880648917416
1,0
1,0
1,0
0,40.20035660375767
1,0
1,0
1,0
1,0
1,0
1,0
1,0
1,0
1,0
1,0
1,0
1,0
1,0
1,0
1,0
1,0
1,0
1,0
1,0
1,0
1,0
1,0
1,0
1,0
1,0
1,0
1,0
0,0.47497498908077534
1,0
1,0
1,0
1,0
1,0
1,0
1,0
1,0
1,0
1,0
1,0
1,0
1,0
