state,recovery_time
0,3.9956228929093363
0,21.472662627487704
1,0
0,78.39148161936329
1,0
1,0
1,0
1,0
1,0
1,0
