state,recovery_time
0,1.44095825135348
1,0
1,0
1,0
0,112.8452774430704
1,0
1,0
0,207.04194314024411
1,0
1,0
