state,recovery_time
1,0
1,0
1,0
1,0
1,0
0,3.6596430735819374
0,319.89111649651073
0,21.349748720523664
1,0
1,0
