state,recovery_time
1,0
1,0
1,0
0,50.971125961905344
1,0
1,0
0,9.457402344041697
0,54.587613198717946
1,0
1,0
