state,recovery_time
1,0
0,437.2633249234799
1,0
1,0
1,0
1,0
1,0
0,60.980128889723844
0,43664.80227909323
1,0
