state,recovery_time
1,0
1,0
0,7.785295402756327
0,2.95072390269022
1,0
1,0
1,0
1,0
0,7.024889554910986
1,0
