state,recovery_time
1,0
0,10.768561804759125
1,0
1,0
0,24.045472230998445
1,0
0,0.08623329523723933
1,0
1,0
1,0
0,14.579916882706536
1,0
1,0
1,0
1,0
1,0
1,0
1,0
1,0
1,0
1,0
1,0
1,0
1,0
1,0
1,0
1,0
0,13.369810013167093
1,0
1,0
1,0
1,0
1,0
1,0
1,0
1,0
1,0
1,0
1,0
1,0
0,37.64343382633901
1,0
0,24.55697051926861
1,0
1,0
1,0
1,0
1,0
1,0
1,0
1,0
1,0
1,0
1,0
1,0
