state,recovery_time
1,0
1,0
1,0
1,0
1,0
1,0
1,0
1,0
1,0
0,0.897971833868287
1,0
0,14.158235906765345
1,0
0,66.96598362874137
1,0
1,0
1,0
1,0
0,83.8306902723008
1,0
1,0
1,0
0,27.618929177207555
1,0
1,0
1,0
1,0
0,413.06698139645545
1,0
1,0
1,0
1,0
1,0
1,0
1,0
0,25.73729561436063
1,0
0,4.446849565612918
1,0
1,0
0,573.1843698281436
1,0
1,0
1,0
1,0
1,0
1,0
1,0
1,0
1,0
1,0
1,0
1,0
1,0
1,0
1,0
1,0
1,0
1,0
1,0
1,0
1,0
1,0
1,0
0,569.6446745115039
1,0
1,0
1,0
1,0
1,0
1,0
1,0
1,0
0,185.42951674164598
0,1.6695114279275576
1,0
1,0
1,0
0,5117.157194343337
1,0
1,0
1,0
1,0
1,0
1,0
1,0
0,0.9347566350776403
0,4.832554110118115
1,0
1,0
0,0.2867786440205157
1,0
1,0
1,0
1,0
1,0
