state,recovery_time
1,0
1,0
1,0
1,0
1,0
1,0
0,4.058259262133947
0,177.44800902763333
1,0
1,0
1,0
1,0
1,0
0,0.9018157908980767
1,0
1,0
1,0
1,0
1,0
1,0
1,0
0,33.23441467793521
1,0
1,0
1,0
1,0
1,0
1,0
1,0
1,0
1,0
1,0
1,0
1,0
1,0
1,0
1,0
1,0
1,0
1,0
1,0
1,0
1,0
1,0
1,0
1,0
1,0
1,0
1,0
0,45.9800360172614
0,141.984310730883
1,0
1,0
1,0
1,0
0,2.084876507734495
1,0
1,0
1,0
1,0
1,0
1,0
1,0
1,0
1,0
1,0
1,0
1,0
1,0
1,0
1,0
1,0
1,0
1,0
1,0
1,0
1,0
0,288.0388071271781
0,65.14387486251255
1,0
1,0
1,0
1,0
1,0
1,0
1,0
1,0
1,0
1,0
1,0
1,0
1,0
1,0
1,0
1,0
1,0
