state,recovery_time
1,0
1,0
1,0
0,161.55704327353448
0,763.7828290355649
0,140.0143442548707
1,0
1,0
0,3.6548318230909413
0,1318.5958084347458
