state,recovery_time
0,1.3124584765123228
0,2205.530594500672
0,4.003283296805929
1,0
0,5280.698974688226
1,0
0,155.6276841459299
1,0
1,0
1,0
