state,recovery_time
1,0
1,0
0,1082.6051825661966
0,290.1715580270713
0,819.1292661984648
1,0
0,4.299859295572548
1,0
1,0
1,0
