state,recovery_time
1,0
0,7.306079282569436
1,0
1,0
0,32.45050046709007
1,0
1,0
1,0
0,0.4990527714731761
1,0
