state,recovery_time
0,1454.2599147421545
1,0
1,0
1,0
0,164.53912487708342
1,0
0,47.5441580175165
0,304.18209632083625
1,0
1,0
