state,recovery_time
0,15.364954041544392
1,0
0,4.31129045224259
0,4.542492815576041
1,0
1,0
1,0
1,0
1,0
1,0
