state,recovery_time
1,0
1,0
0,1.0606571895043322
0,115.15239644913873
0,826.3016913257768
0,1.7341459827434866
1,0
1,0
1,0
0,63.095533351146166
0,26.25825222356603
1,0
1,0
1,0
1,0
1,0
1,0
1,0
1,0
1,0
0,63.44273609560053
1,0
1,0
0,881.6428316441343
0,113.95591805388504
1,0
0,9.102061794581573
1,0
1,0
0,1.08430718588894
1,0
1,0
1,0
1,0
1,0
0,10.69516101015951
1,0
0,0.5837297262576483
1,0
1,0
1,0
1,0
1,0
1,0
1,0
1,0
1,0
1,0
1,0
1,0
1,0
1,0
1,0
1,0
1,0
1,0
1,0
1,0
1,0
1,0
1,0
1,0
1,0
1,0
0,124.50743581982002
1,0
1,0
1,0
0,0.9059687273829443
1,0
1,0
1,0
1,0
1,0
1,0
1,0
0,0.48631361254031624
1,0
1,0
1,0
1,0
1,0
1,0
1,0
1,0
1,0
1,0
1,0
1,0
1,0
1,0
1,0
1,0
1,0
1,0
1,0
