state,recovery_time
1,0
1,0
1,0
1,0
0,49.57141340815339
1,0
0,34.3072978475115
0,43.46014004847134
1,0
1,0
1,0
0,225.61839866485084
0,1.5328596415700888
1,0
1,0
0,155.55310899025247
0,57.11359337707824
0,65.53075972476779
0,773.5227634965555
0,0.15526989747423434
0,122.33454366538827
1,0
1,0
0,76.7901938853009
1,0
1,0
0,35.68297956504587
1,0
1,0
1,0
1,0
1,0
1,0
0,15.147330660989088
0,41.961365644669364
1,0
1,0
0,80.44201890071795
1,0
1,0
0,121.58135702055509
1,0
1,0
1,0
0,437.28332034645484
0,67.86703794035319
0,9207.545646569104
0,197.64920830283296
1,0
1,0
1,0
1,0
1,0
1,0
1,0
0,135.1776568688334
0,544.8251037674788
0,71.24903142854768
0,129.60975849784316
0,16.071254259963574
1,0
0,43.225542853713854
1,0
1,0
1,0
1,0
1,0
0,329.58683408128
1,0
0,116.13025603077783
1,0
1,0
1,0
0,2.910310006713907
1,0
0,0.5487131836186794
0,37.41090626586339
0,5.510856256216559
0,14.246175243322364
0,132.7803235244256
0,3592.578312155798
0,4.982808169973654
1,0
0,28.31025737640313
1,0
1,0
1,0
0,11.586204097688798
0,22.636181663236336
1,0
0,441.9411642441237
1,0
1,0
0,260.23136934386866
0,2897.3706254350077
1,0
