state,recovery_time
1,0
0,154.08599357107278
0,5150.007817974004
0,466.09962351719145
1,0
0,3.5212710219217187
0,3.764527454609501
0,156.36224315057595
1,0
0,0.08006606162831116
1,0
0,29.736590580530837
0,0.718752343774073
1,0
0,4393.745458799361
0,19294.161552389545
0,433.3817320025348
0,199.94057027015387
0,27.474002381235916
0,64.80516795686633
0,16.575465370108272
1,0
0,277.3990519009813
1,0
0,225.8387906698308
0,8.929147958666908
0,22.842149904887606
0,102.5739113154019
0,91.00505590357838
0,6.219483579460024
0,8814.372777201825
0,3.799255575621292
0,37.44421971638751
0,4.766230910320844
0,49.56547512403882
1,0
0,14.553230145427179
0,1.4354043696212633
0,1.2933632685200165
0,937.2334701205109
0,641.2191486013485
1,0
0,1665.1338389026241
1,0
0,87.79947026088045
0,749.7496750512984
0,16389.06559074805
0,457.4711999938412
0,18.992935050094914
0,8.103314403942626
0,72.40950902582951
1,0
0,4556.069326514836
1,0
0,48.76972561325384
0,34.39316785865038
1,0
0,2177.0953730640626
1,0
0,53.50830006927109
1,0
0,11.473561873872503
0,393.47211820153547
1,0
0,14.041290818346738
0,3.892771458746525
1,0
1,0
0,0.5636280264588196
1,0
0,50.120544332881536
1,0
0,3998.5250235798353
0,9.040297406566573
0,107.96286922276285
1,0
0,35.346759127259475
0,0.5894792800406197
0,10.624717383349157
0,42.021599564277246
0,56.93291562423133
0,0.7817552036927162
0,8.2765658165876
1,0
0,155.52549810593297
0,74.54379839647433
0,1.6533532646981721
0,1554.8185395975008
0,9.18324452304118
0,76.79203451042125
0,3.1142870552838295
0,0.8494309276718366
0,1303.5009139449585
0,1.4088506684445987
0,30.748127793904352
0,1.960916160824155
0,1.3545974696935879
1,0
1,0
0,947.5158181079569
0,68.57402154063996
0,740.8640220621191
0,1676.4933749265247
0,199.6267393715116
1,0
0,47.767634775552274
0,5.08793569306017
0,4073.2722885121175
0,0.776201927610193
0,24.58737707039585
0,3.8544845734597657
0,0.9007918324780013
0,63.47994322296843
0,31.515525351846243
0,109.1415860583201
0,1.049348650738262
0,15.413806208737109
0,14.786362448699828
0,129.52368231589284
0,1.5575655941814437
0,0.5077080148026658
0,21.96842636522376
