state,recovery_time
1,0
0,49.34612299477469
1,0
1,0
0,188.7825975817916
1,0
1,0
1,0
1,0
1,0
