state,recovery_time
1,0
1,0
0,591.4877589957805
1,0
1,0
1,0
0,21.226298421192134
1,0
1,0
1,0
