state,recovery_time
1,0
1,0
1,0
0,214.06757620674264
1,0
0,11.948930871325592
0,1.4531935470184085
1,0
1,0
1,0
1,0
0,5.658136176363221
1,0
1,0
1,0
0,78.27040004098413
1,0
1,0
1,0
1,0
1,0
1,0
1,0
1,0
1,0
1,0
1,0
1,0
1,0
1,0
0,337.3395344006245
1,0
1,0
1,0
1,0
1,0
1,0
1,0
0,812.8466354312943
1,0
0,11.530721225364996
1,0
1,0
0,313.211140391766
1,0
1,0
1,0
1,0
0,99.45706703453308
1,0
1,0
1,0
1,0
0,39.78649910851868
1,0
