state,recovery_time
1,0
1,0
1,0
1,0
1,0
0,0.12684442123274328
1,0
1,0
0,4.96740691600875
1,0
