state,recovery_time
0,432.556709994735
1,0
1,0
0,15.11169010786994
1,0
1,0
1,0
1,0
1,0
1,0
