state,recovery_time
0,15.31226040228646
0,1424.840309969703
1,0
1,0
1,0
1,0
1,0
1,0
1,0
1,0
