state,recovery_time
1,0
0,407.8971091611572
1,0
1,0
1,0
1,0
1,0
0,1644.8266380631137
1,0
0,2.823206373152768
0,777.4805569095479
0,32.05516209936542
1,0
1,0
0,48.74016264453444
1,0
0,3.6606153407558475
1,0
0,27.368674725044084
1,0
1,0
0,39.324873934022044
0,255.8120871788835
1,0
0,36.81108457938436
1,0
1,0
1,0
0,21.524499418464696
0,267.3226200808685
0,0.5248333019960387
0,163.22781604595517
1,0
1,0
0,3.7679280553689027
0,4396.5643125977895
0,6.399618938826581
1,0
0,9.146175024321991
1,0
1,0
1,0
1,0
1,0
1,0
1,0
0,68.49340547688557
0,22.765779506936774
1,0
1,0
1,0
0,8.864336074670481
1,0
1,0
1,0
1,0
1,0
1,0
1,0
0,932.219826536514
1,0
0,439.97001512868013
1,0
0,2513.9960024814354
1,0
0,12903.934972426097
0,3.780728549635112
1,0
0,22.83211107251334
0,1.0364020600392225
1,0
0,0.16123744502448706
0,17.568150490339008
1,0
1,0
0,4.781002911641866
1,0
0,118.5815991919289
1,0
0,1772.8085554137526
0,310.76791166256595
1,0
1,0
0,16.29240542605176
0,3.896281264741931
1,0
1,0
1,0
1,0
1,0
1,0
0,8.024680354183428
1,0
1,0
0,25.93197588850359
1,0
