state,recovery_time
1,0
1,0
1,0
1,0
0,227.6357107995733
1,0
1,0
1,0
1,0
1,0
1,0
1,0
1,0
1,0
0,19.384247541274007
1,0
1,0
1,0
1,0
1,0
1,0
1,0
0,1.6821606499759205
0,4.72948582353349
1,0
1,0
1,0
1,0
1,0
1,0
1,0
1,0
1,0
1,0
0,104.4359063199992
1,0
0,8.678843615259257
1,0
0,6.899612524773062
1,0
1,0
1,0
1,0
1,0
0,15.35452332072216
1,0
1,0
1,0
1,0
1,0
1,0
1,0
1,0
0,3.7659930523505567
0,31.165000060961976
1,0
1,0
1,0
0,3.7985058516516714
1,0
0,164.58173922122694
1,0
1,0
1,0
1,0
1,0
1,0
1,0
1,0
1,0
0,195.15100941813043
1,0
1,0
1,0
1,0
1,0
1,0
1,0
1,0
1,0
1,0
1,0
1,0
0,4.195095383041105
1,0
1,0
0,15.577918523761987
1,0
1,0
0,23.654538760167675
0,33.163930688438505
1,0
1,0
1,0
1,0
1,0
