state,recovery_time
1,0
1,0
1,0
1,0
1,0
1,0
1,0
1,0
1,0
1,0
1,0
1,0
1,0
1,0
1,0
1,0
1,0
1,0
1,0
1,0
1,0
1,0
1,0
1,0
1,0
1,0
1,0
1,0
0,2.861988899653303
0,8.546199463182111
1,0
1,0
1,0
1,0
1,0
1,0
1,0
1,0
1,0
1,0
1,0
1,0
1,0
1,0
1,0
1,0
1,0
1,0
1,0
1,0
1,0
1,0
1,0
1,0
1,0
1,0
1,0
1,0
1,0
1,0
1,0
1,0
1,0
1,0
0,1.6227711098144872
1,0
1,0
1,0
1,0
1,0
1,0
1,0
1,0
0,10.586213046551265
1,0
1,0
1,0
1,0
1,0
1,0
1,0
1,0
1,0
1,0
0,226.16112443861837
1,0
1,0
1,0
1,0
1,0
1,0
1,0
1,0
1,0
1,0
1,0
1,0
1,0
0,711.3339845491967
1,0
1,0
1,0
1,0
1,0
1,0
1,0
1,0
1,0
0,1.0165281219613456
1,0
1,0
1,0
1,0
1,0
1,0
1,0
1,0
1,0
1,0
1,0
1,0
1,0
