state,recovery_time
0,0.7613826219984017
1,0
1,0
1,0
1,0
1,0
1,0
1,0
1,0
1,0
0,16150.06091550497
0,88.03364799400957
1,0
1,0
1,0
1,0
1,0
1,0
1,0
1,0
1,0
1,0
1,0
1,0
1,0
1,0
1,0
1,0
1,0
1,0
1,0
1,0
1,0
1,0
1,0
1,0
1,0
1,0
1,0
1,0
0,309.2873363049651
1,0
1,0
1,0
1,0
1,0
1,0
1,0
1,0
1,0
1,0
1,0
1,0
1,0
1,0
1,0
1,0
1,0
1,0
1,0
1,0
1,0
1,0
0,451.25871645381335
1,0
1,0
0,112.12935770407832
1,0
1,0
1,0
1,0
0,600.4871903292852
1,0
1,0
1,0
1,0
1,0
0,14.720149880139992
1,0
1,0
1,0
0,4.968889757798058
1,0
1,0
1,0
1,0
1,0
1,0
1,0
1,0
1,0
1,0
1,0
1,0
1,0
0,0.1133863751301844
0,0.4309216725319257
1,0
1,0
1,0
1,0
1,0
1,0
1,0
1,0
1,0
1,0
1,0
0,21.790072576882125
1,0
1,0
1,0
1,0
1,0
1,0
1,0
1,0
1,0
1,0
1,0
1,0
1,0
