state,recovery_time
1,0
1,0
1,0
0,524.2700353441201
1,0
1,0
0,173.58632678661687
1,0
1,0
0,42.49212418760989
