state,recovery_time
0,776.0711795168451
0,116.25890646664669
1,0
0,2.020236124103156
1,0
0,1.312455258084523
1,0
0,0.35931797768847734
1,0
1,0
