state,recovery_time
0,216.05494095884438
1,0
1,0
1,0
0,0.09013332124443721
0,80.32516359419877
0,2978.4573108931104
1,0
0,1334.2193377732335
0,3154.425090226853
