state,recovery_time
0,389.3897171662854
0,45.276675631391825
1,0
1,0
1,0
0,48.03593442929481
1,0
0,52.898224099013994
0,34.892473779110915
1,0
