state,recovery_time
0,5.4536776961641005
1,0
1,0
0,7.953914409295953
0,2.695963351647887
1,0
0,70.16015512665426
0,295.6348845751156
1,0
1,0
