state,recovery_time
1,0
1,0
1,0
1,0
1,0
1,0
1,0
1,0
1,0
1,0
1,0
0,1170.5766724478167
1,0
1,0
1,0
0,34.08717595992413
1,0
1,0
0,186.83516529064744
0,165.51530161739694
1,0
1,0
1,0
1,0
0,68.51403083371287
0,15.979710589819714
0,8.241989260751476
1,0
1,0
1,0
1,0
1,0
0,363.46027426870165
0,25.711325591955095
0,2.43494607348379
1,0
0,7.5725266209242115
1,0
1,0
1,0
1,0
1,0
1,0
1,0
1,0
0,35.37213545410706
1,0
1,0
1,0
1,0
1,0
1,0
1,0
0,291.91605843288477
1,0
1,0
1,0
1,0
1,0
1,0
1,0
1,0
1,0
0,38.58986617449223
1,0
1,0
1,0
1,0
0,0.07285044227194178
1,0
1,0
1,0
1,0
1,0
1,0
1,0
1,0
1,0
1,0
1,0
1,0
1,0
1,0
1,0
1,0
1,0
1,0
1,0
1,0
1,0
1,0
0,4.250624713112317
1,0
1,0
1,0
1,0
