state,recovery_time
1,0
1,0
1,0
1,0
1,0
1,0
1,0
1,0
0,2.6151028589299807
1,0
1,0
1,0
1,0
1,0
0,44.38296645675214
1,0
1,0
1,0
0,22.860612034157388
1,0
1,0
1,0
0,15.58905888383139
1,0
1,0
1,0
1,0
1,0
0,71.74456832214238
1,0
0,2.780876445641307
1,0
1,0
1,0
1,0
1,0
1,0
1,0
1,0
1,0
1,0
1,0
0,5.281097054669814
1,0
1,0
1,0
1,0
1,0
1,0
1,0
1,0
0,3.072612196969233
1,0
0,0.6204208352991046
1,0
1,0
1,0
1,0
1,0
1,0
1,0
1,0
1,0
1,0
1,0
1,0
1,0
1,0
1,0
1,0
1,0
1,0
1,0
1,0
1,0
1,0
1,0
1,0
0,105.86315121298904
1,0
1,0
1,0
1,0
1,0
1,0
1,0
1,0
1,0
1,0
1,0
1,0
1,0
1,0
1,0
1,0
1,0
