state,recovery_time
0.0,764.6989879482691
0.0,1.980116055050314
0.0,83.19499001431014
1.0,0.0
0.0,5983.666161849265
0.0,2.0777154856155833
1.0,0.0
0.0,3.076933404910054
1.0,0.0
1.0,0.0
1.0,0.0
0.0,5181.679682046344
0.0,51.68395113187025
0.0,0.8914679145958051
0.0,185.74166528469152
1.0,0.0
1.0,0.0
1.0,0.0
1.0,0.0
1.0,0.0
1.0,0.0
1.0,0.0
0.0,1059.5348888959436
1.0,0.0
0.0,20.119286763695012
1.0,0.0
1.0,0.0
1.0,0.0
0.0,57.24397812664911
1.0,0.0
1.0,0.0
0.0,427.38360216466845
1.0,0.0
0.0,66.59853160109911
0.0,253.63895878913843
1.0,0.0
0.0,17.407358468488304
0.0,17.397769978246064
1.0,0.0
1.0,0.0
1.0,0.0
1.0,0.0
0.0,8.953749270471906
1.0,0.0
0.0,31.94686620749308
0.0,1.7869995522098718
1.0,0.0
0.0,3.0521989073857663
0.0,6.517697370452996
0.0,20.144717978912205
1.0,0.0
0.0,3.5774750030914224
0.0,23.921659704205997
1.0,0.0
1.0,0.0
1.0,0.0
1.0,0.0
0.0,178.20238612878313
0.0,396.600235500643
1.0,0.0
1.0,0.0
1.0,0.0
1.0,0.0
1.0,0.0
0.0,16.81859028810303
1.0,0.0
0.0,516.3113213528925
1.0,0.0
0.0,5.28867216890218
1.0,0.0
1.0,0.0
0.0,10.583139493944765
1.0,0.0
1.0,0.0
0.0,8.14336468690611
0.0,49.91255075107919
1.0,0.0
1.0,0.0
0.0,15.474201543334292
1.0,0.0
1.0,0.0
0.0,14.396787560668901
1.0,0.0
0.0,297.2358624284895
0.0,19.99248533578372
1.0,0.0
1.0,0.0
0.0,1986.2763714790692
1.0,0.0
1.0,0.0
1.0,0.0
1.0,0.0
1.0,0.0
0.0,0.005601392971778185
0.0,2.6863637332258015
1.0,0.0
1.0,0.0
0.0,101.81282243265129
0.0,2162.8617954381775
1.0,0.0
0.0,7.707451810958762
1.0,0.0
0.0,81.44452893115225
1.0,0.0
1.0,0.0
1.0,0.0
0.0,72.20348015367215
0.0,480.77607220589096
1.0,0.0
0.0,55.45395087291228
0.0,400.45804007876774
0.0,105.25010883776758
0.0,26.94326354690465
0.0,81.96073081798828
1.0,0.0
0.0,120.87226373478369
0.0,21.339370864309902
0.0,0.5602290221961364
1.0,0.0
0.0,8.963624929930011
1.0,0.0
1.0,0.0
