state,recovery_time
1.0,0.0
1.0,0.0
1.0,0.0
1.0,0.0
1.0,0.0
1.0,0.0
0.0,9.456133051198702
1.0,0.0
1.0,0.0
1.0,0.0
1.0,0.0
1.0,0.0
1.0,0.0
1.0,0.0
1.0,0.0
1.0,0.0
1.0,0.0
1.0,0.0
1.0,0.0
1.0,0.0
1.0,0.0
0.0,5.545667104773687
1.0,0.0
1.0,0.0
0.0,9.48302982815824
1.0,0.0
1.0,0.0
0.0,15.108989943787325
1.0,0.0
1.0,0.0
1.0,0.0
0.0,245.1275653830285
1.0,0.0
1.0,0.0
1.0,0.0
1.0,0.0
1.0,0.0
1.0,0.0
1.0,0.0
1.0,0.0
0.0,1.1632778200583975
0.0,4593.642353769148
0.0,3.7183173483592578
1.0,0.0
0.0,197.70077660332177
1.0,0.0
1.0,0.0
1.0,0.0
1.0,0.0
1.0,0.0
1.0,0.0
1.0,0.0
1.0,0.0
1.0,0.0
1.0,0.0
1.0,0.0
1.0,0.0
1.0,0.0
1.0,0.0
1.0,0.0
1.0,0.0
1.0,0.0
0.0,0.5134207338155191
1.0,0.0
0.0,13.904239215188579
1.0,0.0
1.0,0.0
1.0,0.0
1.0,0.0
1.0,0.0
1.0,0.0
1.0,0.0
1.0,0.0
1.0,0.0
1.0,0.0
0.0,6054.879068070008
1.0,0.0
1.0,0.0
0.0,35.793335407231865
1.0,0.0
0.0,363.36923682101656
1.0,0.0
1.0,0.0
1.0,0.0
0.0,55.85125377064546
1.0,0.0
1.0,0.0
1.0,0.0
1.0,0.0
1.0,0.0
1.0,0.0
1.0,0.0
1.0,0.0
1.0,0.0
1.0,0.0
1.0,0.0
1.0,0.0
1.0,0.0
1.0,0.0
1.0,0.0
1.0,0.0
1.0,0.0
0.0,29.21752940962034
1.0,0.0
1.0,0.0
1.0,0.0
0.0,151.42047440919504
1.0,0.0
1.0,0.0
1.0,0.0
1.0,0.0
1.0,0.0
1.0,0.0
1.0,0.0
1.0,0.0
1.0,0.0
1.0,0.0
1.0,0.0
1.0,0.0
0.0,32.90355464515607
1.0,0.0
1.0,0.0
