state,recovery_time
1.0,0.0
1.0,0.0
0.0,59.414677292803226
1.0,0.0
1.0,0.0
1.0,0.0
1.0,0.0
1.0,0.0
1.0,0.0
1.0,0.0
1.0,0.0
1.0,0.0
1.0,0.0
1.0,0.0
1.0,0.0
0.0,45.95936354409577
1.0,0.0
0.0,215.31998192987058
1.0,0.0
1.0,0.0
1.0,0.0
1.0,0.0
0.0,590.8885342468445
1.0,0.0
1.0,0.0
1.0,0.0
1.0,0.0
1.0,0.0
1.0,0.0
0.0,61.22091749728024
1.0,0.0
1.0,0.0
1.0,0.0
1.0,0.0
1.0,0.0
1.0,0.0
1.0,0.0
1.0,0.0
1.0,0.0
1.0,0.0
1.0,0.0
1.0,0.0
1.0,0.0
1.0,0.0
1.0,0.0
1.0,0.0
1.0,0.0
1.0,0.0
1.0,0.0
1.0,0.0
1.0,0.0
1.0,0.0
1.0,0.0
1.0,0.0
1.0,0.0
1.0,0.0
1.0,0.0
1.0,0.0
1.0,0.0
1.0,0.0
0.0,131.31501213490262
1.0,0.0
1.0,0.0
1.0,0.0
1.0,0.0
1.0,0.0
1.0,0.0
1.0,0.0
1.0,0.0
1.0,0.0
1.0,0.0
1.0,0.0
1.0,0.0
1.0,0.0
0.0,2.8166639421774664
0.0,95.2125999291303
1.0,0.0
0.0,5272.208648427501
1.0,0.0
1.0,0.0
1.0,0.0
1.0,0.0
1.0,0.0
1.0,0.0
1.0,0.0
1.0,0.0
1.0,0.0
1.0,0.0
1.0,0.0
1.0,0.0
1.0,0.0
1.0,0.0
1.0,0.0
1.0,0.0
1.0,0.0
0.0,76.82317955802824
1.0,0.0
1.0,0.0
1.0,0.0
0.0,4032.693831902162
1.0,0.0
1.0,0.0
0.0,16897.04928484793
1.0,0.0
1.0,0.0
1.0,0.0
1.0,0.0
0.0,38.511090771112336
1.0,0.0
1.0,0.0
1.0,0.0
1.0,0.0
1.0,0.0
1.0,0.0
1.0,0.0
1.0,0.0
0.0,64.55941229112784
1.0,0.0
1.0,0.0
1.0,0.0
0.0,23.60739906231608
1.0,0.0
