state,recovery_time
1.0,0.0
1.0,0.0
0.0,267.78816662220083
1.0,0.0
1.0,0.0
0.0,0.10580601295614286
0.0,49.34591141427215
0.0,1.9982396093988877
1.0,0.0
1.0,0.0
1.0,0.0
1.0,0.0
1.0,0.0
1.0,0.0
1.0,0.0
0.0,515.2865098226331
0.0,196.4132247540045
1.0,0.0
1.0,0.0
1.0,0.0
0.0,5.54998841024486
0.0,36.560422296787394
0.0,38.213358383600706
0.0,8.77631010538351
1.0,0.0
0.0,8.930420476682439
1.0,0.0
0.0,10.051319324071017
1.0,0.0
1.0,0.0
0.0,19.68090459681543
0.0,39.5264514638919
1.0,0.0
0.0,1.8796332918994243
0.0,14.478025735041513
0.0,113.48156468347322
0.0,267.3155212270313
1.0,0.0
1.0,0.0
0.0,265.4237578109532
1.0,0.0
0.0,395.1857657851508
0.0,34.00528084680864
1.0,0.0
1.0,0.0
1.0,0.0
1.0,0.0
0.0,17.876357809457385
0.0,36.77424768116467
0.0,1.4103767406567493
0.0,2338.7622132677
0.0,39.597350626866344
0.0,0.8525963058633339
1.0,0.0
0.0,28.740916514312687
0.0,437.3177581720257
0.0,265.29391754248087
1.0,0.0
1.0,0.0
0.0,1.9998089407456714
1.0,0.0
1.0,0.0
0.0,2168.705977573587
1.0,0.0
0.0,1.199398014653602
1.0,0.0
1.0,0.0
1.0,0.0
1.0,0.0
0.0,3.2724749776057998
1.0,0.0
0.0,7.824050624679534
1.0,0.0
1.0,0.0
1.0,0.0
1.0,0.0
1.0,0.0
1.0,0.0
1.0,0.0
1.0,0.0
0.0,0.7517256552174697
1.0,0.0
0.0,270.2177662026271
0.0,83.03062546752808
1.0,0.0
0.0,1635.4732944273483
0.0,3.7934557936121873
0.0,3.880700704211207
0.0,13151.78376522986
0.0,295.9856409736355
0.0,9.290446207152888
1.0,0.0
1.0,0.0
1.0,0.0
0.0,9.209930978033727
1.0,0.0
0.0,0.8211375553943764
1.0,0.0
0.0,3566.5043871126672
1.0,0.0
1.0,0.0
1.0,0.0
0.0,239.14267653883516
1.0,0.0
0.0,0.03305134744763978
1.0,0.0
1.0,0.0
1.0,0.0
1.0,0.0
1.0,0.0
1.0,0.0
1.0,0.0
1.0,0.0
0.0,1.1873385876765452
1.0,0.0
1.0,0.0
1.0,0.0
1.0,0.0
1.0,0.0
0.0,2.2473176488315807
1.0,0.0
1.0,0.0
