state,recovery_time
0.0,2.7259702519039664
1.0,0.0
0.0,77.49597003948685
1.0,0.0
1.0,0.0
0.0,13.545043002545674
1.0,0.0
0.0,2.723764141207237
0.0,141.92203849558848
0.0,27.077255857460322
0.0,3.718614260386707
0.0,73.89724754459151
0.0,76.87373077768113
1.0,0.0
1.0,0.0
1.0,0.0
0.0,69.37082557413937
0.0,45.35769348644774
0.0,1635.3779580899168
0.0,171.7387870716371
0.0,3978.0305150977074
0.0,37.23242696182239
1.0,0.0
1.0,0.0
0.0,153.32232911454088
0.0,900.6668696715213
1.0,0.0
1.0,0.0
1.0,0.0
0.0,4.354132672724354
0.0,212.87643610142604
1.0,0.0
1.0,0.0
0.0,69.51288649797793
1.0,0.0
1.0,0.0
1.0,0.0
0.0,2.6482234658790746
0.0,13.408215083736984
1.0,0.0
1.0,0.0
0.0,334.54615329347297
0.0,2705.3000621024266
1.0,0.0
1.0,0.0
1.0,0.0
1.0,0.0
1.0,0.0
0.0,23.333975292060284
0.0,229.69211432377296
0.0,31.56240822817407
1.0,0.0
1.0,0.0
1.0,0.0
0.0,120.6115443884657
1.0,0.0
0.0,6.553857370042223
1.0,0.0
1.0,0.0
1.0,0.0
1.0,0.0
0.0,4.626811190095399
0.0,2773.509554091448
1.0,0.0
0.0,112.18641101384128
1.0,0.0
0.0,4.562832607239398
1.0,0.0
0.0,106.30783299592618
1.0,0.0
1.0,0.0
0.0,16.294861614367232
0.0,48.782346090703435
0.0,10.557038672853036
1.0,0.0
0.0,146.4230149768762
0.0,3.9460969812210616
1.0,0.0
0.0,57.082208145840696
0.0,120.02205405513621
0.0,37.974533438634225
1.0,0.0
0.0,188.43638283454968
1.0,0.0
0.0,21.708244035705153
1.0,0.0
0.0,280.139028076876
1.0,0.0
0.0,1.8865084227487334
0.0,10.385343429221237
0.0,19.40658256278173
0.0,0.07502517365160832
1.0,0.0
0.0,133.19009152982682
0.0,27.697144368474042
0.0,2.2107234420744235
1.0,0.0
1.0,0.0
1.0,0.0
0.0,4.839742134257618
0.0,23.2675816721787
0.0,1.3739058143884944
1.0,0.0
0.0,105.02751794520987
0.0,179.80865119002289
0.0,335.31872589399654
1.0,0.0
0.0,11.18798157964122
1.0,0.0
1.0,0.0
1.0,0.0
0.0,8.048639738692964
1.0,0.0
0.0,2144.486536208973
1.0,0.0
1.0,0.0
0.0,9659.280023250558
0.0,7.234455150868268
1.0,0.0
0.0,12.231057208783856
0.0,4.679975248332265
0.0,16.790173727605058
