state,recovery_time
1.0,0.0
0.0,38.97549527509595
1.0,0.0
1.0,0.0
0.0,1010.3609457062965
1.0,0.0
1.0,0.0
0.0,12.110186549956916
1.0,0.0
0.0,5.036346245467085
1.0,0.0
1.0,0.0
0.0,1250.4076306374182
1.0,0.0
0.0,1282.4478798892194
0.0,13.37171158848445
1.0,0.0
1.0,0.0
1.0,0.0
1.0,0.0
0.0,60.10248038810677
1.0,0.0
1.0,0.0
0.0,246.23424508560586
1.0,0.0
0.0,40.43290209979262
1.0,0.0
0.0,593.2804567663335
0.0,13300.339222076738
1.0,0.0
1.0,0.0
1.0,0.0
1.0,0.0
1.0,0.0
1.0,0.0
0.0,27.353535100863297
0.0,16.777761947086393
1.0,0.0
1.0,0.0
0.0,35.32919124158769
1.0,0.0
0.0,37.34922498160621
1.0,0.0
1.0,0.0
1.0,0.0
1.0,0.0
1.0,0.0
1.0,0.0
1.0,0.0
0.0,10.041243903050498
1.0,0.0
1.0,0.0
1.0,0.0
1.0,0.0
1.0,0.0
0.0,34.80999442358293
1.0,0.0
1.0,0.0
0.0,60.0431343754754
0.0,27.993678441426216
1.0,0.0
1.0,0.0
1.0,0.0
1.0,0.0
1.0,0.0
1.0,0.0
0.0,7.533388563038302
1.0,0.0
1.0,0.0
0.0,8.88344996889546
0.0,124.18545381482642
0.0,2142.6124078060698
1.0,0.0
1.0,0.0
1.0,0.0
1.0,0.0
1.0,0.0
1.0,0.0
1.0,0.0
1.0,0.0
1.0,0.0
0.0,28.410528398166583
1.0,0.0
0.0,0.9047201770083664
0.0,385.04178432401096
1.0,0.0
0.0,3.807694682057674
0.0,16.124855946270692
0.0,755.9745524984571
1.0,0.0
1.0,0.0
1.0,0.0
1.0,0.0
0.0,11.417937853801634
0.0,18.148377369330998
1.0,0.0
0.0,40.58530098042127
1.0,0.0
0.0,28.18767172551696
1.0,0.0
1.0,0.0
1.0,0.0
1.0,0.0
1.0,0.0
1.0,0.0
0.0,2.8953895072798503
1.0,0.0
0.0,12.077685962802612
0.0,0.06732956197824777
0.0,3.7612299133279867
1.0,0.0
1.0,0.0
0.0,1061.053575207134
1.0,0.0
0.0,3168.6329651979227
1.0,0.0
0.0,912.6775218188271
1.0,0.0
1.0,0.0
1.0,0.0
1.0,0.0
0.0,1079.0913829117667
