state,recovery_time
1.0,0.0
1.0,0.0
1.0,0.0
1.0,0.0
1.0,0.0
1.0,0.0
1.0,0.0
1.0,0.0
1.0,0.0
0.0,148.67490372033566
0.0,0.27107566660688603
1.0,0.0
1.0,0.0
1.0,0.0
1.0,0.0
1.0,0.0
1.0,0.0
1.0,0.0
1.0,0.0
1.0,0.0
0.0,58.00302283865614
1.0,0.0
1.0,0.0
1.0,0.0
1.0,0.0
0.0,77.88429325377214
1.0,0.0
1.0,0.0
1.0,0.0
1.0,0.0
1.0,0.0
1.0,0.0
1.0,0.0
1.0,0.0
1.0,0.0
1.0,0.0
0.0,157.77136273590136
1.0,0.0
1.0,0.0
0.0,198.16242695984437
1.0,0.0
1.0,0.0
1.0,0.0
1.0,0.0
1.0,0.0
1.0,0.0
1.0,0.0
1.0,0.0
1.0,0.0
1.0,0.0
1.0,0.0
0.0,78.58329326513794
1.0,0.0
1.0,0.0
1.0,0.0
0.0,109.59545792569601
1.0,0.0
1.0,0.0
1.0,0.0
1.0,0.0
1.0,0.0
1.0,0.0
1.0,0.0
0.0,1558.2937616467314
1.0,0.0
1.0,0.0
0.0,15.499086582486239
1.0,0.0
1.0,0.0
1.0,0.0
1.0,0.0
1.0,0.0
1.0,0.0
1.0,0.0
1.0,0.0
0.0,1295.4234330909821
1.0,0.0
1.0,0.0
1.0,0.0
1.0,0.0
1.0,0.0
1.0,0.0
0.0,1609.272634762647
1.0,0.0
1.0,0.0
1.0,0.0
1.0,0.0
1.0,0.0
0.0,729.8694606612588
1.0,0.0
1.0,0.0
1.0,0.0
1.0,0.0
1.0,0.0
1.0,0.0
0.0,118.23249867190574
1.0,0.0
1.0,0.0
1.0,0.0
1.0,0.0
0.0,7.350021292591828
0.0,21.107114875428852
0.0,24.56356882009127
1.0,0.0
0.0,7.448206638071276
1.0,0.0
1.0,0.0
0.0,872.755751520898
1.0,0.0
1.0,0.0
1.0,0.0
1.0,0.0
0.0,15.708959078200321
1.0,0.0
1.0,0.0
0.0,51.693007785595846
1.0,0.0
1.0,0.0
1.0,0.0
1.0,0.0
1.0,0.0
1.0,0.0
