state,recovery_time
0.0,915.4982142065088
0.0,70.30692344355013
1.0,0.0
1.0,0.0
1.0,0.0
0.0,32.20196998248539
1.0,0.0
0.0,301.49223588812566
1.0,0.0
0.0,431.5285061681801
1.0,0.0
1.0,0.0
1.0,0.0
1.0,0.0
1.0,0.0
1.0,0.0
1.0,0.0
0.0,0.6233209142655333
1.0,0.0
1.0,0.0
1.0,0.0
1.0,0.0
1.0,0.0
1.0,0.0
0.0,0.06565964838564808
1.0,0.0
1.0,0.0
1.0,0.0
1.0,0.0
1.0,0.0
0.0,0.6230309892498136
1.0,0.0
1.0,0.0
1.0,0.0
1.0,0.0
0.0,12.718191152139694
0.0,150.5366693631255
1.0,0.0
1.0,0.0
1.0,0.0
1.0,0.0
0.0,6755.44398297488
1.0,0.0
1.0,0.0
1.0,0.0
0.0,48.272329250349785
1.0,0.0
1.0,0.0
1.0,0.0
1.0,0.0
1.0,0.0
0.0,1.075026276790814
1.0,0.0
1.0,0.0
1.0,0.0
1.0,0.0
0.0,1561.4085826569071
0.0,1691.4494136806384
1.0,0.0
1.0,0.0
1.0,0.0
0.0,6.311742199183927
1.0,0.0
1.0,0.0
1.0,0.0
0.0,71.75936927173542
1.0,0.0
0.0,30.23406419792603
1.0,0.0
1.0,0.0
0.0,65.32122614014997
1.0,0.0
1.0,0.0
1.0,0.0
1.0,0.0
1.0,0.0
1.0,0.0
0.0,179.0477741304536
1.0,0.0
1.0,0.0
0.0,53.53656746212421
1.0,0.0
1.0,0.0
1.0,0.0
1.0,0.0
1.0,0.0
1.0,0.0
1.0,0.0
1.0,0.0
1.0,0.0
1.0,0.0
0.0,49.63464906070392
1.0,0.0
1.0,0.0
1.0,0.0
1.0,0.0
0.0,24.693034790489737
1.0,0.0
1.0,0.0
1.0,0.0
1.0,0.0
1.0,0.0
0.0,8.012537495075373
0.0,707.4248557910963
1.0,0.0
0.0,26.500790442495198
1.0,0.0
0.0,346.10273992978557
1.0,0.0
1.0,0.0
0.0,8.739513931381106
1.0,0.0
1.0,0.0
1.0,0.0
1.0,0.0
1.0,0.0
1.0,0.0
1.0,0.0
1.0,0.0
0.0,56.59631267404097
1.0,0.0
1.0,0.0
