state,recovery_time
1.0,0.0
0.0,115.18865101725264
0.0,28.35618584869135
1.0,0.0
1.0,0.0
0.0,36.54001135803678
1.0,0.0
1.0,0.0
1.0,0.0
1.0,0.0
1.0,0.0
1.0,0.0
1.0,0.0
1.0,0.0
1.0,0.0
1.0,0.0
0.0,4.646395179815823
1.0,0.0
1.0,0.0
1.0,0.0
0.0,47.16887685807461
1.0,0.0
1.0,0.0
1.0,0.0
1.0,0.0
1.0,0.0
1.0,0.0
1.0,0.0
1.0,0.0
1.0,0.0
1.0,0.0
1.0,0.0
1.0,0.0
1.0,0.0
0.0,9.856174908790816
0.0,134.38970202102976
1.0,0.0
1.0,0.0
0.0,342.32493966452705
1.0,0.0
1.0,0.0
1.0,0.0
1.0,0.0
1.0,0.0
1.0,0.0
1.0,0.0
0.0,3.468368435669854
1.0,0.0
1.0,0.0
0.0,6223.813709511685
1.0,0.0
1.0,0.0
1.0,0.0
0.0,41.92631778041764
1.0,0.0
1.0,0.0
1.0,0.0
1.0,0.0
1.0,0.0
1.0,0.0
1.0,0.0
1.0,0.0
1.0,0.0
1.0,0.0
1.0,0.0
1.0,0.0
1.0,0.0
1.0,0.0
1.0,0.0
1.0,0.0
1.0,0.0
0.0,17.850615341058056
1.0,0.0
0.0,4.170127713383801
1.0,0.0
1.0,0.0
1.0,0.0
1.0,0.0
1.0,0.0
1.0,0.0
1.0,0.0
0.0,53.822813885575
1.0,0.0
1.0,0.0
1.0,0.0
1.0,0.0
1.0,0.0
1.0,0.0
0.0,223.8355027032949
1.0,0.0
1.0,0.0
1.0,0.0
0.0,0.03706232868641741
1.0,0.0
1.0,0.0
1.0,0.0
0.0,1624.2419774320424
1.0,0.0
1.0,0.0
1.0,0.0
1.0,0.0
1.0,0.0
1.0,0.0
1.0,0.0
1.0,0.0
1.0,0.0
1.0,0.0
0.0,135.2146173755754
1.0,0.0
1.0,0.0
1.0,0.0
1.0,0.0
0.0,0.9542917605447561
0.0,352.5975778174823
1.0,0.0
1.0,0.0
1.0,0.0
1.0,0.0
1.0,0.0
1.0,0.0
1.0,0.0
1.0,0.0
