state,recovery_time
0.0,6.2063469426735525
1.0,0.0
0.0,95.29862433619856
0.0,221.6420280839081
0.0,120.96719480349525
0.0,13.425150529469331
1.0,0.0
1.0,0.0
0.0,501.2787540737704
1.0,0.0
0.0,0.3557159454175558
0.0,3.072094263434442
0.0,5.7442077936366
1.0,0.0
1.0,0.0
0.0,14.12118519848503
0.0,40.636554858209976
1.0,0.0
1.0,0.0
1.0,0.0
1.0,0.0
0.0,16.18052825836195
1.0,0.0
1.0,0.0
0.0,5.738635416848149
0.0,67.04940939185583
1.0,0.0
0.0,110.61229621806096
1.0,0.0
0.0,1396.1056814034848
1.0,0.0
1.0,0.0
1.0,0.0
1.0,0.0
0.0,870.340094637023
1.0,0.0
1.0,0.0
1.0,0.0
1.0,0.0
1.0,0.0
1.0,0.0
1.0,0.0
1.0,0.0
1.0,0.0
0.0,45.62761089882898
0.0,103.08504652889035
1.0,0.0
1.0,0.0
1.0,0.0
1.0,0.0
1.0,0.0
1.0,0.0
0.0,281.37438645155646
0.0,106.61579494820927
0.0,398.7150891795599
1.0,0.0
0.0,630.3155153411258
0.0,73.20997071322569
0.0,36.655034449307735
1.0,0.0
1.0,0.0
0.0,457.1358370898595
1.0,0.0
1.0,0.0
0.0,10.974489674963758
1.0,0.0
1.0,0.0
0.0,9.998771407715758
1.0,0.0
1.0,0.0
1.0,0.0
0.0,2.7961885855664965
1.0,0.0
1.0,0.0
1.0,0.0
0.0,124.03387960161336
1.0,0.0
1.0,0.0
1.0,0.0
1.0,0.0
1.0,0.0
1.0,0.0
1.0,0.0
1.0,0.0
1.0,0.0
1.0,0.0
1.0,0.0
1.0,0.0
1.0,0.0
1.0,0.0
0.0,13.80440206590369
1.0,0.0
1.0,0.0
1.0,0.0
1.0,0.0
0.0,333.4334399901517
1.0,0.0
1.0,0.0
1.0,0.0
0.0,2014.763625986893
1.0,0.0
0.0,18.7688715743519
1.0,0.0
0.0,1.556161501553762
1.0,0.0
0.0,121.69518699495889
1.0,0.0
1.0,0.0
0.0,840.176804605314
0.0,382.9265173749562
1.0,0.0
0.0,2265.9142846913937
1.0,0.0
0.0,12.287270163277134
0.0,11.277239690414456
0.0,2924.2684661663134
1.0,0.0
1.0,0.0
1.0,0.0
1.0,0.0
1.0,0.0
1.0,0.0
