state,recovery_time
1.0,0.0
1.0,0.0
1.0,0.0
1.0,0.0
1.0,0.0
1.0,0.0
1.0,0.0
1.0,0.0
1.0,0.0
1.0,0.0
1.0,0.0
1.0,0.0
1.0,0.0
1.0,0.0
0.0,91.07925373249257
1.0,0.0
1.0,0.0
1.0,0.0
1.0,0.0
1.0,0.0
1.0,0.0
1.0,0.0
1.0,0.0
1.0,0.0
1.0,0.0
1.0,0.0
1.0,0.0
1.0,0.0
1.0,0.0
1.0,0.0
1.0,0.0
1.0,0.0
1.0,0.0
0.0,167.30822138008733
0.0,130.11438823130376
1.0,0.0
1.0,0.0
1.0,0.0
0.0,10.202788625383642
1.0,0.0
1.0,0.0
1.0,0.0
1.0,0.0
1.0,0.0
1.0,0.0
1.0,0.0
1.0,0.0
0.0,39.9002653362306
1.0,0.0
1.0,0.0
1.0,0.0
1.0,0.0
1.0,0.0
0.0,67.33219513755016
1.0,0.0
0.0,262.409999322674
0.0,15.253876065236929
1.0,0.0
1.0,0.0
1.0,0.0
1.0,0.0
1.0,0.0
0.0,107.72510388053935
0.0,10.403224499363496
1.0,0.0
1.0,0.0
0.0,120.08089686497034
0.0,68.68770996420938
1.0,0.0
1.0,0.0
1.0,0.0
1.0,0.0
1.0,0.0
1.0,0.0
0.0,164.2884221267981
1.0,0.0
1.0,0.0
1.0,0.0
0.0,5.000821657834899
1.0,0.0
1.0,0.0
0.0,15.181679692565197
1.0,0.0
1.0,0.0
1.0,0.0
1.0,0.0
1.0,0.0
1.0,0.0
1.0,0.0
1.0,0.0
1.0,0.0
1.0,0.0
0.0,66.88766369535726
1.0,0.0
1.0,0.0
1.0,0.0
1.0,0.0
1.0,0.0
1.0,0.0
0.0,0.6861394122590169
1.0,0.0
1.0,0.0
1.0,0.0
0.0,0.22440266387845184
1.0,0.0
1.0,0.0
1.0,0.0
1.0,0.0
0.0,537.3319475269916
0.0,982.5781653707184
1.0,0.0
1.0,0.0
1.0,0.0
0.0,183.80384110577188
1.0,0.0
1.0,0.0
1.0,0.0
1.0,0.0
1.0,0.0
1.0,0.0
0.0,177.1245711106867
1.0,0.0
