state,recovery_time
0.0,1388.0250189015753
1.0,0.0
0.0,1.8221712384491227
1.0,0.0
1.0,0.0
1.0,0.0
1.0,0.0
1.0,0.0
1.0,0.0
1.0,0.0
1.0,0.0
1.0,0.0
1.0,0.0
1.0,0.0
1.0,0.0
0.0,22.18655752214582
1.0,0.0
1.0,0.0
1.0,0.0
1.0,0.0
1.0,0.0
1.0,0.0
1.0,0.0
0.0,180.7481587786239
1.0,0.0
1.0,0.0
1.0,0.0
1.0,0.0
1.0,0.0
0.0,25.832435517427168
1.0,0.0
1.0,0.0
1.0,0.0
0.0,188.6373499543478
1.0,0.0
1.0,0.0
1.0,0.0
1.0,0.0
1.0,0.0
0.0,1116.472071725986
1.0,0.0
0.0,3.074436338190391
0.0,1.8931273526351367
1.0,0.0
1.0,0.0
1.0,0.0
1.0,0.0
1.0,0.0
1.0,0.0
0.0,141.78088854346268
1.0,0.0
1.0,0.0
0.0,0.5966517111321973
1.0,0.0
1.0,0.0
1.0,0.0
1.0,0.0
1.0,0.0
1.0,0.0
1.0,0.0
1.0,0.0
1.0,0.0
1.0,0.0
1.0,0.0
1.0,0.0
1.0,0.0
0.0,0.3877640814663247
0.0,345.64162244645416
1.0,0.0
1.0,0.0
1.0,0.0
1.0,0.0
1.0,0.0
0.0,4.577326960353411
1.0,0.0
1.0,0.0
1.0,0.0
0.0,258.1543948100405
0.0,501.5495603330849
1.0,0.0
1.0,0.0
0.0,402.5363052965453
1.0,0.0
1.0,0.0
1.0,0.0
1.0,0.0
1.0,0.0
1.0,0.0
1.0,0.0
1.0,0.0
1.0,0.0
1.0,0.0
1.0,0.0
1.0,0.0
1.0,0.0
1.0,0.0
1.0,0.0
1.0,0.0
1.0,0.0
1.0,0.0
1.0,0.0
1.0,0.0
1.0,0.0
1.0,0.0
1.0,0.0
1.0,0.0
1.0,0.0
1.0,0.0
0.0,37.17026295490123
1.0,0.0
1.0,0.0
1.0,0.0
1.0,0.0
1.0,0.0
1.0,0.0
0.0,5.0251193684662585
1.0,0.0
0.0,17.40442174834974
1.0,0.0
1.0,0.0
1.0,0.0
1.0,0.0
