state,recovery_time
1.0,0.0
1.0,0.0
1.0,0.0
1.0,0.0
0.0,218.9826346878704
1.0,0.0
1.0,0.0
0.0,1464.4303471192504
1.0,0.0
1.0,0.0
1.0,0.0
1.0,0.0
1.0,0.0
1.0,0.0
1.0,0.0
1.0,0.0
1.0,0.0
1.0,0.0
0.0,151.0051082959329
1.0,0.0
1.0,0.0
1.0,0.0
1.0,0.0
1.0,0.0
1.0,0.0
1.0,0.0
1.0,0.0
1.0,0.0
1.0,0.0
1.0,0.0
1.0,0.0
1.0,0.0
0.0,152.92191056074103
1.0,0.0
1.0,0.0
1.0,0.0
1.0,0.0
0.0,120.62897622960391
0.0,24.24752423095003
1.0,0.0
1.0,0.0
1.0,0.0
1.0,0.0
1.0,0.0
1.0,0.0
0.0,1.5180204440166467
1.0,0.0
1.0,0.0
1.0,0.0
1.0,0.0
1.0,0.0
1.0,0.0
1.0,0.0
1.0,0.0
1.0,0.0
1.0,0.0
1.0,0.0
1.0,0.0
1.0,0.0
1.0,0.0
1.0,0.0
1.0,0.0
1.0,0.0
0.0,44.533300680230774
1.0,0.0
1.0,0.0
0.0,73.9381812108452
1.0,0.0
1.0,0.0
1.0,0.0
1.0,0.0
1.0,0.0
0.0,6.69131904746981
1.0,0.0
1.0,0.0
0.0,496.1297579221847
1.0,0.0
0.0,33.3704370698347
1.0,0.0
0.0,700.8589001952581
1.0,0.0
1.0,0.0
1.0,0.0
0.0,4.287911604067399
0.0,175.21220949114038
1.0,0.0
1.0,0.0
1.0,0.0
1.0,0.0
1.0,0.0
1.0,0.0
1.0,0.0
1.0,0.0
1.0,0.0
1.0,0.0
1.0,0.0
1.0,0.0
1.0,0.0
1.0,0.0
0.0,2.0227741847560634
1.0,0.0
1.0,0.0
1.0,0.0
0.0,49.25424284628092
1.0,0.0
1.0,0.0
1.0,0.0
0.0,1853.0778850767479
1.0,0.0
1.0,0.0
1.0,0.0
1.0,0.0
1.0,0.0
1.0,0.0
1.0,0.0
1.0,0.0
1.0,0.0
1.0,0.0
1.0,0.0
0.0,328.5081646417615
1.0,0.0
1.0,0.0
