state,recovery_time
0.0,7.793296272006702
0.0,50.84630057248112
1.0,0.0
1.0,0.0
0.0,348.9395058872203
1.0,0.0
1.0,0.0
0.0,1.373117362194109
1.0,0.0
1.0,0.0
1.0,0.0
1.0,0.0
1.0,0.0
1.0,0.0
0.0,25.091041540607506
1.0,0.0
1.0,0.0
1.0,0.0
1.0,0.0
1.0,0.0
1.0,0.0
0.0,378.12538150140614
0.0,2.596114500758793
1.0,0.0
1.0,0.0
0.0,829.300411550499
0.0,1094.2027701282389
1.0,0.0
1.0,0.0
0.0,70.71047211852887
1.0,0.0
0.0,8.112953417982723
1.0,0.0
1.0,0.0
1.0,0.0
1.0,0.0
1.0,0.0
1.0,0.0
1.0,0.0
1.0,0.0
1.0,0.0
1.0,0.0
1.0,0.0
1.0,0.0
1.0,0.0
0.0,43.29247304420571
0.0,92.24040002534244
1.0,0.0
1.0,0.0
0.0,191.42919900563064
1.0,0.0
0.0,2.6275278051013484
0.0,1.5822710853254325
1.0,0.0
0.0,39.307789761753085
1.0,0.0
0.0,6.207101944574509
0.0,146.01754305414815
1.0,0.0
1.0,0.0
1.0,0.0
0.0,303.6404780529865
1.0,0.0
0.0,65.9057627408439
1.0,0.0
1.0,0.0
1.0,0.0
1.0,0.0
0.0,730.9592456092961
1.0,0.0
1.0,0.0
1.0,0.0
1.0,0.0
1.0,0.0
1.0,0.0
1.0,0.0
1.0,0.0
0.0,22.25173395620524
0.0,1.090419930460137
1.0,0.0
1.0,0.0
1.0,0.0
0.0,49.63542632477162
1.0,0.0
1.0,0.0
0.0,182.03147104462874
0.0,26486.7518817815
0.0,1225.5750882490947
1.0,0.0
1.0,0.0
1.0,0.0
1.0,0.0
1.0,0.0
1.0,0.0
1.0,0.0
1.0,0.0
1.0,0.0
1.0,0.0
0.0,0.796510691362762
0.0,9.050560777723284
1.0,0.0
0.0,13.537368945139574
1.0,0.0
1.0,0.0
0.0,0.5938451732835934
1.0,0.0
1.0,0.0
1.0,0.0
1.0,0.0
1.0,0.0
1.0,0.0
1.0,0.0
0.0,14.477143594339793
1.0,0.0
1.0,0.0
0.0,21.580760704797445
1.0,0.0
0.0,43.49941619803013
1.0,0.0
1.0,0.0
1.0,0.0
1.0,0.0
