state,recovery_time
1.0,0.0
0.0,333.45528900600965
1.0,0.0
1.0,0.0
1.0,0.0
0.0,67.74065821023709
1.0,0.0
1.0,0.0
1.0,0.0
1.0,0.0
1.0,0.0
1.0,0.0
1.0,0.0
1.0,0.0
1.0,0.0
0.0,16.796044523304676
1.0,0.0
0.0,1024.4318533956666
1.0,0.0
1.0,0.0
1.0,0.0
1.0,0.0
1.0,0.0
1.0,0.0
1.0,0.0
1.0,0.0
0.0,4.167050509866632
1.0,0.0
0.0,8.3507656259839
1.0,0.0
0.0,46.55027982080502
1.0,0.0
0.0,1005.642237658251
0.0,1292.573110550509
0.0,1.0893571385649812
1.0,0.0
1.0,0.0
1.0,0.0
1.0,0.0
1.0,0.0
1.0,0.0
1.0,0.0
1.0,0.0
1.0,0.0
1.0,0.0
0.0,45.10391241171277
1.0,0.0
0.0,56.407304029684646
0.0,38.79112152551473
0.0,250.60471297618292
1.0,0.0
1.0,0.0
1.0,0.0
1.0,0.0
1.0,0.0
1.0,0.0
1.0,0.0
1.0,0.0
0.0,76.48286090592262
1.0,0.0
1.0,0.0
1.0,0.0
0.0,1887.3464370533727
1.0,0.0
1.0,0.0
0.0,0.5682655801791223
1.0,0.0
1.0,0.0
1.0,0.0
1.0,0.0
1.0,0.0
1.0,0.0
1.0,0.0
1.0,0.0
0.0,1.773521033787597
1.0,0.0
1.0,0.0
1.0,0.0
1.0,0.0
1.0,0.0
1.0,0.0
1.0,0.0
1.0,0.0
1.0,0.0
1.0,0.0
1.0,0.0
1.0,0.0
1.0,0.0
1.0,0.0
0.0,259.45427898289546
1.0,0.0
0.0,151.52420301413352
1.0,0.0
1.0,0.0
1.0,0.0
1.0,0.0
1.0,0.0
1.0,0.0
1.0,0.0
1.0,0.0
1.0,0.0
1.0,0.0
1.0,0.0
1.0,0.0
0.0,475.63298065079175
1.0,0.0
1.0,0.0
1.0,0.0
1.0,0.0
1.0,0.0
1.0,0.0
1.0,0.0
1.0,0.0
1.0,0.0
1.0,0.0
0.0,3.8727443468851903
1.0,0.0
1.0,0.0
1.0,0.0
0.0,121.28213664519296
1.0,0.0
1.0,0.0
