state,recovery_time
1.0,0.0
1.0,0.0
1.0,0.0
1.0,0.0
1.0,0.0
1.0,0.0
1.0,0.0
0.0,0.2948877753560118
1.0,0.0
0.0,183.89795239452573
1.0,0.0
0.0,7.460222661988996
1.0,0.0
0.0,152.53411807928222
0.0,216.15666631494102
1.0,0.0
1.0,0.0
1.0,0.0
1.0,0.0
1.0,0.0
1.0,0.0
1.0,0.0
1.0,0.0
1.0,0.0
0.0,93.34841342432952
1.0,0.0
1.0,0.0
1.0,0.0
1.0,0.0
1.0,0.0
1.0,0.0
0.0,680.8238304301624
1.0,0.0
1.0,0.0
1.0,0.0
0.0,52.48448884230171
1.0,0.0
1.0,0.0
1.0,0.0
0.0,644.9720210635204
0.0,0.5024868222688325
0.0,0.573238322100409
1.0,0.0
1.0,0.0
0.0,12.680006741829882
0.0,432.3361287262296
1.0,0.0
1.0,0.0
0.0,89.68678477939304
0.0,3.1624506571427435
1.0,0.0
1.0,0.0
1.0,0.0
1.0,0.0
1.0,0.0
0.0,152.35601513857637
1.0,0.0
1.0,0.0
1.0,0.0
1.0,0.0
0.0,704.7701676445698
1.0,0.0
1.0,0.0
1.0,0.0
1.0,0.0
0.0,0.3421027375561965
1.0,0.0
1.0,0.0
1.0,0.0
1.0,0.0
1.0,0.0
1.0,0.0
1.0,0.0
1.0,0.0
1.0,0.0
1.0,0.0
1.0,0.0
1.0,0.0
1.0,0.0
0.0,2851.9798779833754
1.0,0.0
1.0,0.0
1.0,0.0
1.0,0.0
0.0,1.1484803701169346
1.0,0.0
1.0,0.0
1.0,0.0
1.0,0.0
1.0,0.0
1.0,0.0
1.0,0.0
1.0,0.0
0.0,201.36183310039794
0.0,195.60807937870715
1.0,0.0
1.0,0.0
1.0,0.0
1.0,0.0
1.0,0.0
1.0,0.0
1.0,0.0
1.0,0.0
1.0,0.0
1.0,0.0
0.0,0.4598741045879199
1.0,0.0
1.0,0.0
1.0,0.0
1.0,0.0
1.0,0.0
1.0,0.0
0.0,159.73892322454412
1.0,0.0
0.0,1196.2330158965854
1.0,0.0
1.0,0.0
1.0,0.0
1.0,0.0
0.0,10.236354801340136
1.0,0.0
1.0,0.0
