state,recovery_time
1.0,0.0
1.0,0.0
0.0,58.236969336220376
1.0,0.0
1.0,0.0
0.0,0.9670351243126806
1.0,0.0
1.0,0.0
1.0,0.0
1.0,0.0
1.0,0.0
1.0,0.0
1.0,0.0
0.0,63.47973934757642
1.0,0.0
1.0,0.0
1.0,0.0
1.0,0.0
1.0,0.0
1.0,0.0
1.0,0.0
1.0,0.0
1.0,0.0
1.0,0.0
1.0,0.0
1.0,0.0
1.0,0.0
1.0,0.0
1.0,0.0
1.0,0.0
1.0,0.0
1.0,0.0
1.0,0.0
0.0,481.96433564603916
1.0,0.0
1.0,0.0
0.0,27.36516255382818
1.0,0.0
1.0,0.0
1.0,0.0
1.0,0.0
1.0,0.0
1.0,0.0
1.0,0.0
1.0,0.0
0.0,108.08881735455464
0.0,103.05849366995133
1.0,0.0
1.0,0.0
0.0,1.247656933005364
1.0,0.0
1.0,0.0
1.0,0.0
1.0,0.0
1.0,0.0
1.0,0.0
1.0,0.0
1.0,0.0
1.0,0.0
1.0,0.0
1.0,0.0
1.0,0.0
0.0,858.6991539515415
1.0,0.0
1.0,0.0
1.0,0.0
0.0,81.49736142687729
1.0,0.0
1.0,0.0
1.0,0.0
1.0,0.0
1.0,0.0
1.0,0.0
1.0,0.0
1.0,0.0
1.0,0.0
1.0,0.0
1.0,0.0
1.0,0.0
1.0,0.0
0.0,2052.362134199441
1.0,0.0
1.0,0.0
1.0,0.0
1.0,0.0
1.0,0.0
0.0,111.00266303125397
1.0,0.0
1.0,0.0
1.0,0.0
0.0,371.4383826739241
1.0,0.0
0.0,1148.46326847949
0.0,31.949381519826915
1.0,0.0
0.0,643.938144309093
1.0,0.0
1.0,0.0
1.0,0.0
1.0,0.0
1.0,0.0
1.0,0.0
1.0,0.0
1.0,0.0
1.0,0.0
0.0,283.091300030082
0.0,11.42050628989063
1.0,0.0
1.0,0.0
1.0,0.0
1.0,0.0
1.0,0.0
1.0,0.0
0.0,1033.9515301139531
1.0,0.0
1.0,0.0
1.0,0.0
1.0,0.0
1.0,0.0
1.0,0.0
0.0,30.265682811093736
1.0,0.0
