state,recovery_time
1,0
1,0
1,0
1,0
1,0
1,0
0,1355.5901184373045
1,0
1,0
1,0
1,0
1,0
1,0
1,0
1,0
1,0
1,0
1,0
1,0
1,0
1,0
0,85.72127354986935
1,0
1,0
0,2.365708897418622
1,0
1,0
1,0
1,0
1,0
1,0
1,0
1,0
1,0
1,0
1,0
1,0
1,0
1,0
0,107.83850235852377
1,0
0,3.8781775618257783
1,0
1,0
0,16.622337104910805
1,0
1,0
1,0
1,0
0,37.03371835548479
1,0
1,0
1,0
0,69.95598668559647
1,0
1,0
1,0
1,0
1,0
0,31.33077353491909
1,0
1,0
1,0
0,179.7380256390751
1,0
1,0
1,0
1,0
1,0
1,0
1,0
0,181.10453474675072
0,197.2053422224093
1,0
1,0
0,22.79130963567094
1,0
0,3.5919113712795165
0,0.4150504402982414
1,0
1,0
0,4062.4570119702944
1,0
1,0
1,0
1,0
0,12.282931892648111
1,0
1,0
1,0
1,0
1,0
1,0
1,0
1,0
1,0
