state,recovery_time
1,0
1,0
1,0
1,0
1,0
1,0
0,241.11800604643702
1,0
0,22.540903763079257
1,0
