state,recovery_time
1,0
1,0
0,69.17390011682025
0,17.041663428306897
1,0
0,5.6407862379886256
1,0
0,1727.7376334479923
1,0
1,0
