state,recovery_time
0,439.5431307996786
1,0
0,207.06521690910657
1,0
0,6.20488241391412
0,8.450199229020832
1,0
1,0
1,0
1,0
