state,recovery_time
1,0
0,309.7121655646499
0,35.430863751494115
1,0
0,8.855154874663866
1,0
1,0
1,0
1,0
0,61.403414636805564
