state,recovery_time
1,0
0,0.6212292106242645
0,3.066759353827869
1,0
1,0
1,0
0,17.769366423279482
1,0
0,293.455092777966
1,0
