state,recovery_time
1,0
1,0
1,0
1,0
0,311.8553861848254
0,3.8139410058815986
1,0
1,0
0,0.5088982542728472
0,23.785950876350434
