state,recovery_time
1,0
0,16.02770363196271
0,5.195165536388394
1,0
0,15.642657222208216
0,0.29349492775155106
1,0
1,0
1,0
1,0
