state,recovery_time
0,8.813008131975302
0,125.06280253214747
1,0
0,212.0995353655128
1,0
1,0
1,0
1,0
0,9.137373930900083
1,0
