state,recovery_time
0,3.9706669446793237
0,23.68320025665476
1,0
0,27.434113906448562
1,0
1,0
1,0
1,0
1,0
0,36.80831455398498
