state,recovery_time
0,9.711565963816323
1,0
0,6.205565467570585
1,0
1,0
0,815.3757956500558
0,138.16239516130415
1,0
1,0
1,0
