state,recovery_time
0,1.4082155443901028
1,0
1,0
1,0
0,2222.1850807253168
1,0
0,315.0008360973258
1,0
0,34.087240767275766
1,0
