state,recovery_time
1,0
0,20.05109343097834
1,0
1,0
1,0
1,0
0,104.82527358112311
1,0
0,48.84211588273622
0,34.90769023121664
