state,recovery_time
1,0
0,122.99327768140658
0,50.866957723210966
1,0
1,0
1,0
0,3.7812283329660126
0,1.1066345160671056
0,11.009866556717363
1,0
