state,recovery_time
0,45.75055242303939
1,0
0,1038.3248581345588
1,0
0,15.336848928136579
1,0
1,0
0,0.29481016358247863
1,0
0,152.04187977732622
