state,recovery_time
0,66.26865162201408
1,0
1,0
1,0
1,0
1,0
1,0
0,0.19674303803319454
1,0
1,0
1,0
1,0
1,0
1,0
1,0
1,0
1,0
1,0
1,0
1,0
1,0
1,0
1,0
1,0
1,0
1,0
1,0
1,0
1,0
1,0
0,4.44282538154422
1,0
1,0
1,0
1,0
1,0
1,0
0,258.0755069337035
1,0
0,12.177305608296527
0,2.39283381146935
1,0
1,0
0,21.071190110349026
0,3.7715841317485275
1,0
0,9.003374949370755
1,0
1,0
1,0
1,0
1,0
1,0
0,4.408967998066885
1,0
