state,recovery_time
1,0
0,2.6418880878875344
1,0
1,0
1,0
0,1.6547047108615134
1,0
1,0
0,66.86441756914324
1,0
1,0
1,0
1,0
1,0
1,0
1,0
1,0
1,0
1,0
1,0
0,402.78278748623495
1,0
1,0
1,0
1,0
1,0
1,0
1,0
1,0
1,0
1,0
1,0
1,0
1,0
1,0
1,0
1,0
1,0
0,16.631147282951222
0,83.12449917407375
0,69.7365697721146
1,0
1,0
1,0
0,20.83297148538458
1,0
0,4.125684958572843
1,0
1,0
1,0
1,0
1,0
0,44.127605380761786
1,0
0,58.01385169640736
