state,recovery_time
1,0
1,0
1,0
1,0
1,0
1,0
1,0
1,0
1,0
1,0
1,0
1,0
1,0
1,0
1,0
1,0
1,0
1,0
1,0
1,0
1,0
1,0
1,0
1,0
1,0
1,0
1,0
1,0
1,0
1,0
1,0
1,0
1,0
1,0
0,5.120909018194856
1,0
1,0
1,0
1,0
1,0
0,33.693411640416535
1,0
1,0
0,254.1936774266163
1,0
1,0
1,0
1,0
1,0
1,0
0,29.453269665292975
1,0
1,0
1,0
0,2.5065147313116425
0,6.512835040282644
1,0
1,0
1,0
1,0
1,0
1,0
1,0
1,0
1,0
1,0
1,0
1,0
1,0
0,619.2896385560454
1,0
1,0
1,0
1,0
0,1.6013026676691084
1,0
1,0
1,0
1,0
1,0
1,0
1,0
1,0
0,2.4217582310781256
1,0
1,0
1,0
1,0
1,0
1,0
1,0
1,0
1,0
1,0
1,0
0,145.41417085242261
