state,recovery_time
1,0
1,0
1,0
0,50.53735093484228
1,0
1,0
1,0
0,59.40329197105857
1,0
1,0
