state,recovery_time
1,0
1,0
1,0
1,0
1,0
0,19.04273746759635
1,0
0,3.466129612895273
1,0
1,0
