state,recovery_time
0,4.650021570238102
1,0
1,0
1,0
1,0
1,0
0,0.4645424958212827
1,0
1,0
1,0
