state,recovery_time
1,0
1,0
1,0
1,0
1,0
0,137.30212330993376
1,0
1,0
1,0
0,59.89570467212724
