state,recovery_time
1,0
1,0
1,0
0,16.191422077583084
1,0
1,0
1,0
1,0
1,0
0,0.14379819759630516
