state,recovery_time
1,0
1,0
0,2.1327770850330308
1,0
1,0
1,0
0,4.563133863037276
1,0
1,0
1,0
