state,recovery_time
1,0
0,12.143976007840873
1,0
0,277.9736721996899
1,0
1,0
1,0
1,0
1,0
1,0
