state,recovery_time
1,0
1,0
0,378.30003908196863
0,118.27602887141087
0,20.019149521666332
1,0
1,0
0,5731.07218619514
0,66.63269977534476
0,353.5580704500769
