state,recovery_time
0,1753.2453561597672
1,0
1,0
0,78.00879543909679
0,149.62553262454048
1,0
1,0
1,0
1,0
1,0
