state,recovery_time
1,0
0,20.338820583063058
1,0
1,0
0,28.658896728370376
1,0
0,572.0804608440064
1,0
1,0
0,401.75032224788976
