state,recovery_time
1,0
0,125.19825603354492
1,0
0,43520.76395118541
1,0
1,0
1,0
1,0
1,0
0,23.56823694808281
