state,recovery_time
1,0
0,17.119395680174687
1,0
1,0
0,11.870483208769894
1,0
0,4.052598173265943
0,7.936804045050731
0,26.25087011732048
0,34.4876078104693
