state,recovery_time
0,1677.8724803859466
1,0
1,0
1,0
1,0
0,30.741632041144005
0,1621.17278442293
1,0
0,12.110052953703876
1,0
