state,recovery_time
1,0
1,0
1,0
1,0
1,0
1,0
1,0
1,0
1,0
1,0
1,0
1,0
1,0
1,0
0,344.32353135709815
1,0
1,0
1,0
1,0
0,2.8902232063263993
1,0
0,324.8515069576032
1,0
1,0
1,0
1,0
1,0
1,0
1,0
1,0
1,0
1,0
1,0
1,0
1,0
1,0
1,0
1,0
1,0
1,0
0,34.48468569523841
1,0
1,0
1,0
1,0
1,0
1,0
0,18.20504891562692
1,0
1,0
1,0
1,0
1,0
1,0
1,0
1,0
1,0
1,0
1,0
1,0
1,0
1,0
1,0
1,0
1,0
0,30.263009080255273
1,0
1,0
1,0
1,0
1,0
1,0
1,0
1,0
1,0
1,0
1,0
1,0
1,0
1,0
1,0
1,0
1,0
1,0
1,0
1,0
1,0
1,0
0,135.674429885637
0,153.1374120310821
1,0
1,0
1,0
1,0
1,0
1,0
