state,recovery_time
1,0
1,0
1,0
1,0
1,0
1,0
1,0
1,0
0,6.7095392767249225
1,0
1,0
1,0
1,0
1,0
1,0
1,0
1,0
1,0
1,0
1,0
1,0
1,0
1,0
1,0
1,0
1,0
1,0
1,0
1,0
1,0
1,0
1,0
1,0
0,1081.1831443681372
0,45.11019369954523
1,0
1,0
1,0
0,1079.1969264060986
1,0
1,0
1,0
1,0
1,0
1,0
1,0
1,0
0,6964.711584497144
1,0
1,0
1,0
1,0
1,0
1,0
1,0
1,0
0,0.12366725234913108
1,0
1,0
1,0
1,0
0,17.73464372611933
1,0
1,0
1,0
1,0
1,0
1,0
1,0
1,0
1,0
1,0
1,0
0,10842.43094343692
0,659.2460223782165
0,13.766426105385651
0,632.41801907421
1,0
1,0
1,0
1,0
1,0
0,4.303962512536874
1,0
1,0
1,0
1,0
1,0
1,0
1,0
1,0
1,0
1,0
1,0
0,329.8596042198129
0,7.608334951080035
