state,recovery_time
1,0
1,0
0,13.818437643742518
1,0
1,0
1,0
1,0
1,0
1,0
1,0
1,0
1,0
1,0
0,6.723148118169877
1,0
1,0
1,0
1,0
1,0
1,0
0,224.19614979702703
0,1222.9605493917738
1,0
1,0
1,0
1,0
1,0
1,0
1,0
1,0
1,0
1,0
1,0
1,0
1,0
1,0
1,0
1,0
0,0.9291562536099641
1,0
1,0
1,0
1,0
1,0
1,0
0,13.222509070658212
1,0
1,0
1,0
1,0
1,0
1,0
1,0
1,0
1,0
1,0
0,28.789357736721257
1,0
1,0
1,0
1,0
1,0
0,200.47279283584967
1,0
0,6.348498374348561
1,0
0,130.4468666720151
1,0
1,0
1,0
1,0
1,0
0,83.50710229219494
0,15.510357346952912
1,0
1,0
1,0
1,0
0,133.08579127171492
0,129.3193112683962
1,0
1,0
1,0
1,0
1,0
0,54.061802286337965
0,134.34276982093914
0,18.780581580673203
1,0
1,0
0,0.8957499880955153
1,0
1,0
0,33.21998940008035
1,0
1,0
