state,recovery_time
1,0
0,4.702675296739502
1,0
1,0
1,0
1,0
1,0
1,0
1,0
0,109.36654235959612
1,0
1,0
1,0
1,0
0,1473.3750945804431
1,0
1,0
1,0
1,0
1,0
1,0
1,0
1,0
1,0
1,0
1,0
1,0
1,0
1,0
1,0
1,0
1,0
1,0
1,0
1,0
0,13.717410110755806
1,0
1,0
0,3.3352232604884913
1,0
1,0
0,66.5903814353563
1,0
1,0
1,0
1,0
0,543.3903574240665
1,0
1,0
1,0
1,0
1,0
1,0
1,0
1,0
0,0.0969715112440438
1,0
1,0
1,0
1,0
1,0
1,0
1,0
1,0
1,0
0,11.137627666938767
1,0
1,0
1,0
0,641.7605561124188
1,0
1,0
1,0
1,0
1,0
1,0
1,0
1,0
1,0
1,0
0,8397.37215861129
1,0
1,0
1,0
0,134.32913909499746
1,0
1,0
1,0
1,0
1,0
1,0
1,0
1,0
1,0
1,0
1,0
