state,recovery_time
1,0
1,0
1,0
1,0
1,0
0,736.0286287842766
1,0
1,0
1,0
1,0
1,0
1,0
1,0
1,0
0,32.00970430981478
0,10.767916706521847
1,0
1,0
1,0
1,0
1,0
1,0
1,0
1,0
1,0
0,62.18600694049735
1,0
0,13.389739565408455
0,247.94437192551183
0,2.3150665752313904
1,0
1,0
1,0
1,0
1,0
1,0
1,0
1,0
1,0
1,0
1,0
1,0
1,0
1,0
1,0
0,15.544366954755409
1,0
1,0
1,0
1,0
1,0
1,0
1,0
1,0
1,0
1,0
1,0
1,0
1,0
1,0
1,0
1,0
1,0
1,0
1,0
1,0
1,0
1,0
1,0
1,0
1,0
0,2.919418962855372
1,0
1,0
1,0
1,0
1,0
1,0
1,0
1,0
1,0
1,0
1,0
1,0
1,0
1,0
0,0.453968751632781
1,0
1,0
0,89.72957579467312
1,0
1,0
1,0
0,0.48709837225346897
1,0
1,0
