state,recovery_time
0,2712.8867071127147
1,0
1,0
1,0
0,158.32732861952707
0,276.8840496084586
0,38.41403385910466
1,0
1,0
1,0
1,0
1,0
1,0
1,0
1,0
1,0
1,0
1,0
1,0
1,0
1,0
0,112.87531663180084
0,0.879533605556372
1,0
1,0
1,0
1,0
1,0
1,0
1,0
1,0
1,0
1,0
1,0
1,0
1,0
1,0
1,0
1,0
1,0
1,0
1,0
1,0
0,2.2242314919851096
1,0
1,0
1,0
1,0
1,0
1,0
1,0
1,0
1,0
1,0
1,0
1,0
1,0
0,74.19074747149263
1,0
1,0
1,0
1,0
1,0
1,0
1,0
1,0
1,0
1,0
1,0
1,0
1,0
1,0
1,0
1,0
0,98.065165682555
1,0
1,0
1,0
1,0
1,0
1,0
1,0
1,0
1,0
0,209.54879339493797
0,3.93230311375667
1,0
1,0
1,0
1,0
1,0
1,0
1,0
1,0
0,1066.5393359673035
1,0
