state,recovery_time
1,0
1,0
1,0
1,0
0,7.994450333360676
1,0
1,0
0,3.3414889530678247
1,0
0,31.600831172496463
