state,recovery_time
1,0
1,0
0,89.42783802875009
0,336.6650403825618
1,0
0,39.60915972928078
1,0
1,0
1,0
1,0
