state,recovery_time
1,0
1,0
0,12.769475670235222
1,0
1,0
0,11.296671814898717
1,0
0,31.433378753047368
1,0
1,0
