state,recovery_time
0,1.4663334448590915
1,0
1,0
1,0
1,0
1,0
0,17.489403466702186
0,22.7620947929001
1,0
1,0
1,0
0,37.155251605091735
1,0
1,0
1,0
1,0
1,0
1,0
1,0
0,0.804484940052433
1,0
1,0
1,0
1,0
1,0
1,0
1,0
1,0
1,0
1,0
0,2112.229722633107
1,0
1,0
1,0
1,0
1,0
1,0
1,0
1,0
0,298.9670296316333
1,0
1,0
1,0
1,0
1,0
0,25.05702000650999
1,0
1,0
1,0
1,0
1,0
1,0
1,0
1,0
1,0
