state,recovery_time
1,0
0,0.25133132044800466
1,0
1,0
1,0
1,0
0,9842.141181093906
0,7.433214582069474
1,0
1,0
0,132.49778159133092
1,0
1,0
1,0
1,0
1,0
0,13.3655327826791
1,0
1,0
1,0
1,0
0,14.530389141556453
1,0
1,0
0,1.2295559217744498
1,0
1,0
1,0
1,0
1,0
1,0
1,0
1,0
1,0
1,0
1,0
1,0
1,0
1,0
1,0
1,0
1,0
1,0
1,0
1,0
1,0
0,5446.300226258171
1,0
0,0.8153252249665784
1,0
0,57.92224671829173
1,0
1,0
0,13.98027931222316
1,0
1,0
0,33.68190191798962
1,0
0,0.2756000032532203
1,0
1,0
1,0
0,11.134765800708559
1,0
1,0
1,0
1,0
1,0
1,0
0,0.18972291975629546
1,0
0,1617.6901440340941
1,0
1,0
1,0
1,0
0,2065.606349382035
0,38.658583154502104
1,0
1,0
1,0
1,0
1,0
0,52.64224743193438
1,0
1,0
1,0
1,0
1,0
1,0
1,0
1,0
1,0
0,13.780445306249609
1,0
1,0
