state,recovery_time
0,28.68552770756024
1,0
1,0
1,0
1,0
1,0
1,0
0,53.319663967188696
1,0
1,0
1,0
1,0
1,0
1,0
1,0
1,0
1,0
1,0
1,0
1,0
0,297.53736606350657
1,0
1,0
1,0
1,0
1,0
1,0
1,0
1,0
1,0
0,22.12794241443739
1,0
1,0
1,0
1,0
1,0
1,0
1,0
1,0
1,0
1,0
1,0
1,0
1,0
1,0
1,0
1,0
1,0
1,0
1,0
1,0
1,0
1,0
1,0
1,0
1,0
1,0
1,0
1,0
0,31.224252397708828
1,0
1,0
1,0
1,0
1,0
1,0
1,0
1,0
1,0
1,0
1,0
1,0
1,0
1,0
1,0
1,0
0,428.53385369324934
1,0
1,0
1,0
1,0
1,0
1,0
1,0
1,0
1,0
1,0
0,128.9200318554797
1,0
1,0
1,0
1,0
1,0
1,0
1,0
1,0
