state,recovery_time
0,8.601984743509377
0,8.075863109543176
1,0
1,0
1,0
1,0
0,12.207684388475547
0,23.90943461250819
1,0
1,0
