state,recovery_time
0,22.034905476373694
1,0
1,0
1,0
1,0
0,100.18180869861887
1,0
0,3.3251443985127564
1,0
0,12.596158373767464
