state,recovery_time
0,122.76537829353197
1,0
0,3613.102402592953
1,0
1,0
1,0
1,0
0,1485.3176182570164
1,0
1,0
1,0
1,0
0,10.388772236543556
1,0
1,0
1,0
0,391.16160199407926
1,0
1,0
1,0
1,0
1,0
1,0
1,0
1,0
1,0
1,0
1,0
1,0
1,0
1,0
1,0
1,0
1,0
1,0
1,0
1,0
1,0
1,0
1,0
1,0
1,0
0,940.507638959367
1,0
1,0
1,0
1,0
1,0
1,0
1,0
1,0
1,0
1,0
0,1.5508517101657813
1,0
