state,recovery_time
0,6.52398841121587
1,0
1,0
0,19.44305759532257
1,0
0,73.97483741288873
1,0
1,0
1,0
0,257818.44143783543
