state,recovery_time
1,0
1,0
1,0
0,19.489667453447822
1,0
0,151.2708647687138
1,0
0,13.960423617140304
1,0
0,62.83878695477078
