state,recovery_time
1,0
1,0
1,0
1,0
1,0
1,0
1,0
1,0
1,0
1,0
1,0
1,0
1,0
1,0
1,0
0,1.2676873081697686
1,0
1,0
1,0
1,0
1,0
1,0
1,0
1,0
1,0
1,0
0,31.170762621904306
1,0
1,0
1,0
1,0
1,0
0,0.15470042330007458
0,93.20586683051899
1,0
1,0
1,0
1,0
1,0
1,0
1,0
1,0
1,0
1,0
1,0
1,0
1,0
1,0
1,0
1,0
0,58.120805980427
1,0
1,0
1,0
1,0
1,0
1,0
1,0
1,0
1,0
1,0
1,0
1,0
1,0
1,0
1,0
1,0
1,0
1,0
1,0
1,0
1,0
1,0
1,0
1,0
0,21.65548082284509
1,0
1,0
1,0
0,63.57056669013781
1,0
1,0
0,112.79524145574524
1,0
1,0
1,0
1,0
1,0
1,0
1,0
1,0
1,0
1,0
1,0
1,0
1,0
