state,recovery_time
1,0
0,2.8311431085905685
1,0
1,0
0,0.9645994945707674
0,238.02280001010544
0,250.70324131773862
1,0
0,6.123012550005486
1,0
