state,recovery_time
1,0
0,386.7487322121487
0,240.01334604131597
0,6.185822467091843
1,0
1,0
0,45.06905819592704
0,4.47120453283935
1,0
1,0
