state,recovery_time
0,177.1371764656501
1,0
0,5042.240582171331
0,3.124568112899111
0,0.10694035234804856
1,0
1,0
1,0
0,527.0475229936621
1,0
