state,recovery_time
0,53.53964319735407
1,0
0,123.07091001877399
0,29.288223772052035
0,33.71180857513533
0,14.035601518556438
1,0
1,0
1,0
1,0
