state,recovery_time
1,0
1,0
1,0
1,0
0,70.58908408591736
1,0
1,0
1,0
1,0
1,0
0,3.3632104213924596
1,0
1,0
1,0
1,0
1,0
0,50.492308873239615
1,0
1,0
1,0
1,0
1,0
1,0
0,133.84748984840544
1,0
1,0
1,0
1,0
1,0
1,0
1,0
1,0
1,0
1,0
1,0
1,0
1,0
1,0
1,0
0,8.256105329109584
1,0
1,0
1,0
1,0
1,0
1,0
1,0
1,0
0,0.43485241429434507
1,0
1,0
0,1.2845912197148563
1,0
1,0
1,0
