state,recovery_time
0,149.92183594909602
0,15.733694667045672
0,40.27475782090329
1,0
1,0
0,87.75683674057048
1,0
1,0
1,0
0,14.845408702386921
