state,recovery_time
1,0
0,307.22511810431183
1,0
1,0
1,0
0,51.09914661130732
0,1.2255969716618962
0,0.5955928831470699
0,161.4278589417948
1,0
