state,recovery_time
0,56.07821512543258
0,5.5090378956632655
1,0
0,8885.426741174912
1,0
1,0
0,4.105252075343811
1,0
1,0
0,130.33832611438282
