state,recovery_time
1,0
0,5.547076279982161
0,306.67945114861794
0,0.5756828734411669
0,23.16676055077648
1,0
0,362.838142055684
0,4.6283430355370925
0,17.204363620959338
1,0
1,0
1,0
0,84.19955354641463
1,0
1,0
1,0
0,33.813658782969476
1,0
0,17.22613365454651
0,1.8563991209123396
1,0
0,15.193423455857566
0,182.19380109399074
1,0
0,0.4657211945617555
0,47.791933929774984
1,0
0,57.98037548318517
0,13.882094051198946
0,126.9697513194177
1,0
0,40.90814960604248
1,0
1,0
1,0
1,0
1,0
0,0.701122178275364
0,1.5551006673766818
0,11.537893163867738
1,0
0,20.924406739639444
1,0
1,0
0,83.29969074613598
0,1.9976150840556217
1,0
1,0
1,0
0,39.10172861067078
1,0
1,0
1,0
0,24.273094783581783
0,1566.3446098882373
0,14.143041209166899
0,24.458797768540485
0,2.9065006559459867
0,5.144895389055697
0,25.112595579427502
0,251.59071750027533
1,0
0,179.91063991835992
0,9.526429751367314
0,75.78872124198102
1,0
1,0
0,7.078552425278214
0,10.850080805686533
1,0
1,0
0,319.0920360122207
0,3.064326626221867
0,2.2311051133873385
0,35.002198760063415
1,0
0,218.66882288500537
0,475.8212748483597
1,0
0,1526.0607670174077
0,751.6884498025235
0,62.93611986865815
0,18.423820366443923
0,12.023046992594393
0,4.0661498820704995
0,655.3716658702973
0,1.1476489701777393
0,23.631246832851136
0,3.7679323731885073
0,42.02904140944488
1,0
0,3.5741307171153016
0,622.8806659486193
0,71.95232917149362
0,81.39208130615249
1,0
