state,recovery_time
0,5.067298425270599
1,0
1,0
0,99.3987156621549
1,0
1,0
0,2.1453731959589963
1,0
0,10.254687418092358
0,11.878382505192535
0,43.17038590418406
1,0
1,0
1,0
0,48.007380641689956
0,8.163959877517438
0,18.734691209010137
1,0
1,0
0,8.178614645455916
0,1091.4027372391035
0,10.52997525069497
0,182.21573310180648
1,0
0,177.36257914916055
0,4199.586654567889
0,398.82974651871825
1,0
0,17.183171370207592
1,0
1,0
0,1808.30729284362
1,0
0,10.112011387108993
0,173.34607002761027
0,5.390554141238681
0,0.2149989984079933
0,45.481249608262736
0,4.157116123319277
0,1.0652371286790305
0,24.966648271817505
1,0
1,0
1,0
1,0
0,590.9835891680495
0,94.08858533749941
0,48.438787033302155
0,2.8591723469898365
0,4156.589649333256
0,57.012853687744766
0,1.1272504473354332
1,0
0,738.8455941246456
1,0
0,11.142334321041577
0,367.0858367498472
0,562.5482359348495
0,1377.8278779571824
1,0
0,4.4536778519272
1,0
0,50.4035239277601
0,6.264433041774101
1,0
1,0
1,0
1,0
0,2612.574624782697
0,9.58472990511144
1,0
1,0
0,0.6853863936731655
0,6.5267475232414816
0,688.4514099228429
0,1277.241153201284
1,0
0,9.367951054624893
0,36.68457302697517
0,10.242076305877243
0,6.951797251439159
0,269.2631181909216
1,0
0,0.15352896211343223
0,6.3505051089196005
0,239.0686026710161
0,24.504560063474745
1,0
1,0
0,46.28358188029853
1,0
0,45.37592041339172
0,106.04163457218579
0,2.6632736412301865
0,23.31885463033195
0,85.61683627570449
