state,recovery_time
1,0
0,79.45606727012122
0,344.15985598608063
1,0
0,45.59278576456479
0,1961.1361006855468
0,562.0272926225413
0,203.42646484168128
0,277.9003533426522
0,9.092230544522959
0,48.97129834034333
0,5.715280473831774
0,19.97455580845111
1,0
0,0.06225583846262508
0,48.640806035944884
1,0
0,1.6992810655850397
1,0
0,5.019837651010999
0,246.72460592527923
1,0
0,14.694346980731444
0,1.2207176142441056
1,0
0,3.4003059808756015
1,0
0,417.38372229286654
1,0
1,0
1,0
0,21.42121158284712
0,4.140240866948025
0,182.73597236296604
0,298.3609991954241
0,7.250169013489303
0,197.27259398629175
0,47.376375577117656
1,0
0,609.5684261045437
0,312.18197501038236
0,389.39159798814757
0,7461.944657221476
0,6.401220062454604
1,0
0,1.2921941606136504
0,1.634414640389158
0,28.139050513165667
1,0
1,0
0,4.204858085042239
1,0
1,0
0,207.46465869909028
0,772.6217132735416
0,214.17123982951549
1,0
0,0.9391909408136933
0,3924.9394473249795
0,37.521428035750574
0,3.351498408957068
0,1.85145569819338
1,0
0,40.60100531948454
0,30.890238705063695
0,16.328818624480398
1,0
0,12407.23178713023
0,4.599115346829156
1,0
1,0
0,3001.1930044735636
0,1.8265652517971678
1,0
0,17.882098427545106
0,31.201162023561675
0,0.6198485020010733
1,0
0,57.073976155476664
0,963.8043059518494
0,0.4953721800042001
0,58.71815638659975
0,20.96141285337574
0,3428.6827328655804
0,1.3818732269995373
0,208.89980599056253
0,1.7769017914347296
0,188.0728411404118
1,0
1,0
0,215.69654933753802
0,0.769349817881976
0,416.98577219807106
0,9.5592813599272
1,0
1,0
