state,recovery_time
1,0
1,0
1,0
1,0
0,23594.59967294002
1,0
1,0
1,0
1,0
1,0
1,0
0,2217.18991598903
1,0
1,0
1,0
1,0
1,0
1,0
0,3.493909832329228
1,0
1,0
1,0
1,0
1,0
1,0
1,0
1,0
0,76.42187956717122
1,0
1,0
1,0
1,0
0,48.9914323285977
1,0
1,0
0,88.57236234846931
1,0
1,0
1,0
1,0
1,0
1,0
1,0
1,0
1,0
1,0
1,0
1,0
1,0
1,0
1,0
1,0
1,0
1,0
1,0
1,0
1,0
1,0
1,0
1,0
1,0
1,0
1,0
1,0
1,0
1,0
1,0
1,0
1,0
1,0
1,0
1,0
1,0
0,81.53370979220632
0,0.48267255703450773
1,0
1,0
1,0
1,0
1,0
1,0
0,46.98460250798049
1,0
1,0
1,0
1,0
0,19.92298792822299
1,0
1,0
1,0
0,1.6397985052123996
0,699.134846950824
1,0
1,0
1,0
1,0
