state,recovery_time
0,2017.0394971226206
1,0
1,0
1,0
1,0
0,425.15237679948603
1,0
1,0
0,96.12107019196887
0,805.2370698707726
