state,recovery_time
1,0
1,0
1,0
0,13706.574341396275
0,184.04910977104305
1,0
1,0
0,26.35118302847002
1,0
0,112.71345211545962
