state,recovery_time
0,0.7242487138627348
0,90.01578657887512
0,8.421064787888069
1,0
0,72.42947244495637
1,0
1,0
1,0
1,0
1,0
