state,recovery_time
0,4.5563402874729855
1,0
0,28.412577128254693
1,0
1,0
1,0
1,0
0,5.444370984680565
1,0
0,29.968684943479868
