state,recovery_time
1,0
1,0
1,0
0,0.15818702138840404
1,0
1,0
1,0
1,0
1,0
1,0
1,0
1,0
1,0
1,0
1,0
1,0
1,0
1,0
1,0
1,0
1,0
1,0
0,0.2138417370199614
1,0
1,0
1,0
0,54.63838974344967
1,0
1,0
1,0
1,0
1,0
1,0
1,0
1,0
1,0
1,0
0,2825.434379311079
1,0
1,0
1,0
1,0
1,0
1,0
0,13.319425346785806
1,0
1,0
1,0
1,0
1,0
1,0
1,0
1,0
1,0
1,0
1,0
1,0
1,0
1,0
0,0.5844324592526698
1,0
1,0
0,35.14733751536237
1,0
1,0
1,0
0,64.76164662850552
1,0
1,0
0,3.933665238265858
1,0
1,0
0,7.031200295279156
1,0
1,0
0,41.78128749330865
1,0
1,0
1,0
1,0
1,0
1,0
1,0
1,0
1,0
1,0
1,0
1,0
1,0
1,0
1,0
1,0
1,0
0,1.0803039135549999
1,0
1,0
