state,recovery_time
1,0
1,0
0,653.7578057274044
1,0
1,0
1,0
1,0
1,0
1,0
1,0
1,0
1,0
1,0
1,0
1,0
1,0
1,0
1,0
0,4710.377511235788
1,0
1,0
1,0
1,0
1,0
1,0
1,0
1,0
1,0
1,0
1,0
0,5.257568238135748
1,0
1,0
1,0
1,0
0,5.80576865160039
0,46.723223903093334
1,0
0,37.453769280421184
1,0
1,0
0,119.58201506233975
1,0
0,10.076006467225573
1,0
1,0
1,0
1,0
1,0
1,0
1,0
1,0
1,0
1,0
1,0
1,0
1,0
1,0
1,0
1,0
1,0
0,0.8222023259038221
1,0
1,0
1,0
1,0
1,0
1,0
1,0
1,0
1,0
1,0
1,0
1,0
1,0
1,0
1,0
1,0
1,0
1,0
1,0
1,0
1,0
1,0
1,0
1,0
0,5.532340854617256
1,0
1,0
1,0
1,0
1,0
0,277.6017579056205
1,0
1,0
1,0
