state,recovery_time
1,0
1,0
0,120.42255395586015
0,7.271789423177229
1,0
0,70.87549930558383
1,0
0,369.06058934805696
1,0
1,0
