state,recovery_time
0,20871.971698897
0,51.48668283478168
0,6.409596143539959
1,0
1,0
1,0
1,0
1,0
0,17.96272638145115
1,0
