state,recovery_time
1,0
0,82.49864938218481
0,18.840503172390996
1,0
1,0
1,0
1,0
0,17.474361362309285
0,35.385076952254515
1,0
