state,recovery_time
0,260.01588699279006
1,0
1,0
0,13.021678200182574
1,0
1,0
1,0
0,85.12096456176506
1,0
0,1.2433856431004593
