state,recovery_time
0,2507.3498989641507
1,0
1,0
0,32.213291727601906
1,0
1,0
1,0
1,0
0,9.897416113801064
0,6.586057483256242
