state,recovery_time
1,0
0,1859.9624060354115
0,114.85489546912018
1,0
1,0
1,0
1,0
1,0
1,0
1,0
