state,recovery_time
1,0
1,0
1,0
1,0
1,0
1,0
1,0
0,72.71759948532274
0,49.066675238962134
1,0
