state,recovery_time
1,0
1,0
1,0
1,0
1,0
1,0
1,0
0,11.292873402319861
1,0
1,0
0,1.5470215087261519
1,0
1,0
1,0
1,0
1,0
1,0
1,0
0,36.767746236523564
1,0
1,0
1,0
1,0
1,0
1,0
1,0
1,0
1,0
1,0
1,0
1,0
1,0
1,0
1,0
1,0
1,0
1,0
1,0
1,0
1,0
1,0
0,161.79528717753746
1,0
1,0
1,0
1,0
1,0
1,0
1,0
1,0
1,0
1,0
1,0
1,0
1,0
1,0
1,0
1,0
1,0
1,0
1,0
1,0
1,0
1,0
1,0
1,0
1,0
1,0
1,0
1,0
1,0
1,0
1,0
1,0
1,0
1,0
1,0
1,0
1,0
1,0
1,0
1,0
0,35.551015926038225
1,0
0,301.114981252435
1,0
1,0
1,0
1,0
1,0
1,0
1,0
1,0
1,0
1,0
1,0
