state,recovery_time
1,0
1,0
1,0
1,0
1,0
0,95.18907365455101
1,0
1,0
1,0
1,0
1,0
1,0
1,0
1,0
1,0
1,0
1,0
1,0
1,0
1,0
1,0
1,0
1,0
1,0
1,0
1,0
1,0
1,0
1,0
1,0
1,0
1,0
1,0
1,0
1,0
1,0
1,0
1,0
1,0
1,0
1,0
1,0
1,0
1,0
1,0
1,0
1,0
1,0
1,0
1,0
1,0
1,0
0,27.77848013433423
1,0
1,0
1,0
1,0
1,0
1,0
1,0
1,0
1,0
1,0
1,0
1,0
0,179.85074472726987
1,0
1,0
1,0
1,0
0,24.98307267192826
1,0
1,0
0,121.31121009450615
1,0
1,0
1,0
1,0
1,0
1,0
1,0
1,0
0,60.75525708053416
1,0
1,0
1,0
1,0
1,0
1,0
1,0
1,0
1,0
1,0
1,0
1,0
1,0
