state,recovery_time
1,0
1,0
1,0
1,0
0,79.39482407493257
1,0
0,68.22102496687806
1,0
1,0
1,0
1,0
1,0
1,0
1,0
1,0
1,0
1,0
1,0
1,0
1,0
1,0
1,0
1,0
1,0
1,0
1,0
1,0
1,0
1,0
1,0
1,0
1,0
1,0
1,0
1,0
1,0
1,0
1,0
1,0
1,0
1,0
1,0
1,0
1,0
1,0
1,0
1,0
1,0
1,0
1,0
1,0
1,0
1,0
0,15.447279069864956
1,0
0,618.1064837198526
1,0
0,99.54860925757441
1,0
1,0
1,0
1,0
1,0
1,0
1,0
1,0
1,0
0,5.308791025755505
0,12.374338204915036
1,0
1,0
1,0
1,0
1,0
0,143.92619121909377
1,0
1,0
1,0
1,0
0,15.296528177832503
1,0
0,7.929221842038327
1,0
1,0
1,0
1,0
1,0
1,0
1,0
1,0
1,0
1,0
1,0
1,0
1,0
1,0
