state,recovery_time
1,0
1,0
1,0
0,48.68268287694708
1,0
1,0
1,0
0,46.17340006686212
1,0
1,0
