state,recovery_time
0,9.910464239051112
0,10.865942192142787
1,0
1,0
1,0
1,0
1,0
1,0
1,0
1,0
