state,recovery_time
1,0
1,0
0,2.556659448153045
1,0
0,111.19986274352931
1,0
1,0
0,12.865824673454517
1,0
1,0
1,0
1,0
1,0
1,0
1,0
1,0
1,0
1,0
1,0
1,0
1,0
1,0
1,0
1,0
1,0
1,0
1,0
1,0
1,0
1,0
1,0
1,0
1,0
1,0
1,0
1,0
1,0
0,609.0518979458167
1,0
0,135.6124191901202
0,8492.792819898797
1,0
1,0
0,488.81989730082415
1,0
1,0
0,180.8852199996787
1,0
1,0
0,7.331386134427765
1,0
1,0
1,0
0,164.86804957198234
1,0
