state,recovery_time
1,0
0,0.5165903760750189
1,0
0,27.914161858037904
1,0
1,0
0,1.533569449078481
1,0
0,234.46398412632055
0,6.100085262105649
