state,recovery_time
1,0
1,0
0,14.335270614616208
1,0
1,0
0,378.53322251980325
0,313.0824715461471
0,2.4079562448179006
1,0
0,7.382122826381756
