state,recovery_time
1,0
0,2.5196247593538477
1,0
1,0
1,0
1,0
0,0.7305519495251768
1,0
1,0
1,0
1,0
1,0
0,92.6317884981983
1,0
0,11.777051311647602
1,0
1,0
0,31.50152122705502
1,0
1,0
1,0
0,596.7866551361594
1,0
1,0
1,0
1,0
0,26.50866784157744
1,0
1,0
1,0
1,0
1,0
1,0
1,0
1,0
1,0
1,0
1,0
1,0
1,0
1,0
1,0
1,0
1,0
1,0
1,0
1,0
1,0
1,0
1,0
1,0
0,19.47238733209736
1,0
0,213.57776610698957
1,0
1,0
1,0
1,0
1,0
1,0
1,0
1,0
0,0.06798259195152241
0,19.754171573211124
1,0
1,0
1,0
1,0
1,0
1,0
1,0
1,0
1,0
1,0
1,0
0,47.02734196801789
1,0
1,0
0,0.18432844207197785
1,0
1,0
0,26.092597531657145
1,0
1,0
1,0
1,0
1,0
1,0
1,0
1,0
1,0
1,0
0,51.492947411569936
1,0
1,0
0,17.826431200247026
