state,recovery_time
1,0
1,0
1,0
1,0
1,0
1,0
1,0
1,0
0,6.090746432423781
1,0
1,0
0,6160.811679062305
1,0
0,186.9073508465895
0,0.054335949113296964
1,0
1,0
1,0
1,0
1,0
0,150.84891265158421
1,0
1,0
0,20.1599739729689
1,0
1,0
1,0
1,0
1,0
1,0
1,0
1,0
1,0
1,0
0,51.83499824764321
0,0.2062811621327505
1,0
1,0
1,0
1,0
1,0
1,0
1,0
1,0
1,0
1,0
1,0
1,0
1,0
0,29.541707759218433
1,0
0,551.5174665481096
1,0
1,0
1,0
1,0
0,23.536496935634638
0,7.392347016931779
1,0
1,0
1,0
1,0
1,0
0,0.025732638821356128
1,0
1,0
1,0
1,0
1,0
1,0
1,0
1,0
1,0
1,0
1,0
1,0
1,0
1,0
1,0
1,0
1,0
1,0
1,0
1,0
1,0
1,0
1,0
1,0
1,0
1,0
1,0
1,0
1,0
1,0
1,0
1,0
