state,recovery_time
1,0
1,0
1,0
1,0
1,0
1,0
1,0
1,0
1,0
1,0
1,0
1,0
1,0
1,0
1,0
1,0
1,0
1,0
0,20.371488734379877
1,0
1,0
0,2224.7758350891404
1,0
1,0
1,0
1,0
1,0
1,0
1,0
1,0
1,0
1,0
1,0
1,0
1,0
1,0
1,0
1,0
1,0
1,0
1,0
1,0
1,0
1,0
1,0
1,0
1,0
1,0
1,0
1,0
1,0
1,0
1,0
1,0
1,0
1,0
1,0
1,0
1,0
1,0
1,0
1,0
1,0
1,0
1,0
1,0
1,0
1,0
1,0
1,0
0,706.3354854883052
1,0
1,0
1,0
1,0
1,0
1,0
1,0
1,0
1,0
0,1.495021439695199
1,0
1,0
1,0
1,0
1,0
1,0
0,22.591471420357028
1,0
1,0
1,0
1,0
1,0
1,0
1,0
1,0
