state,recovery_time
1,0
0,589.3075040071444
1,0
0,262.12880943651726
1,0
0,303.18923938508016
1,0
0,296.4826308894677
1,0
0,1760.6848268398276
