state,recovery_time
1,0
1,0
1,0
1,0
1,0
1,0
1,0
0,1.1189504001220647
0,69.33215809063147
0,15.298123621130841
1,0
0,10.863873204868034
1,0
1,0
1,0
0,140.11934459870204
1,0
1,0
0,12.453028175520966
1,0
1,0
0,233.55652570764056
0,5.37743580558747
0,118.4116664427879
0,254.49657378391228
1,0
1,0
1,0
1,0
1,0
0,46.95846361424413
1,0
1,0
1,0
0,58.45807059366168
1,0
1,0
1,0
0,261.5585776235306
1,0
1,0
1,0
1,0
0,892.1935120021685
1,0
1,0
1,0
1,0
1,0
1,0
1,0
1,0
1,0
1,0
1,0
