state,recovery_time
1,0
1,0
1,0
1,0
1,0
1,0
1,0
1,0
1,0
1,0
1,0
1,0
1,0
1,0
0,8.708221007938356
1,0
1,0
1,0
1,0
1,0
1,0
1,0
1,0
1,0
1,0
1,0
1,0
1,0
1,0
1,0
1,0
1,0
1,0
0,1589.635751786233
1,0
1,0
1,0
1,0
1,0
1,0
1,0
1,0
1,0
1,0
1,0
0,34.874334770531824
1,0
1,0
1,0
1,0
0,44.87470920924256
1,0
0,0.5663655256964484
1,0
1,0
0,3.7255877071171724
1,0
1,0
0,719.826152203469
1,0
1,0
1,0
1,0
1,0
1,0
1,0
1,0
0,36.61179407850575
1,0
1,0
1,0
1,0
0,4.211833245117426
1,0
1,0
1,0
1,0
1,0
1,0
1,0
0,4093.584249245945
1,0
1,0
1,0
1,0
1,0
1,0
1,0
1,0
1,0
1,0
0,38.85656330225388
1,0
1,0
1,0
1,0
