state,recovery_time
1,0
0,154.04971394173472
1,0
0,1.4162516926359459
1,0
1,0
1,0
1,0
1,0
1,0
