state,recovery_time
0,246.47955977717402
1,0
1,0
1,0
0,104.97144227986468
1,0
1,0
1,0
1,0
1,0
