state,recovery_time
0,12.24562516008757
1,0
1,0
1,0
0,0.6631144246607037
1,0
0,330.3783761890013
1,0
1,0
1,0
