state,recovery_time
1,0
1,0
1,0
0,84.57733229633833
0,19.588881915071944
1,0
1,0
1,0
1,0
1,0
