state,recovery_time
1,0
1,0
1,0
1,0
1,0
1,0
0,94.41243882506149
1,0
1,0
1,0
1,0
1,0
1,0
1,0
1,0
1,0
1,0
1,0
1,0
1,0
1,0
1,0
1,0
1,0
1,0
1,0
1,0
1,0
1,0
1,0
1,0
1,0
1,0
1,0
1,0
1,0
1,0
1,0
1,0
1,0
1,0
1,0
1,0
1,0
1,0
0,2.673783573101376
1,0
1,0
1,0
1,0
1,0
1,0
1,0
0,263.24963575835335
1,0
