state,recovery_time
1,0
1,0
0,93.57929557609737
0,19.668752440138203
1,0
1,0
1,0
1,0
1,0
1,0
