state,recovery_time
1,0
1,0
0,9.972685861774023
1,0
1,0
1,0
1,0
1,0
0,0.7619210087319374
1,0
