state,recovery_time
1,0
1,0
1,0
0,4.394219588638485
1,0
1,0
1,0
1,0
1,0
0,0.2478294614200828
