state,recovery_time
1,0
1,0
1,0
1,0
1,0
1,0
1,0
1,0
0,184.53470998631295
0,844.9586681764557
