state,recovery_time
1,0
1,0
1,0
0,423.0949623113253
1,0
0,38.07489621823315
1,0
1,0
1,0
1,0
