state,recovery_time
1,0
1,0
1,0
0,453.6973042155285
1,0
1,0
1,0
0,7.4358375075098735
1,0
1,0
