state,recovery_time
1,0
0,0.6391903622466758
1,0
0,962.1146495788769
0,230.23436439450165
1,0
0,291.8843897840216
0,2.349690131267675
1,0
1,0
