state,recovery_time
0,4.364751400677784
1,0
1,0
1,0
0,65.34720970424563
0,98.95092330757608
0,2746.8104479155827
1,0
1,0
0,7.569913725858701
