state,recovery_time
1,0
1,0
1,0
1,0
1,0
0,5.399865665790611
0,1187.3604292863076
0,5777.723586914864
0,0.43174986715231556
0,69.72794034027498
