state,recovery_time
1,0
1,0
1,0
1,0
0,5.958361335030477
1,0
1,0
1,0
1,0
1,0
1,0
1,0
1,0
0,32.91516974292332
0,12.864548417970648
1,0
1,0
1,0
1,0
1,0
1,0
1,0
1,0
1,0
1,0
1,0
1,0
1,0
0,598.465555527285
1,0
1,0
1,0
1,0
0,18.969522694221688
1,0
1,0
1,0
1,0
1,0
1,0
1,0
1,0
1,0
1,0
1,0
1,0
1,0
0,5.484176149610982
1,0
1,0
1,0
1,0
1,0
1,0
1,0
1,0
0,399.9700707102344
1,0
0,2154.9175422993117
1,0
1,0
1,0
1,0
1,0
1,0
1,0
1,0
1,0
1,0
1,0
1,0
1,0
1,0
1,0
1,0
1,0
1,0
1,0
1,0
1,0
1,0
1,0
1,0
1,0
1,0
1,0
1,0
1,0
1,0
1,0
1,0
1,0
1,0
1,0
0,694.4137738610993
1,0
