state,recovery_time
1,0
1,0
1,0
1,0
1,0
1,0
1,0
1,0
1,0
1,0
1,0
1,0
1,0
1,0
1,0
1,0
1,0
1,0
1,0
1,0
1,0
1,0
1,0
1,0
1,0
0,50.26671073885077
1,0
1,0
1,0
1,0
1,0
1,0
1,0
1,0
1,0
1,0
1,0
1,0
1,0
1,0
1,0
1,0
1,0
1,0
1,0
1,0
1,0
1,0
1,0
1,0
1,0
0,36.76648974621678
1,0
1,0
1,0
1,0
1,0
0,23.336964675364204
1,0
1,0
1,0
0,22.862321179644407
1,0
1,0
1,0
1,0
1,0
0,23.74994331946313
1,0
1,0
1,0
1,0
0,36.33186930817617
1,0
1,0
0,10.097560063497987
1,0
1,0
1,0
1,0
1,0
1,0
1,0
1,0
1,0
1,0
1,0
1,0
1,0
1,0
1,0
1,0
1,0
1,0
1,0
1,0
