state,recovery_time
0,8.216460273546469
1,0
1,0
0,1.8696661445524445
0,0.7313625521869768
1,0
1,0
1,0
1,0
1,0
