state,recovery_time
0,9070.538426933344
1,0
1,0
1,0
1,0
1,0
0,10.635816143929965
1,0
1,0
0,14.026519076029025
