state,recovery_time
1,0
1,0
1,0
0,47.04119074097246
0,3.443386223820259
1,0
1,0
1,0
1,0
1,0
1,0
1,0
1,0
0,951.5894165930106
1,0
1,0
1,0
0,5.700127874018187
1,0
1,0
0,0.022056149617733924
0,260.97275203118835
1,0
1,0
0,0.3308513389457097
1,0
1,0
1,0
1,0
0,36.80345551346591
1,0
1,0
1,0
1,0
1,0
1,0
1,0
1,0
1,0
1,0
1,0
1,0
1,0
1,0
1,0
1,0
1,0
1,0
1,0
1,0
1,0
1,0
1,0
1,0
0,832.2229986103946
1,0
0,462.38885519334025
1,0
0,2.6508978655664266
1,0
1,0
1,0
1,0
1,0
1,0
1,0
1,0
1,0
1,0
1,0
1,0
1,0
1,0
1,0
1,0
1,0
1,0
1,0
1,0
0,223.50199797999323
1,0
1,0
1,0
1,0
1,0
1,0
1,0
0,79.05100682690885
1,0
1,0
1,0
1,0
0,87.12427048133976
1,0
1,0
0,38.93334875898777
