state,recovery_time
0,48.40428140657925
0,421.44696652679403
1,0
0,1.7473245091392624
1,0
1,0
0,914.3314680766392
1,0
0,94.0222834666324
1,0
