state,recovery_time
0,1.4340593009768703
0,2.319904670299727
1,0
1,0
0,69.38281830174526
0,62.33848244095503
1,0
1,0
0,11.685689852727865
1,0
