state,recovery_time
0,350.6043347268789
1,0
0,1.1179388672005
0,37.31433547299451
1,0
1,0
1,0
1,0
1,0
0,1316.0725348876078
