state,recovery_time
1,0
1,0
1,0
0,96.83766433032834
0,5.687494842040391
1,0
0,370.2933996237489
1,0
0,35.92038237429334
1,0
