state,recovery_time
1,0
0,171.6331336264548
1,0
1,0
0,85.20023378632457
0,37130.05361899939
1,0
1,0
0,2.2187592421187032
0,2640.6541105225697
