state,recovery_time
0,2.275493883655437
1,0
0,2598.6689276581064
0,35.13598264565514
1,0
0,251.169408780853
0,2.2468901770212035
1,0
1,0
1,0
