state,recovery_time
0,5.197494412578145
1,0
0,1.5986695262891142
1,0
1,0
1,0
0,12.941485465986926
0,596.3029429892333
1,0
0,398.9047174436601
