state,recovery_time
1,0
1,0
0,11.71442613493926
1,0
0,43.86281788519579
1,0
1,0
0,81.76816818680008
0,184.44294648146
0,0.8422297252541462
