state,recovery_time
1,0
0,34.54449057794368
1,0
0,0.03638490953233835
1,0
0,4.393031089205102
0,430.2306131685021
1,0
1,0
0,0.34262677848761347
