state,recovery_time
1,0
1,0
1,0
1,0
0,38.372160218502934
1,0
1,0
1,0
0,21.173621427880416
1,0
