state,recovery_time
1,0
1,0
1,0
1,0
0,2.611625721010003
1,0
1,0
1,0
1,0
0,7.266755826608772
