state,recovery_time
1,0
1,0
0,26.000343994912377
1,0
0,11.514775138028446
1,0
1,0
1,0
1,0
1,0
