state,recovery_time
1,0
1,0
0,338.20428251249746
1,0
1,0
1,0
0,1085.5391098873356
1,0
1,0
1,0
