state,recovery_time
0,28.00291488797249
1,0
0,16.95342842316355
1,0
1,0
1,0
1,0
1,0
1,0
1,0
