state,recovery_time
1,0
1,0
1,0
1,0
1,0
1,0
0,217.9578874439433
1,0
1,0
0,47.938124041877956
