state,recovery_time
1,0
1,0
0,23.255560637717068
1,0
1,0
0,41.77483499882768
1,0
1,0
1,0
0,644.413906243313
