state,recovery_time
1,0
1,0
1,0
1,0
0,141.83968863925037
1,0
0,129.7793107493538
0,77.17754461735885
1,0
1,0
