state,recovery_time
1,0
1,0
1,0
1,0
0,2.425686051018669
1,0
1,0
0,26.780947311880084
1,0
0,53.661721603832866
