state,recovery_time
1,0
1,0
1,0
1,0
0,33.79070568384225
1,0
1,0
1,0
1,0
0,148.27225918504286
