state,recovery_time
1,0
1,0
1,0
0,1738.2048010316669
1,0
1,0
0,16.851878299588805
1,0
1,0
1,0
