state,recovery_time
0,19.550940156290814
1,0
0,387.84135602136183
1,0
0,1.5614982503016517
1,0
1,0
1,0
1,0
1,0
