state,recovery_time
0,13.854974577376575
1,0
0,11.74938623768514
1,0
1,0
1,0
1,0
1,0
1,0
1,0
1,0
1,0
0,2.955614380428974
1,0
1,0
1,0
1,0
0,2.67577925813202
1,0
0,48.88154117400358
1,0
1,0
1,0
1,0
1,0
1,0
0,8.31720713236987
1,0
1,0
1,0
0,1.283580216566199
0,177.88514563119168
0,16.446751936073355
1,0
1,0
1,0
0,177.15642888182404
1,0
1,0
1,0
1,0
1,0
1,0
1,0
1,0
1,0
1,0
0,417.78884666921687
1,0
1,0
1,0
1,0
1,0
1,0
1,0
0,55.38170995887608
1,0
1,0
1,0
1,0
1,0
1,0
1,0
1,0
1,0
1,0
0,18.487169289928584
1,0
1,0
1,0
0,417.2430529651599
0,397.65130873497066
1,0
1,0
1,0
1,0
1,0
1,0
1,0
1,0
1,0
1,0
1,0
1,0
1,0
0,13.294064680377048
1,0
0,38.74310268636204
1,0
0,14.351352597062467
1,0
1,0
1,0
1,0
1,0
1,0
