state,recovery_time
1,0
1,0
1,0
1,0
1,0
1,0
0,39.31313910585342
1,0
0,258.70038041882066
0,8.573088775396888
0,674.1408088895977
1,0
1,0
1,0
1,0
1,0
1,0
1,0
1,0
1,0
1,0
0,106.66974619712087
0,141.37115139189203
1,0
1,0
1,0
1,0
1,0
0,132.847784663035
1,0
1,0
1,0
1,0
1,0
1,0
1,0
1,0
0,19.02111689553801
1,0
1,0
1,0
1,0
1,0
1,0
1,0
1,0
1,0
1,0
1,0
1,0
1,0
1,0
1,0
1,0
0,323.52227005571825
1,0
1,0
1,0
1,0
0,0.19699682448445532
1,0
1,0
1,0
1,0
1,0
1,0
1,0
1,0
1,0
1,0
1,0
1,0
1,0
1,0
1,0
1,0
1,0
1,0
1,0
1,0
1,0
1,0
0,8.526488073563
1,0
1,0
1,0
1,0
1,0
1,0
1,0
1,0
1,0
1,0
1,0
0,123.47063106485899
1,0
