state,recovery_time
1,0
0,11.471267054798856
0,114.62880947724781
1,0
1,0
1,0
1,0
1,0
0,189.05867003833484
1,0
1,0
1,0
1,0
0,3.495377272218562
1,0
1,0
1,0
1,0
1,0
1,0
1,0
1,0
1,0
1,0
1,0
1,0
0,122.55834752060092
1,0
1,0
0,11.749301447956167
1,0
1,0
1,0
0,0.47925213997056676
1,0
1,0
1,0
1,0
1,0
0,169.7377301007511
0,115.28250430794003
0,9.00994475646777
1,0
1,0
1,0
1,0
0,4.531143007940635
1,0
1,0
1,0
1,0
1,0
1,0
0,10657.396868204298
0,1167.981924814309
