state,recovery_time
0,0.7485837271775517
1,0
1,0
0,374.606579981893
0,81.49544968964976
1,0
1,0
0,284.5752892995556
1,0
1,0
