state,recovery_time
0,105.95736777934265
1,0
0,2.1258979222542127
1,0
0,23.2087912039936
1,0
1,0
1,0
1,0
0,20.677644522551486
