state,recovery_time
0,54.041589482852494
1,0
1,0
0,183.59024336296156
0,487.92331203340314
1,0
0,85.23096024395055
1,0
1,0
1,0
