state,recovery_time
1,0
1,0
1,0
1,0
1,0
0,439.34312542392854
1,0
1,0
1,0
1,0
1,0
1,0
1,0
1,0
1,0
1,0
1,0
1,0
1,0
1,0
1,0
0,2.1218937257702923
1,0
1,0
1,0
1,0
1,0
1,0
1,0
1,0
1,0
0,10.143342271255172
0,0.37689900081982913
1,0
1,0
1,0
1,0
1,0
0,452.21154799033206
1,0
1,0
1,0
1,0
1,0
0,67.04011356783553
1,0
1,0
1,0
1,0
1,0
1,0
1,0
1,0
1,0
1,0
1,0
1,0
0,766.0743966591785
1,0
1,0
1,0
1,0
0,14.859077864710645
1,0
1,0
1,0
1,0
1,0
1,0
1,0
1,0
1,0
1,0
1,0
1,0
1,0
1,0
1,0
1,0
1,0
1,0
1,0
1,0
1,0
1,0
1,0
1,0
1,0
1,0
1,0
1,0
1,0
1,0
1,0
1,0
1,0
