state,recovery_time
1,0
1,0
1,0
1,0
1,0
1,0
1,0
1,0
0,3.612264083763463
1,0
1,0
1,0
1,0
1,0
1,0
1,0
1,0
1,0
1,0
1,0
1,0
1,0
1,0
1,0
1,0
1,0
1,0
1,0
1,0
1,0
1,0
1,0
1,0
1,0
1,0
1,0
1,0
1,0
1,0
1,0
1,0
1,0
1,0
1,0
1,0
1,0
1,0
0,289.91250238854883
1,0
1,0
1,0
1,0
1,0
0,141.986074036128
1,0
1,0
1,0
1,0
1,0
1,0
1,0
1,0
1,0
1,0
1,0
1,0
1,0
1,0
1,0
0,203.82174665207364
1,0
1,0
1,0
1,0
1,0
0,4.700465352542349
1,0
1,0
1,0
1,0
1,0
1,0
1,0
1,0
1,0
1,0
1,0
1,0
1,0
1,0
1,0
1,0
1,0
0,242.61270112495743
1,0
1,0
