state,recovery_time
1,0
1,0
1,0
1,0
1,0
1,0
0,273.3237079078718
1,0
1,0
1,0
0,65.57630594124709
1,0
1,0
1,0
1,0
1,0
1,0
0,2324.0578164649974
1,0
1,0
1,0
0,72.90194006236123
1,0
1,0
1,0
1,0
1,0
1,0
1,0
1,0
1,0
1,0
1,0
1,0
1,0
1,0
1,0
1,0
0,104.7001570746898
1,0
1,0
1,0
1,0
1,0
1,0
1,0
1,0
1,0
1,0
1,0
1,0
1,0
1,0
1,0
1,0
1,0
1,0
1,0
1,0
1,0
1,0
1,0
1,0
1,0
1,0
1,0
1,0
1,0
1,0
1,0
1,0
1,0
1,0
1,0
1,0
1,0
1,0
1,0
1,0
1,0
1,0
1,0
1,0
1,0
0,290.1701337987949
1,0
1,0
1,0
1,0
1,0
1,0
1,0
1,0
1,0
1,0
1,0
