state,recovery_time
0,1138.2734077612308
1,0
1,0
1,0
1,0
1,0
1,0
1,0
0,856.474410980475
0,100.75935378935051
