state,recovery_time
0,9.447907943800237
1,0
0,27.57472669945639
1,0
1,0
1,0
1,0
1,0
0,2093.3452777654547
1,0
