state,recovery_time
1,0
1,0
1,0
0,34.71871681003092
0,155.16729205683262
1,0
1,0
1,0
1,0
0,24.421356951797538
