state,recovery_time
1,0
0,106.56086235669997
0,70.59748301558268
1,0
0,25.835308515570038
1,0
1,0
1,0
1,0
1,0
