state,recovery_time
1,0
1,0
0,170.3265261398346
0,5948.097602883275
0,46.781843636807125
0,123.1426402377574
1,0
1,0
1,0
0,13.528701992625676
