state,recovery_time
0,38.02487276238089
1,0
1,0
0,3181.8174523541556
0,0.46069133214837876
1,0
0,74.10925695604608
1,0
1,0
0,125.02601043565933
