state,recovery_time
1,0
0,10.63421664384612
0,359.8304935102635
0,9.466169479095626
1,0
0,35.757556932481535
0,11.761108661647457
1,0
1,0
1,0
