state,recovery_time
1,0
1,0
1,0
1,0
0,30.50056592789172
0,3.524256929617677
1,0
0,3.8620937175168404
0,146.15948582255143
0,988.2379542077979
