state,recovery_time
1,0
0,8.955255487075275
0,104.9686731023025
1,0
0,2.146402179293755
0,1681.991472787949
1,0
1,0
1,0
0,93.98440076868688
