state,recovery_time
1,0
0,123.44397753885862
0,40.28050805420916
0,135.68323521781153
0,242.98554334126317
1,0
1,0
0,8.984436172765074
1,0
1,0
