state,recovery_time
1,0
1,0
1,0
1,0
1,0
0,696.9326507404224
1,0
0,548.1352175592632
1,0
1,0
1,0
1,0
1,0
1,0
1,0
1,0
0,636.0764288615359
0,5.539293935139047
1,0
0,111.3434829278478
1,0
1,0
1,0
1,0
1,0
1,0
1,0
1,0
1,0
1,0
0,649.3239527859956
1,0
1,0
1,0
1,0
1,0
0,0.8274073892161024
1,0
1,0
1,0
1,0
1,0
1,0
1,0
1,0
1,0
1,0
1,0
1,0
1,0
0,0.5310553985279847
0,3.0004910971578287
0,3.032167493459778
1,0
1,0
1,0
1,0
1,0
1,0
1,0
0,668.501242408039
1,0
1,0
0,112.20248373006172
1,0
1,0
1,0
1,0
1,0
0,207.99784149460316
1,0
0,22.854469600186906
1,0
1,0
1,0
1,0
1,0
1,0
1,0
1,0
1,0
1,0
1,0
0,2.320834794038331
1,0
1,0
1,0
1,0
1,0
1,0
1,0
1,0
1,0
0,56.04334985283882
0,239.45612825435404
1,0
