state,recovery_time
0,16.84284075665511
1,0
1,0
1,0
0,14.111072509443291
1,0
1,0
0,57.65068069632472
0,1488.1907036504012
1,0
