state,recovery_time
1,0
1,0
1,0
0,1503.3364400158575
1,0
0,8.806031688219353
1,0
0,0.8255757328348498
1,0
1,0
1,0
1,0
1,0
1,0
1,0
1,0
1,0
1,0
1,0
1,0
1,0
1,0
1,0
1,0
1,0
0,420.19406038975393
1,0
1,0
1,0
1,0
1,0
0,72.04480532456087
1,0
1,0
0,22.764137412379597
1,0
1,0
1,0
1,0
1,0
0,293.6962054527286
0,25.944848641944038
1,0
1,0
1,0
0,39.24023386161681
1,0
1,0
1,0
1,0
1,0
1,0
1,0
1,0
1,0
1,0
1,0
1,0
1,0
1,0
1,0
1,0
1,0
1,0
1,0
1,0
1,0
1,0
0,9.068717391853315
1,0
0,0.474589501072852
1,0
1,0
1,0
1,0
0,0.7795792984831652
1,0
1,0
0,0.5239352263247985
1,0
1,0
0,1234.2077303254164
0,12.118584599392248
0,451.76543682476824
1,0
1,0
1,0
1,0
1,0
1,0
1,0
1,0
1,0
1,0
1,0
1,0
