state,recovery_time
0,19.112403434825783
1,0
0,14.691456145336147
1,0
1,0
1,0
1,0
1,0
1,0
1,0
