state,recovery_time
1,0
1,0
1,0
1,0
0,735.8098970206379
1,0
1,0
0,55.83815482764072
1,0
1,0
