state,recovery_time
1,0
1,0
1,0
0,1014.9036388233125
1,0
1,0
1,0
0,40.567467100517824
1,0
1,0
