state,recovery_time
1,0
1,0
1,0
0,20.749715412029776
1,0
1,0
1,0
1,0
0,557.2203643192548
1,0
