state,recovery_time
1,0
1,0
1,0
0,41.961319989835815
1,0
1,0
1,0
0,30.732984984583332
1,0
1,0
