state,recovery_time
0,1308.3531889729825
0,3.4914040208956547
0,115.79957533782563
0,14.360279062968024
0,776.9738698479691
0,4.185682304013784
0,114.97637498249009
0,23.21558282650843
0,7.456433581710486
0,7.458882774648001
1,0
0,27596.078131202303
0,0.944160893545725
0,77.86402723939884
0,29.452086756476998
1,0
0,4330.3650614954095
0,14.955670513068501
0,668.2870089077262
1,0
0,12.660103596321353
0,83.260258179568
0,40.19310845584357
0,229.1959935914514
0,5.0698142696078445
0,185.0110343943286
0,1298.531865531712
0,2.3804817674555103
1,0
1,0
0,8.088232347834486
0,4.243043059540011
0,38.77427800351272
0,58.62946131691611
0,19.688313169335157
1,0
0,54.58569268691643
0,142.62096385515133
0,402.5648059352057
0,1005.1586585412458
0,4.364295434751929
0,14.884597914290044
0,24.66348562980535
0,5.218060592917402
0,10.805231583447032
1,0
0,9.050905483063916
0,0.24650347552772983
0,2357.424060582171
0,29.34998620085294
0,44.11736015296094
1,0
0,112.86381649027065
1,0
1,0
