state,recovery_time
0,46.49389194883914
0,0.7680801007829394
0,18.37166434584553
1,0
0,13.890060392835903
0,25.296385783012173
1,0
0,67.63424152504022
0,4.612820319188928
1,0
