state,recovery_time
0,2.177614126224545
1,0
1,0
0,4.844467165122829
0,34.3858587499152
0,9.163725113140746
0,0.061317562283291514
0,2.076925402899628
0,21.48190396088427
0,12.507285114945624
