state,recovery_time
0,899.7855167650393
0,817.4381442160338
0,20.840838210535846
0,278.4164574551224
0,2646.338141748638
0,8.989109966516603
0,597.1761198242099
0,4.694114723008298
0,14.304801643298918
0,19.1298177821641
0,233.24938193201967
0,64.94981317362137
0,97.33769405524684
1,0
1,0
0,2523.3401169171593
0,8.498133994046809
0,1.4572749170105836
1,0
1,0
0,636.6383356208944
0,12.151030135667353
0,249.10436439345455
0,1111.1484999847391
0,2.824741456468136
0,583.1369311041746
1,0
0,192.64915072630112
1,0
0,1711.9660496240815
0,3.1266382644672945
0,584.3826085698761
1,0
1,0
0,12.559237476699936
0,80.56865551456451
1,0
0,6.743392220677239
0,36.34696220716994
0,105.62031545077899
0,9585.029150045977
0,11.497612011817209
0,36.76901203667135
0,0.2751809221594891
0,74.67313254298904
1,0
0,228.1970107669384
0,43.710092854291275
0,17.51312715286448
0,0.35786578624388393
0,2.072321364285882
0,2.4361202027157565
0,2.834142773772876
1,0
0,2.4379447856126206
