state,recovery_time
1,0
1,0
1,0
1,0
0,61.14399495561643
0,9.921618824430505
1,0
1,0
1,0
1,0
1,0
1,0
1,0
1,0
0,6.786899393785304
1,0
1,0
1,0
1,0
1,0
1,0
1,0
1,0
1,0
1,0
1,0
1,0
1,0
1,0
1,0
1,0
1,0
1,0
1,0
0,396.9029102212382
1,0
1,0
1,0
1,0
1,0
1,0
1,0
1,0
1,0
1,0
1,0
1,0
1,0
1,0
1,0
1,0
1,0
1,0
1,0
1,0
1,0
1,0
1,0
0,1095.4205851557313
1,0
0,228.85077975470654
1,0
0,68.16434054873197
0,1170.2448636957145
1,0
1,0
1,0
0,75.4737451887161
1,0
1,0
1,0
1,0
1,0
0,4.951445504831944
1,0
1,0
1,0
1,0
1,0
1,0
1,0
1,0
1,0
1,0
1,0
1,0
1,0
1,0
1,0
1,0
1,0
1,0
1,0
1,0
0,24.859444126006572
1,0
