state,recovery_time
1,0
1,0
0,1.522561554777661
0,12.517552414387431
1,0
1,0
1,0
1,0
1,0
1,0
