state,recovery_time
0,385.63026540627135
1,0
1,0
1,0
1,0
1,0
1,0
1,0
1,0
1,0
0,113.2688790892431
1,0
1,0
1,0
1,0
1,0
0,3060.056595664409
1,0
1,0
1,0
1,0
1,0
1,0
0,7.850507378868534
0,44.55561303339613
1,0
1,0
1,0
0,108.13203418544788
0,36.86131617205529
1,0
0,1.7164025380268686
1,0
1,0
1,0
1,0
1,0
1,0
1,0
1,0
1,0
1,0
1,0
1,0
1,0
1,0
1,0
1,0
1,0
1,0
1,0
1,0
1,0
1,0
1,0
