state,recovery_time
1,0
1,0
0,49.35267517987412
1,0
1,0
0,1.1880918241184786
0,5.629578667601331
1,0
1,0
1,0
