state,recovery_time
0,438.956752106128
1,0
1,0
1,0
1,0
0,414.9071992604787
1,0
0,1.2075371007699678
1,0
1,0
