state,recovery_time
0,18.547233250121224
1,0
1,0
1,0
1,0
1,0
1,0
0,1834.0830957664061
1,0
1,0
1,0
1,0
1,0
0,2.4253363268525394
1,0
1,0
1,0
1,0
1,0
1,0
1,0
1,0
1,0
1,0
1,0
1,0
1,0
1,0
0,39.2200470416014
1,0
1,0
1,0
1,0
1,0
1,0
1,0
1,0
1,0
1,0
0,2.5964713075763175
1,0
1,0
1,0
1,0
1,0
1,0
1,0
1,0
0,1043.0637608589468
1,0
1,0
1,0
1,0
1,0
0,63.87258851480034
1,0
1,0
1,0
1,0
1,0
1,0
1,0
1,0
1,0
1,0
1,0
1,0
1,0
1,0
1,0
1,0
1,0
1,0
1,0
1,0
1,0
1,0
1,0
1,0
1,0
1,0
1,0
0,41.47138219513009
1,0
1,0
1,0
1,0
1,0
1,0
1,0
1,0
1,0
1,0
1,0
1,0
1,0
