state,recovery_time
1,0
1,0
1,0
1,0
1,0
0,1.9836575601772286
1,0
1,0
1,0
0,7.007213990410143
1,0
1,0
0,0.2691314250173292
0,15.602815271367113
1,0
1,0
0,1046.2430138924358
1,0
1,0
1,0
1,0
1,0
1,0
1,0
1,0
1,0
1,0
1,0
1,0
1,0
1,0
1,0
1,0
1,0
1,0
1,0
1,0
1,0
1,0
1,0
1,0
1,0
1,0
1,0
1,0
1,0
1,0
1,0
1,0
1,0
1,0
1,0
1,0
1,0
1,0
1,0
1,0
1,0
1,0
1,0
1,0
1,0
1,0
0,173.93140575925855
1,0
1,0
1,0
1,0
1,0
1,0
1,0
1,0
1,0
1,0
1,0
1,0
1,0
1,0
1,0
1,0
1,0
0,12.464448790677094
1,0
1,0
1,0
0,20508.56526529025
1,0
1,0
1,0
1,0
1,0
1,0
1,0
1,0
1,0
1,0
