state,recovery_time
1,0
1,0
1,0
1,0
1,0
1,0
1,0
1,0
1,0
1,0
1,0
1,0
1,0
0,171.28559153117226
1,0
1,0
1,0
0,78.3783344314866
1,0
1,0
1,0
1,0
1,0
1,0
1,0
1,0
1,0
1,0
1,0
1,0
1,0
1,0
1,0
1,0
1,0
1,0
0,4.65663126576615
1,0
1,0
1,0
1,0
0,105.70092770295157
1,0
1,0
1,0
1,0
1,0
1,0
1,0
1,0
1,0
1,0
1,0
1,0
1,0
1,0
1,0
1,0
1,0
1,0
0,197.526221591834
1,0
1,0
1,0
1,0
0,1715.6577155012574
1,0
1,0
1,0
1,0
0,1056.4449973479677
1,0
1,0
1,0
1,0
1,0
1,0
1,0
1,0
1,0
1,0
1,0
1,0
1,0
1,0
1,0
1,0
1,0
1,0
1,0
1,0
1,0
0,1.2789642070249259
1,0
1,0
1,0
