state,recovery_time
1,0
0,12.775759643419084
1,0
0,42.85329956552708
1,0
0,49.941755095831326
0,107.30142740144363
1,0
0,160.3711919217276
0,169.54936249189228
