state,recovery_time
1,0
0,78.98635757715978
0,612.5475095628414
0,7.15400819978811
0,72.14956763881467
1,0
1,0
1,0
1,0
0,6.178432748037539
