state,recovery_time
0,305.6083120177039
1,0
1,0
1,0
1,0
0,670.3779691584921
1,0
1,0
1,0
1,0
0,464.47870793435584
1,0
1,0
0,1.6455996060074154
1,0
1,0
0,39.45278031111009
1,0
1,0
1,0
1,0
0,96.41689786408321
1,0
0,229.63153297091316
1,0
1,0
1,0
1,0
1,0
1,0
1,0
0,0.6066647446074671
1,0
1,0
1,0
1,0
1,0
0,15.156758085458419
0,12.15277058843065
1,0
0,137.48970278786248
1,0
1,0
1,0
1,0
1,0
1,0
0,200.17064094072623
1,0
1,0
1,0
1,0
1,0
1,0
1,0
