state,recovery_time
0,0.4542399415387842
0,7.9499744601885105
1,0
1,0
1,0
0,8.020973627989575
0,300.5031844644697
0,275.93707329228545
0,53.3131574991597
1,0
