state,recovery_time
0,6.578634781613856
0,35.95689605298566
1,0
1,0
0,13.773842314971654
0,0.28662697703879936
0,4.868305864875928
1,0
0,5.537715388012949
1,0
