state,recovery_time
0,4.631718232417927
1,0
1,0
0,0.4284790281908332
0,12.742253366127924
0,64.83930873329638
0,0.4672766552205632
0,1783.9904879537305
0,2.1815311912975788
0,12182.1115125127
