state,recovery_time
0,110.72736512613032
1,0
0,0.942705985449702
1,0
1,0
1,0
0,101.28877058889097
0,152.7051346144944
0,107.8183762386338
0,1898.1790049456044
