state,recovery_time
1,0
0,117.75381903452859
0,65.6629836903856
0,1.6716930965098062
0,2.0094715606576043
0,264.9715958753673
1,0
1,0
0,4.333339640829655
0,2.0907142747215066
