state,recovery_time
0,11.993202182679278
0,1108.559068966873
0,38.230858486599885
0,25.89132916299848
1,0
0,426.514257128585
0,52.043058859782356
0,701.2067485293935
0,5.332915982433305
1,0
