state,recovery_time
0,435.6740290530847
1,0
0,3.455517980425326
0,1446.7910839145627
1,0
0,23.9736004975251
0,8.166959487582064
0,62.28326210714227
0,4.666110247941095
0,2.294687845757875
