state,recovery_time
0,23.28718396702184
0,80.12867933383495
0,1.6771620768309958
1,0
1,0
1,0
0,16.747356878952804
1,0
0,3.3329756884143595
0,1521.9237840054843
