state,recovery_time
1,0
0,18.505470027690578
0,322.6093523831653
0,5.648654185294226
1,0
1,0
1,0
0,18771.0995194168
1,0
0,19.12844008385401
