state,recovery_time
1,0
1,0
0,7973.5604121066945
1,0
0,57.66757297968839
1,0
1,0
0,20.604908534429565
0,100.29176140090331
0,18.98841988948375
