state,recovery_time
1,0
0,14.581581312462529
1,0
0,78.62877719614575
1,0
1,0
0,10.133352849125618
0,405.42663767061146
0,525.0896777074762
1,0
