state,recovery_time
1,0
1,0
0,5.563954153821392
0,52.4210222521199
0,29.162039285750073
0,5.020668285406933
0,71.18009982954776
0,0.616612886689112
0,569.6494255478651
0,244.38782460221375
