state,recovery_time
1,0
0,1.1827567846930034
0,60.91926866112987
0,319.71256081422285
0,17.153593192164912
0,71.62310055892479
0,10.619418118155428
0,39.96830509276807
1,0
0,11.017590741397129
