state,recovery_time
0,15.523774108041364
1,0
0,100.50195199929999
0,7.070589291090987
1,0
0,17.047047156985297
1,0
0,3.7395742470428615
0,84.8800792853235
0,35.050640434388185
