state,recovery_time
0,7.696133736988774
0,119.7196380999586
0,10.147637788463538
0,2.654741024213561
1,0
1,0
0,78.15443401196644
1,0
0,8.870414266786016
0,16.584265514387543
