state,recovery_time
1,0
1,0
1,0
1,0
0,1.7299210900666528
1,0
0,230.2654269276335
1,0
0,2.923608582215042
1,0
