state,recovery_time
1,0
1,0
1,0
1,0
1,0
1,0
0,1.0994383863299684
0,49.57523031655495
1,0
0,10.169780896728003
