state,recovery_time
1,0
1,0
0,34.503702433700965
1,0
0,13538.795838820024
0,167.22213518180007
1,0
1,0
1,0
1,0
