state,recovery_time
0,188.61244243424161
0,1373.2193932374935
1,0
0,1.6010958539476474
1,0
1,0
1,0
1,0
1,0
1,0
