state,recovery_time
0,117.25134924385385
1,0
1,0
1,0
1,0
1,0
1,0
1,0
0,319.07777963220434
1,0
