state,recovery_time
1,0
1,0
0,16.222244900733376
1,0
1,0
1,0
0,9.362900761443974
0,30.739533193664823
1,0
1,0
