state,recovery_time
1,0
1,0
1,0
1,0
0,123.31181172619445
1,0
0,242.3641961609499
1,0
0,33.12673611672128
1,0
