state,recovery_time
0,138.54697325521624
0,0.6444476758516535
0,187.55902705645383
1,0
1,0
0,37.72707971990285
0,107.19414020412697
1,0
0,2.899784225440002
1,0
1,0
0,7.654363838248533
0,58.82477007717873
0,79.38044065508147
0,37.76369910393053
0,0.5655148886135399
0,15.448683492196192
1,0
0,11.346424261217802
1,0
1,0
1,0
0,7.910862905844158
0,116.97178574873733
0,0.8969282170779698
0,159.0441347767092
0,222.8445761417377
0,477.8735884514101
0,826.5380659686061
0,198.5844041675299
0,5.630745581250614
1,0
0,86.52972198222093
1,0
0,3.621343525342187
0,37.306867945019334
0,38.5611186409131
0,8.202420310013963
0,15.68152055945712
1,0
0,1184.1603506109714
0,2.0805054795990805
0,231.07069622620347
0,99.31323177777918
1,0
0,259.7030037387384
0,52.827434815565724
0,31.971118545271143
0,125.65991406940532
0,4.363730175891538
1,0
0,28785.067852931024
0,3.4055108474216995
1,0
1,0
