state,recovery_time
1,0
0,1.6622797841040418
1,0
1,0
0,1661.7759046307751
0,5.376349398022884
0,23.052717090818422
1,0
0,249.036802999186
0,9.636036942214634
