state,recovery_time
0,2.1483524767278532
0,962.1696279503605
1,0
0,240.65325082040582
0,46.07910065366265
0,497.47970189875144
0,7.253420458522914
0,345.0705460804807
1,0
0,35.64772620961265
