state,recovery_time
1,0
0,0.11313568469051931
1,0
0,13.067828372847828
1,0
0,1212.9726547819596
0,6.262728309128591
0,6.101215565977927
1,0
0,96.42639366679752
