state,recovery_time
0,53.93516186899303
0,13.542623657107026
1,0
1,0
0,31.695859257103248
0,51.7006307592145
0,0.4276785450670618
0,8.820726423312026
1,0
0,6.149624869214909
