state,recovery_time
0,2.081995611122806
0,95.05870787569229
1,0
0,27.384046326057195
1,0
0,15.978615125760344
0,2.1350415182665063
0,73.38701675715988
0,73.66556114159391
0,1.9768784705517057
