state,recovery_time
1,0
1,0
0,37.02435086506668
1,0
0,29.685176978812187
0,2.808667139894288
1,0
0,3.006355021030732
0,9.024035855345367
0,11.495430958595158
