state,recovery_time
1,0
1,0
1,0
1,0
1,0
1,0
1,0
1,0
1,0
1,0
1,0
1,0
1,0
1,0
1,0
1,0
1,0
0,96.9088101525693
1,0
1,0
0,99.68878647757109
0,79.72603323390027
1,0
1,0
1,0
0,191.881079117657
1,0
1,0
1,0
1,0
1,0
0,2162.453037059229
0,0.11890143514652733
1,0
0,202.5610409352778
1,0
1,0
1,0
1,0
0,4.890901398677825
1,0
1,0
1,0
1,0
0,79.37868036773429
1,0
1,0
1,0
1,0
1,0
0,0.9191574172547762
1,0
1,0
1,0
1,0
1,0
0,33.315466255864436
1,0
1,0
1,0
1,0
1,0
1,0
0,8.403165111829694
1,0
1,0
1,0
0,255.88444153209937
0,4.934123500935962
1,0
1,0
1,0
1,0
1,0
1,0
1,0
1,0
1,0
1,0
1,0
1,0
1,0
1,0
1,0
0,1.1511204887870423
0,12.430581041529797
1,0
1,0
1,0
0,1.51702578086542
1,0
1,0
0,32.12713516705249
0,811.8435860658601
1,0
1,0
