state,recovery_time
0,111.19236978143067
1,0
1,0
1,0
1,0
1,0
0,1.0688424479462564
0,3.55934671867668
1,0
1,0
1,0
0,11.93855037743364
1,0
1,0
1,0
1,0
1,0
1,0
0,26.887797536747478
0,2.6305350064490107
1,0
0,50.05544643975379
1,0
1,0
1,0
1,0
1,0
1,0
1,0
1,0
1,0
1,0
1,0
0,214.1314906110287
1,0
1,0
1,0
1,0
0,25.557850135843225
1,0
1,0
0,55.53482784981833
1,0
1,0
1,0
1,0
1,0
1,0
1,0
1,0
1,0
1,0
0,21.705672564021302
1,0
0,21.480433432749976
1,0
1,0
1,0
1,0
1,0
1,0
1,0
1,0
1,0
1,0
1,0
1,0
1,0
1,0
1,0
1,0
1,0
1,0
1,0
1,0
1,0
1,0
1,0
1,0
1,0
0,468.1662159934069
1,0
1,0
1,0
0,11.190999553797518
1,0
1,0
1,0
1,0
1,0
1,0
1,0
1,0
1,0
1,0
1,0
