state,recovery_time
1,0
1,0
1,0
1,0
1,0
1,0
0,9.873884641556982
1,0
1,0
1,0
1,0
0,0.2667383043561717
1,0
1,0
1,0
1,0
1,0
1,0
0,2.843316759387565
1,0
1,0
1,0
1,0
1,0
1,0
1,0
1,0
1,0
0,29.936490214239704
1,0
1,0
1,0
1,0
1,0
1,0
1,0
1,0
0,225.07576729456366
1,0
1,0
1,0
1,0
1,0
1,0
1,0
1,0
1,0
1,0
1,0
1,0
1,0
1,0
1,0
0,22851.439283446154
1,0
1,0
1,0
1,0
1,0
1,0
1,0
1,0
1,0
0,0.2804881991957607
1,0
1,0
1,0
1,0
1,0
1,0
1,0
1,0
0,496.29769342712734
1,0
1,0
1,0
0,234.6388446627666
1,0
0,317.66048422197287
1,0
1,0
0,26.04667239532154
1,0
0,16.573592771276022
1,0
1,0
1,0
0,98.9241551888351
1,0
1,0
1,0
1,0
1,0
0,22.679959264717553
1,0
1,0
