state,recovery_time
1,0
1,0
1,0
1,0
1,0
1,0
1,0
1,0
0,23.888749944756693
0,13.005280654317925
