state,recovery_time
1,0
0,126.73358777265162
1,0
1,0
1,0
1,0
1,0
1,0
0,37.894798052036954
1,0
