state,recovery_time
0,3.5487952361788833
0,455.4578498565328
1,0
0,8.96448534914759
1,0
1,0
1,0
1,0
1,0
1,0
