state,recovery_time
1,0
1,0
0,102.55191205061242
0,3.488228606631905
1,0
1,0
1,0
1,0
0,0.5848614119301111
1,0
