state,recovery_time
1,0
1,0
1,0
0,5.93294772800483
0,237.86391322912448
1,0
1,0
1,0
1,0
0,157.22520858154448
