state,recovery_time
1,0
1,0
1,0
1,0
1,0
1,0
1,0
1,0
1,0
1,0
1,0
1,0
1,0
1,0
1,0
1,0
0,472.5237195377025
1,0
1,0
1,0
1,0
0,482.96961028578863
1,0
1,0
1,0
1,0
1,0
1,0
1,0
1,0
1,0
1,0
1,0
1,0
1,0
0,12.586775012057378
1,0
1,0
1,0
1,0
1,0
1,0
0,11.8149506808771
0,8.27587581042095
1,0
1,0
1,0
1,0
1,0
1,0
1,0
0,156.0102469618557
1,0
1,0
1,0
1,0
1,0
1,0
1,0
0,6.253060498301619
1,0
1,0
1,0
1,0
1,0
1,0
1,0
0,25.731326517866034
1,0
1,0
1,0
1,0
1,0
1,0
1,0
1,0
1,0
1,0
1,0
1,0
1,0
1,0
1,0
1,0
1,0
1,0
0,0.12445864465026936
1,0
1,0
1,0
1,0
1,0
1,0
1,0
1,0
1,0
