state,recovery_time
1,0
1,0
1,0
1,0
1,0
0,1164.973383063521
0,8.799361009499332
1,0
0,0.025767174254138405
1,0
