state,recovery_time
1,0
0,1122.2740497433017
1,0
1,0
0,1.8573765203970056
0,13.756518151759709
1,0
1,0
1,0
1,0
