state,recovery_time
1,0
0,92.82186061517206
1,0
1,0
0,1.2577792731076043
1,0
0,2922.0365637956297
1,0
1,0
1,0
