state,recovery_time
0,9.26755355846907
1,0
1,0
1,0
1,0
1,0
1,0
1,0
1,0
1,0
1,0
1,0
1,0
1,0
1,0
1,0
1,0
1,0
1,0
1,0
1,0
1,0
0,1526.8705359686928
0,111.57220871568083
0,37.43618567546149
1,0
0,0.22750965610829768
1,0
1,0
1,0
1,0
1,0
0,65.34503296041547
1,0
1,0
1,0
1,0
1,0
0,290.0869362556173
0,141.12665571690334
1,0
1,0
1,0
0,8.423362899204093
1,0
1,0
1,0
0,760.190716944268
1,0
1,0
1,0
0,1976.0741222581635
0,8833.276358526711
0,114.87925219581508
1,0
