state,recovery_time
1,0
1,0
1,0
1,0
0,141.56858840327095
1,0
1,0
0,42.852408583117565
1,0
1,0
1,0
1,0
1,0
1,0
1,0
1,0
1,0
1,0
1,0
1,0
1,0
1,0
1,0
0,65.15492680656611
1,0
0,447.813969050238
0,25.55800575744337
1,0
0,22.301434151904015
0,1.7902642069393573
1,0
1,0
1,0
1,0
0,22.788174461733398
1,0
0,101.45824001132448
0,2.541530183807407
0,167.86317624183357
1,0
1,0
1,0
1,0
0,2107.5212623455614
1,0
1,0
1,0
1,0
1,0
0,125.68970497203176
1,0
1,0
1,0
1,0
1,0
