state,recovery_time
1,0
1,0
1,0
1,0
1,0
0,8.434083238744934
1,0
0,180.89448607285513
0,1.3178165834856812
1,0
