state,recovery_time
1,0
0,1.1429993159120049
1,0
1,0
1,0
1,0
0,111.0832813728616
1,0
1,0
0,0.5909729596909942
