state,recovery_time
1,0
1,0
1,0
1,0
1,0
1,0
1,0
1,0
1,0
1,0
1,0
1,0
1,0
1,0
1,0
0,17.725345445931858
1,0
1,0
1,0
1,0
0,21.265634696052654
1,0
1,0
0,0.15743412989727626
1,0
0,17.14112446535759
1,0
1,0
1,0
1,0
1,0
1,0
1,0
0,13.878767459114288
1,0
1,0
1,0
1,0
1,0
1,0
1,0
0,9.166697601161244
1,0
1,0
1,0
1,0
1,0
1,0
1,0
1,0
1,0
1,0
0,13.510515013282575
1,0
1,0
1,0
1,0
1,0
1,0
0,17.936758364029874
1,0
1,0
0,6.42620245289665
0,2882.3038526068267
1,0
1,0
1,0
1,0
1,0
0,1.2074559580612019
1,0
0,1.167838854580833
1,0
1,0
0,13.276549453137514
1,0
1,0
1,0
0,5.143018521165448
1,0
1,0
0,22.561068784806025
1,0
1,0
0,886.371357634035
1,0
1,0
1,0
1,0
1,0
1,0
1,0
0,4.152009944766773
0,30.73125802181761
1,0
1,0
