state,recovery_time
0,114.80298640511558
0,6.792786966673993
0,1459.1389148757974
0,11.125128365966216
0,47.248921945553874
0,39.40272528125467
0,78.18416946568746
0,55.075509481719784
0,7.717057316719288
0,14.02571726786704
0,18.064814287425744
0,5.959084691414504
0,6.744667471904882
1,0
0,51.22258449880398
0,6.581004233952244
0,105.06675929803093
0,46.89850770073432
0,31.566483259982768
1,0
0,0.9117217359011244
0,1173.315877849321
1,0
0,1060.6685762278096
0,50.78835197640782
0,21.81560730373965
0,4.636906449490141
0,2.6200431169885614
0,269.01391632086586
1,0
0,2906.2919591443115
0,20.234950804308895
0,466.8941174411519
1,0
0,5.403365844451886
0,167.48709088859314
0,174.11085555743412
1,0
0,125.66802560984998
0,37.71889096582778
0,26750.863652579606
0,100.17319550078088
0,126.8649921774212
0,950.4061258834178
0,60.92199277450821
0,1134.7713771416306
0,521.0055445527756
1,0
0,18.92825708080085
0,86.45184057793809
0,0.6565701702006123
0,32.37746809184499
0,869.3749725665112
0,20.350610014302966
0,461.39494622528787
0,1140.0258726912975
0,49.45165204496632
0,120.92039387887745
0,83.16338041879936
0,0.9714609956822556
0,28.150559453820446
0,143.98430484753217
0,12.782808776931796
0,208.46837724811354
0,218.3019989887825
0,260.1901957484976
0,0.4410244712397764
0,778.8330646786726
0,7.35288329479211
0,0.7314105587336671
0,243.52516222365793
1,0
1,0
0,12.041203580609958
0,59.45194123662457
0,288.0462276672795
0,64.79465888783591
0,48032.87691863366
0,92.89380187104443
0,177.0790356623809
0,111.08435314888041
0,4.956899319417546
0,7.952787782373828
0,85.28802204602201
0,178.63715065818946
0,17.163452411553944
0,31.47110251201337
0,41.4655541910388
0,0.10434230572968355
0,109.11660809380395
0,2.4663415729518503
0,21.23904906315175
0,1350.099013628207
0,8.829351833601958
1,0
0,69.37681181931914
0,27.47254917855673
0,0.6259049749941702
0,1.389290273279863
0,20.384451751426656
1,0
0,220.1237075212108
0,3.0279737087087204
1,0
0,78.92441419515532
0,6.398970216054579
0,43.14825057294788
0,21.14363052147493
0,128.33465541100816
1,0
0,339.0441264526501
0,0.7974657735246271
0,5.796444637452691
0,281.62964295017514
0,5.576035903523043
0,305.2353470169296
0,185.88954593160392
0,17.523298108786584
0,72.93271926566293
0,9.954122210265645
0,371.6177304352053
0,6.91768597621195
