state,recovery_time
0,117.96073668730907
1,0
1,0
1,0
1,0
0,141.9124630832397
1,0
1,0
1,0
0,4310.147660027899
1,0
1,0
0,334.92063339067124
0,480.1812442822932
0,4.1056359066587
1,0
0,222.99154642162304
1,0
1,0
1,0
1,0
0,101.7890663730287
1,0
1,0
1,0
1,0
0,5299.741046813828
1,0
0,439.34312542392854
1,0
1,0
0,2.1218937257702923
1,0
1,0
1,0
1,0
0,10.143342271255172
1,0
1,0
1,0
1,0
1,0
0,0.37689900081982913
0,452.21154799033206
1,0
1,0
1,0
1,0
0,67.04011356783553
1,0
1,0
1,0
1,0
1,0
1,0
1,0
1,0
0,766.0743966591785
0,14.859077864710645
0,7653.689466070915
1,0
1,0
0,5.454770239324492
1,0
1,0
1,0
0,23.394207639371956
1,0
1,0
1,0
1,0
1,0
1,0
1,0
1,0
1,0
1,0
0,140.49659818986348
0,6.037774412598712
1,0
0,392.1810931421495
0,16.699502615215724
1,0
1,0
1,0
1,0
0,1685.5913970935248
1,0
0,0.4330695114933951
1,0
1,0
1,0
1,0
1,0
1,0
1,0
