state,recovery_time
1,0
1,0
0,114.80702300976894
1,0
1,0
1,0
1,0
1,0
1,0
1,0
1,0
1,0
1,0
1,0
1,0
1,0
1,0
0,372.80345284766537
1,0
1,0
1,0
1,0
1,0
0,9.975033181633107
1,0
1,0
1,0
1,0
1,0
1,0
1,0
1,0
1,0
0,50.486947872387084
1,0
1,0
1,0
1,0
0,166.32559677823252
1,0
1,0
1,0
1,0
1,0
1,0
1,0
0,1.0471270935328436
1,0
1,0
1,0
1,0
1,0
1,0
1,0
1,0
1,0
0,14.648280228181703
1,0
1,0
1,0
1,0
1,0
1,0
1,0
1,0
1,0
1,0
1,0
1,0
1,0
1,0
1,0
1,0
1,0
1,0
1,0
1,0
1,0
1,0
1,0
1,0
1,0
1,0
1,0
1,0
1,0
1,0
1,0
1,0
1,0
1,0
1,0
1,0
1,0
1,0
1,0
