state,recovery_time
0,78.78724534267862
0,0.5809443561754675
0,2806.8119656744584
1,0
0,20.88166261022071
1,0
1,0
0,14.177262453031299
0,30.623581071945875
0,1.4481550815824356
0,52.17098985343279
0,14.606077343024916
0,5473.921865064115
0,134.4372958605741
0,11.198203070546027
1,0
0,123.42251467094172
0,4.834390427125854
0,5.8169053083859055
0,0.26111436220722967
1,0
0,1.7933883360692622
0,38.926796314478565
1,0
1,0
0,704.9401607678784
0,16.83173030894253
0,96.6243057296107
0,69.1239525885559
0,49.128413772191884
1,0
1,0
0,13.713195683106163
1,0
1,0
0,7.25694269883529
0,556.9985787564673
1,0
0,186.7497857884268
0,838.2476570172963
0,0.9177757687271446
1,0
0,53.69164339317642
1,0
0,50.804781052512645
1,0
0,25.480824936170432
1,0
0,103.32021515772686
1,0
0,72.45522286236826
0,5.889793487288014
0,831.5444757512454
1,0
1,0
1,0
0,487.4991164356764
0,6.015371886033499
1,0
0,17.041170020326476
0,104.09680133729059
1,0
0,29.38840184137586
1,0
0,6.720739698714615
1,0
1,0
0,842.5840511363222
1,0
1,0
0,289.4903869989189
0,2.1152692284762775
1,0
0,505.79310770122976
0,195.30695540370382
1,0
0,5.030810400350818
0,152.05381538707104
1,0
0,1.1866496487441764
1,0
0,0.6958384730282617
0,59.92431462197097
0,304.8100230670365
1,0
0,0.9845624712055248
0,16.434665966957517
1,0
1,0
0,185.7822797961961
0,46.9547786523611
0,3.907452995137332
0,8.339325969030078
1,0
0,411.1213686910029
0,421.36364321916335
