state,recovery_time
0,0.6900132592532245
1,0
1,0
0,55.01055658216435
0,69.56992785729263
1,0
1,0
1,0
1,0
1,0
0,12.18097602246361
1,0
1,0
1,0
1,0
0,35.654336521267034
1,0
0,32.57507151902386
0,9.396530140271578
0,31.220583401098356
0,7.076853838899403
1,0
0,0.18010769777881747
1,0
1,0
1,0
1,0
1,0
1,0
0,27.198732417150914
1,0
1,0
1,0
0,26.054595278968034
0,0.03496780395196157
1,0
1,0
0,1.5060366082451315
1,0
0,168.95557113112187
0,0.13287850150536698
1,0
0,10.18864586616376
1,0
0,28.856247296539433
1,0
1,0
1,0
0,5.9520875081612346
0,46.52543086815431
0,10.311386000301189
1,0
1,0
1,0
1,0
0,58.316041490297366
0,12.63040256675875
0,47.05623866106034
0,619.0037691316185
0,190.75091270300697
1,0
0,105.8218503660657
1,0
1,0
0,13.775307488672576
0,11.759697955542723
0,24.691034171819197
1,0
1,0
0,33.29274385726705
0,3.5889247929932186
0,375.0097505190531
1,0
0,0.5784269491704099
1,0
0,27.720032385077374
0,6973.848983474666
0,68.22363383489073
1,0
0,3.3540568332823137
0,123.59862659046605
0,159.24416042349975
0,23.249017370961152
0,3.744625874600494
1,0
0,7.222057360848418
1,0
1,0
0,0.7707747120099074
1,0
0,688.0060915762726
1,0
1,0
0,0.22648223333242215
0,8.556057118440698
0,4.604399456356409
