state,recovery_time
1,0
1,0
1,0
1,0
1,0
1,0
1,0
0,8.793105742194934
1,0
1,0
1,0
0,0.17740456421007872
0,18.653598068592256
1,0
0,34.429562752489794
1,0
1,0
1,0
1,0
1,0
1,0
1,0
1,0
0,156.78472999060776
1,0
1,0
1,0
0,215.7605344422482
1,0
1,0
1,0
1,0
1,0
1,0
1,0
1,0
1,0
1,0
1,0
1,0
1,0
1,0
0,27.350682971785528
1,0
1,0
1,0
1,0
1,0
0,29.17853419253534
0,0.4718766164573312
1,0
1,0
0,89.1253490083844
1,0
1,0
1,0
0,133.48103482797796
1,0
0,24.053192227174332
1,0
1,0
1,0
0,1.0865068220669296
1,0
1,0
1,0
1,0
1,0
1,0
1,0
1,0
1,0
0,39.45984526378148
1,0
1,0
1,0
1,0
1,0
1,0
1,0
1,0
1,0
1,0
1,0
1,0
1,0
1,0
0,2.1042125703507017
1,0
0,85.44507200907745
0,7879.763682498912
1,0
1,0
1,0
1,0
1,0
