state,recovery_time
1,0
1,0
1,0
1,0
1,0
1,0
1,0
0,110.79355256148098
1,0
1,0
1,0
1,0
1,0
1,0
1,0
1,0
1,0
1,0
0,888.8003919630548
1,0
0,53.31622199834968
1,0
1,0
1,0
1,0
1,0
1,0
1,0
1,0
1,0
1,0
0,464.5293429522453
1,0
1,0
1,0
1,0
1,0
1,0
1,0
1,0
1,0
1,0
1,0
0,5.157537024529069
1,0
1,0
1,0
1,0
1,0
1,0
0,28.45504051126394
1,0
1,0
0,356.7923972496775
1,0
0,457.3006890366524
1,0
0,362.21974541608347
1,0
1,0
1,0
1,0
1,0
1,0
1,0
1,0
1,0
1,0
1,0
1,0
1,0
1,0
1,0
1,0
0,55.65195441844878
1,0
1,0
1,0
1,0
1,0
1,0
1,0
1,0
0,20563.421635209535
1,0
1,0
1,0
1,0
0,1.8089791099234904
1,0
1,0
1,0
1,0
1,0
1,0
0,162.20721337069696
