state,recovery_time
1,0
1,0
1,0
1,0
0,47.60355135171194
0,5.046913858587514
1,0
1,0
1,0
1,0
1,0
1,0
0,6098.495035260458
1,0
1,0
1,0
1,0
1,0
0,1650.175709422539
1,0
1,0
1,0
1,0
1,0
1,0
1,0
1,0
1,0
1,0
1,0
1,0
1,0
0,4869.027112527834
1,0
1,0
1,0
1,0
1,0
1,0
0,265.0351607510858
1,0
0,13.765125227076046
1,0
1,0
0,300.3904746443467
1,0
1,0
1,0
1,0
1,0
1,0
1,0
1,0
1,0
1,0
1,0
1,0
1,0
1,0
1,0
1,0
1,0
1,0
1,0
0,460.9077476165239
1,0
1,0
1,0
1,0
0,35.43981128737822
1,0
1,0
1,0
1,0
1,0
1,0
1,0
1,0
1,0
1,0
0,30.376221663920767
1,0
1,0
0,0.27379310521133565
1,0
1,0
1,0
1,0
1,0
1,0
0,10.83008710529255
1,0
1,0
1,0
1,0
1,0
