state,recovery_time
1,0
1,0
0,9.962331110431501
1,0
0,152.06548221791155
0,114.12778334580007
1,0
1,0
1,0
1,0
