state,recovery_time
1,0
1,0
0,6.13474684821649
1,0
1,0
1,0
0,0.15552079063639007
0,2.256978965023732
1,0
1,0
