state,recovery_time
1,0
1,0
1,0
1,0
1,0
1,0
1,0
1,0
1,0
1,0
0,11.440048536405362
1,0
0,108.10568911652044
1,0
1,0
1,0
1,0
1,0
1,0
1,0
1,0
1,0
1,0
1,0
1,0
1,0
1,0
0,413.0882560637648
1,0
1,0
0,25.586985756531835
1,0
1,0
1,0
1,0
1,0
1,0
1,0
1,0
1,0
1,0
0,10668.508276494147
1,0
0,858.0537524410652
1,0
1,0
1,0
1,0
1,0
1,0
1,0
1,0
1,0
1,0
0,940.6659929219736
1,0
0,10.506126900817637
1,0
1,0
1,0
1,0
1,0
1,0
1,0
1,0
1,0
1,0
1,0
1,0
1,0
1,0
1,0
1,0
0,606.6417932655266
1,0
1,0
1,0
1,0
1,0
1,0
0,45.96725966204782
1,0
1,0
1,0
1,0
1,0
0,3.228134913663693
1,0
1,0
1,0
1,0
1,0
1,0
1,0
1,0
1,0
