state,recovery_time
1,0
1,0
1,0
1,0
1,0
0,2387.9556329151746
1,0
1,0
1,0
1,0
1,0
1,0
1,0
1,0
1,0
0,163.17006965798439
1,0
1,0
1,0
1,0
1,0
0,18.088615012486517
1,0
1,0
0,20.463992584836934
1,0
1,0
1,0
0,51.63613680623063
0,6.093885485276418
1,0
1,0
1,0
1,0
1,0
1,0
1,0
0,1196.6243510100237
1,0
1,0
1,0
0,0.1974234547493133
1,0
1,0
1,0
1,0
1,0
1,0
1,0
1,0
1,0
0,3.893922412144205
0,450.2304323838399
1,0
1,0
