state,recovery_time
1,0
1,0
1,0
1,0
0,132.82428385306773
1,0
1,0
1,0
0,74.1948425117281
0,61.48962316346004
