state,recovery_time
1,0
1,0
0,722.9888733166591
0,120.99914670701223
1,0
1,0
0,2997.3339539369663
1,0
1,0
1,0
