state,recovery_time
1,0
1,0
1,0
1,0
0,177.2919588834168
0,1091.0054411754784
1,0
0,22.916453579266705
1,0
0,75.29099653855377
