state,recovery_time
0,1298.1190214062926
1,0
1,0
1,0
0,46.46971302912213
0,8.464811491212616
1,0
1,0
1,0
0,21.571546708342368
