state,recovery_time
1,0
0,32.35696787204478
1,0
0,16.73928137225354
0,373.4693977281491
0,166.9513367071021
1,0
1,0
1,0
1,0
