state,recovery_time
1,0
0,0.572224095939308
1,0
0,3.281371634112399
1,0
0,405.80602797672697
1,0
1,0
0,2.9931220761661077
1,0
