state,recovery_time
1,0
0,207.66713272189807
1,0
0,10.1419264558549
1,0
1,0
1,0
0,5.69049495238258
0,140.80296962778496
1,0
