state,recovery_time
1,0
1,0
0,32.822893220531256
0,2.0886730306787493
1,0
1,0
0,218.364979716238
1,0
1,0
0,1.940770941632311
