state,recovery_time
1,0
1,0
0,21.96731539762723
1,0
1,0
1,0
1,0
0,42.37974093889286
1,0
1,0
1,0
1,0
0,51.937653642483326
1,0
1,0
0,6575.865737869582
1,0
0,5925.784433060703
1,0
0,34.755108154162734
1,0
0,32.38090536924318
1,0
1,0
1,0
1,0
1,0
1,0
0,13.419935561405556
1,0
0,13.45021257061301
1,0
1,0
1,0
1,0
1,0
1,0
1,0
1,0
1,0
1,0
1,0
1,0
1,0
1,0
1,0
0,69.37785741645585
1,0
1,0
1,0
1,0
1,0
1,0
1,0
0,4.500126278062999
