state,recovery_time
1,0
1,0
0,596.109077999075
0,17.591393000775362
1,0
0,705.3381408257574
1,0
0,58.02665536661995
1,0
1,0
