state,recovery_time
1,0
0,1011.0742459505334
1,0
1,0
0,54.7296387113819
0,12.794082018379955
1,0
1,0
0,1444.009462529386
1,0
