state,recovery_time
1,0
1,0
1,0
1,0
1,0
0,52.12444480240128
1,0
1,0
1,0
1,0
1,0
1,0
0,25.247356158558837
0,0.4378572091298596
1,0
1,0
0,0.8465044529635045
1,0
1,0
0,6.261100011256615
0,25.66456128624653
1,0
1,0
1,0
0,2.890761084435163
1,0
1,0
1,0
1,0
1,0
1,0
1,0
1,0
1,0
1,0
1,0
1,0
1,0
1,0
0,16.004047514301963
1,0
0,104.03915500585396
0,6.808971234433462
1,0
1,0
1,0
1,0
1,0
1,0
1,0
1,0
1,0
0,33.066994999292234
1,0
0,27.17598479283392
0,512.4268603968999
1,0
0,18.729765430583996
1,0
1,0
1,0
1,0
1,0
1,0
1,0
1,0
1,0
1,0
1,0
0,42.5717292954546
1,0
1,0
0,36.89008596057701
1,0
1,0
1,0
0,205.63699638435762
1,0
1,0
1,0
1,0
1,0
1,0
1,0
1,0
1,0
1,0
1,0
0,118.21983609549517
1,0
1,0
1,0
1,0
1,0
1,0
1,0
