state,recovery_time
1,0
1,0
1,0
1,0
1,0
1,0
1,0
1,0
1,0
1,0
1,0
1,0
1,0
1,0
0,10.642084924795705
1,0
1,0
1,0
1,0
1,0
0,206.2120944336856
1,0
1,0
1,0
1,0
1,0
0,11.805730923343745
1,0
1,0
0,757.7768629183997
1,0
1,0
0,3.794637929455805
1,0
0,476.6374885783137
1,0
0,5556.560972605364
1,0
1,0
1,0
1,0
1,0
1,0
1,0
1,0
0,0.4994031129661905
1,0
1,0
1,0
0,18.445101564856408
1,0
0,1.3095109981859088
1,0
1,0
1,0
1,0
1,0
1,0
1,0
1,0
0,1.9506909059514141
0,32.34797192985885
1,0
1,0
0,125.47166826900465
1,0
1,0
1,0
1,0
1,0
1,0
1,0
1,0
1,0
1,0
1,0
1,0
1,0
0,34.82037153272132
0,64.571131487822
1,0
0,103.04938111547317
0,49.206730718376946
1,0
1,0
1,0
1,0
1,0
1,0
1,0
1,0
0,853.0096903546945
1,0
1,0
1,0
1,0
