state,recovery_time
1,0
1,0
1,0
1,0
0,539.302776823652
1,0
1,0
1,0
1,0
1,0
1,0
1,0
1,0
1,0
1,0
1,0
1,0
1,0
1,0
1,0
1,0
1,0
1,0
1,0
1,0
1,0
0,21.29637717875292
0,5.412151967083064
1,0
1,0
1,0
1,0
1,0
1,0
0,365.9368534971728
1,0
1,0
0,0.17874987024995617
1,0
1,0
1,0
1,0
1,0
0,4.097307363733087
0,217.1643009432127
0,41.71153686596952
1,0
1,0
1,0
1,0
1,0
1,0
1,0
1,0
0,34.25837051248743
1,0
1,0
1,0
1,0
0,62.27688212403488
1,0
1,0
1,0
1,0
1,0
1,0
1,0
1,0
1,0
1,0
1,0
1,0
0,289.10983480653726
1,0
1,0
1,0
1,0
1,0
1,0
1,0
1,0
1,0
1,0
1,0
1,0
1,0
1,0
1,0
1,0
1,0
1,0
1,0
1,0
1,0
1,0
1,0
