state,recovery_time
1,0
1,0
1,0
0,5.970598450926772
1,0
1,0
1,0
1,0
0,3.519935672504598
1,0
1,0
1,0
1,0
1,0
1,0
1,0
1,0
1,0
1,0
1,0
0,3.9655360900093037
0,585.0987232820804
1,0
1,0
1,0
1,0
1,0
1,0
0,137.58970699383838
1,0
1,0
1,0
1,0
1,0
1,0
1,0
1,0
1,0
1,0
1,0
1,0
1,0
1,0
0,219.535875549137
1,0
1,0
1,0
0,219.35201231422874
1,0
1,0
1,0
1,0
1,0
1,0
1,0
1,0
1,0
1,0
1,0
0,2432.1893926057264
1,0
1,0
1,0
1,0
1,0
1,0
0,126.40969682494391
1,0
1,0
1,0
1,0
1,0
1,0
1,0
0,8.543251850913588
1,0
1,0
1,0
1,0
1,0
1,0
1,0
0,5.739510743618647
1,0
1,0
0,2.9795736120218623
1,0
1,0
1,0
1,0
1,0
1,0
1,0
1,0
1,0
1,0
