state,recovery_time
0,405.50607181165753
1,0
1,0
1,0
1,0
1,0
0,7.606825140580349
1,0
1,0
0,176.43420525387336
1,0
1,0
1,0
1,0
1,0
1,0
0,25.631188266264125
1,0
1,0
1,0
1,0
0,11.826369865667859
1,0
1,0
1,0
1,0
1,0
0,579.4770646266187
0,15.681900908376223
0,2836.6105287314404
1,0
0,1.7517476332372344
1,0
1,0
1,0
1,0
1,0
1,0
1,0
1,0
1,0
0,470.4999407052229
1,0
1,0
1,0
1,0
1,0
1,0
1,0
1,0
1,0
1,0
0,1054.4553009225829
1,0
1,0
1,0
0,34.096327734337855
1,0
0,5.113473284572698
1,0
1,0
1,0
1,0
1,0
1,0
1,0
1,0
1,0
1,0
0,0.1638945769292222
1,0
1,0
1,0
1,0
1,0
1,0
1,0
1,0
0,239.9828871058266
1,0
1,0
1,0
1,0
1,0
1,0
1,0
1,0
0,0.09851759166190699
0,25.753743076860065
1,0
1,0
0,1.0099516720825616
1,0
1,0
1,0
1,0
