state,recovery_time
1,0
1,0
1,0
1,0
0,0.2512183586402606
1,0
1,0
1,0
1,0
1,0
1,0
1,0
1,0
1,0
1,0
1,0
1,0
1,0
1,0
1,0
1,0
1,0
1,0
0,213.28175602669805
1,0
1,0
1,0
1,0
1,0
1,0
1,0
1,0
1,0
1,0
1,0
1,0
0,114.7063608320251
1,0
1,0
0,16.51627410248562
1,0
1,0
1,0
1,0
1,0
1,0
1,0
1,0
1,0
1,0
1,0
1,0
1,0
0,1.7124363126003121
1,0
1,0
1,0
1,0
1,0
1,0
1,0
1,0
1,0
0,1594.1330371089193
0,16.086195047403496
0,1963.8263266745514
0,3.0747548815999317
1,0
1,0
1,0
1,0
1,0
1,0
0,181.1266823469314
1,0
1,0
1,0
1,0
1,0
1,0
1,0
1,0
1,0
0,219.85253232697832
1,0
1,0
1,0
0,0.4878955659705855
1,0
1,0
1,0
1,0
1,0
1,0
1,0
1,0
