state,recovery_time
1,0
1,0
0,91.50868563827153
1,0
1,0
0,2615.1083038045417
1,0
1,0
1,0
1,0
