state,recovery_time
0,11.432103398430003
1,0
1,0
0,24.928423142124256
1,0
1,0
1,0
1,0
1,0
1,0
