state,recovery_time
1,0
1,0
0,579.5224543163854
1,0
1,0
1,0
1,0
0,1021.2015864568806
1,0
1,0
