state,recovery_time
0,5.433150290975035
0,5868.128562072272
1,0
1,0
1,0
1,0
1,0
1,0
1,0
1,0
