state,recovery_time
0,2.6919106626463796
1,0
1,0
0,920.6691603104324
1,0
1,0
1,0
1,0
1,0
1,0
