state,recovery_time
1,0
1,0
1,0
0,527.0017084638679
1,0
1,0
1,0
1,0
1,0
1,0
1,0
1,0
1,0
1,0
1,0
1,0
1,0
0,98.4149796753709
1,0
1,0
1,0
1,0
1,0
1,0
1,0
1,0
1,0
1,0
1,0
1,0
1,0
1,0
1,0
1,0
1,0
1,0
1,0
1,0
1,0
1,0
1,0
1,0
0,18.256795854308084
0,43.339240069471664
1,0
0,6.519123880929364
0,31.806487254721613
1,0
1,0
1,0
1,0
1,0
1,0
1,0
0,13.124100372945778
