state,recovery_time
1,0
1,0
1,0
0,6.054938560936549
1,0
1,0
1,0
1,0
0,1641.3850831254822
0,33.52281308776105
