state,recovery_time
1,0
0,95.09686139235403
1,0
1,0
1,0
0,22.35662365191871
1,0
1,0
1,0
0,64.37552788592633
