state,recovery_time
1,0
0,2.456678722712822
1,0
0,18.459250035242945
1,0
1,0
1,0
1,0
1,0
0,2.0890074961710394
