state,recovery_time
1,0
0,0.054557228660251963
1,0
1,0
1,0
1,0
0,27.292381623893505
1,0
1,0
0,319.8005081621569
