state,recovery_time
1,0
1,0
0,91.94260989169153
1,0
1,0
1,0
0,0.8481771973923873
1,0
0,5037.229202303767
1,0
