state,recovery_time
1,0
1,0
1,0
0,101.59903474220042
1,0
1,0
0,0.39481926851596805
0,0.00996679197277599
1,0
1,0
