state,recovery_time
1,0
1,0
0,96.29145303550379
1,0
1,0
1,0
0,4565.485555579492
1,0
1,0
0,14.627642327820713
