state,recovery_time
1,0
1,0
0,1.4558986085695345
0,1.7278226435181232
1,0
1,0
0,12.904695739128417
1,0
1,0
1,0
