state,recovery_time
1,0
1,0
0,62.47789300496895
1,0
1,0
1,0
1,0
1,0
1,0
1,0
1,0
0,91.16776928634575
1,0
1,0
1,0
1,0
1,0
0,583.5688604618246
1,0
0,6.831619683743047
0,2.9424957684227993
0,121.01530490229213
1,0
1,0
1,0
1,0
1,0
1,0
1,0
0,29.125355258429455
1,0
1,0
0,112.52565415503348
1,0
1,0
1,0
1,0
1,0
1,0
1,0
1,0
1,0
1,0
0,109.4833776055997
1,0
1,0
1,0
1,0
1,0
1,0
1,0
1,0
1,0
1,0
1,0
1,0
1,0
1,0
1,0
1,0
0,1.9761686126118314
1,0
1,0
1,0
1,0
1,0
1,0
1,0
1,0
1,0
1,0
1,0
1,0
1,0
1,0
0,24.168033215589833
1,0
1,0
0,8.0849108612805
1,0
1,0
1,0
0,103.43176560062443
1,0
1,0
1,0
1,0
1,0
1,0
1,0
1,0
1,0
1,0
1,0
1,0
0,1480.1209342578322
