state,recovery_time
1,0
1,0
1,0
1,0
1,0
1,0
0,222.8764965666246
1,0
0,414.88351258083753
1,0
1,0
1,0
1,0
1,0
1,0
1,0
1,0
1,0
1,0
1,0
1,0
0,41.72507961068986
1,0
1,0
1,0
1,0
1,0
0,55.39068764952502
1,0
0,244.44788661768496
0,3.70662885665862
1,0
1,0
1,0
1,0
1,0
1,0
1,0
1,0
1,0
1,0
0,132.4526607534026
1,0
1,0
1,0
1,0
1,0
1,0
1,0
1,0
1,0
1,0
1,0
1,0
1,0
1,0
0,81.8240102439418
0,566.791121998638
1,0
1,0
1,0
1,0
1,0
1,0
1,0
0,157.96148071238127
0,3.7827577522138345
0,728.4860174842435
0,3.5699148468089468
1,0
1,0
1,0
1,0
1,0
0,0.7366208202239322
1,0
1,0
1,0
1,0
1,0
1,0
1,0
1,0
1,0
1,0
1,0
1,0
1,0
1,0
1,0
1,0
1,0
1,0
1,0
1,0
1,0
