state,recovery_time
0,131.93787651182188
0,45.89923760154141
1,0
0,23.545971917460765
0,415.53497187360915
1,0
0,19.382221709937284
0,4.409668560316435
1,0
1,0
