state,recovery_time
0,1255.161835839444
1,0
1,0
1,0
1,0
0,11.497189656135792
0,10238.492897990582
0,16.319563486615326
0,4.227611777216415
1,0
