state,recovery_time
1,0
1,0
0,5.320811686369176
0,6.814331148837173
1,0
1,0
0,5.552885006897071
0,0.7979262184613861
1,0
0,682.5121408004053
