state,recovery_time
1,0
1,0
0,17.56484122406928
1,0
1,0
1,0
1,0
1,0
1,0
1,0
1,0
1,0
1,0
1,0
1,0
1,0
1,0
1,0
1,0
1,0
1,0
1,0
1,0
1,0
0,58.54325063944262
1,0
1,0
1,0
0,33.485295111588286
1,0
0,18.572682807334772
1,0
1,0
1,0
1,0
1,0
1,0
0,2.9028947093740367
1,0
1,0
1,0
1,0
1,0
1,0
1,0
1,0
1,0
1,0
1,0
1,0
1,0
0,2.4733744603068857
1,0
1,0
1,0
