state,recovery_time
1,0
1,0
1,0
1,0
1,0
1,0
1,0
1,0
1,0
0,21.763337620522563
1,0
1,0
1,0
1,0
1,0
0,13.821721803663822
1,0
1,0
1,0
1,0
1,0
1,0
1,0
1,0
1,0
1,0
1,0
0,39.30343477686023
1,0
1,0
1,0
1,0
1,0
1,0
1,0
1,0
1,0
1,0
1,0
1,0
1,0
1,0
0,8.043263976578084
1,0
0,0.48826261564220796
1,0
1,0
1,0
1,0
1,0
1,0
1,0
1,0
1,0
1,0
0,22.414613268818858
1,0
1,0
1,0
1,0
1,0
1,0
1,0
1,0
1,0
1,0
1,0
1,0
0,3277.222922943936
1,0
1,0
1,0
1,0
1,0
0,24.119055308138947
1,0
1,0
1,0
1,0
1,0
1,0
1,0
0,1940.5810389937815
1,0
1,0
1,0
1,0
1,0
1,0
1,0
1,0
1,0
1,0
1,0
1,0
1,0
