state,recovery_time
0,68.95733161437335
0,232.66865129578494
0,338.5042405855523
0,4.081986425759754
0,20.674590757369142
0,182.18360829234692
0,110.30454523534954
1,0
0,1.1813407193753913
0,1256.1314841063286
0,124.42234955794358
1,0
0,9.671909489092823
0,11.869623897386194
0,131.09644699917473
1,0
0,45.770637522308604
0,9.297208590459885
0,186.87989888960993
1,0
0,148.78219067546985
0,35.993646928622944
0,19.419502010408443
0,2.613126895396152
0,12.99955516207653
1,0
0,1262.4968230656052
1,0
0,66.98116660498475
0,147.67013215646026
0,7.378361032195005
1,0
0,37.39205832308601
1,0
0,100.85262397368459
0,0.5599861080565361
0,248.957814502561
0,33.40584979187511
1,0
1,0
0,4.963270891692643
0,63.02440184829366
0,23.9418462099495
1,0
1,0
1,0
0,27.661264246996843
0,11.836806036032138
0,1.043665248409737
0,82.25179574319056
0,3647.4450136260753
1,0
1,0
0,1.3685511055479829
1,0
0,6.225855142565306
0,95.62424933028359
1,0
0,21.49196084778285
0,1.088852247492465
0,1.0547705695349916
1,0
0,80.14961497305673
0,533.5699458855067
0,5.467198865361769
0,73.62301521763787
1,0
0,414.98132109717125
1,0
1,0
0,1.087955283695725
0,272.17884879149784
0,21.65390462318412
0,132.14713571794354
1,0
1,0
0,6.9139738919915015
1,0
0,0.7111630946894031
1,0
0,51.05039723284584
0,0.5633526091460839
0,398.501927178989
0,6.449970662056989
1,0
0,10.199104837159522
1,0
1,0
0,64.37703063020298
1,0
0,70.87383027033766
0,18.374607444938245
1,0
0,16.51663054245913
0,64.14027134569545
0,5.007771065406151
