state,recovery_time
1,0
1,0
1,0
1,0
1,0
1,0
1,0
1,0
1,0
1,0
1,0
1,0
1,0
1,0
1,0
1,0
1,0
1,0
1,0
1,0
1,0
1,0
1,0
0,20.449254383554138
1,0
1,0
1,0
1,0
1,0
1,0
1,0
1,0
1,0
1,0
0,148.4435069129601
1,0
1,0
1,0
1,0
1,0
1,0
1,0
1,0
0,28.680459290098074
1,0
1,0
1,0
1,0
1,0
1,0
1,0
1,0
1,0
1,0
1,0
1,0
1,0
1,0
1,0
1,0
1,0
1,0
1,0
1,0
0,47.348975153944636
1,0
1,0
1,0
1,0
1,0
0,82.65440396409139
1,0
1,0
1,0
1,0
1,0
1,0
1,0
1,0
1,0
1,0
1,0
1,0
1,0
1,0
1,0
0,1.829950530250498
1,0
1,0
1,0
1,0
1,0
1,0
0,26.977468002853925
1,0
1,0
