state,recovery_time
0,0.15631152710064808
1,0
1,0
1,0
0,2.7406600199168154
1,0
1,0
1,0
0,2.6765936389161182
0,33.745988891915644
