state,recovery_time
1,0
1,0
1,0
1,0
1,0
1,0
0,0.39724845164526146
0,192.39291003707018
1,0
1,0
