state,recovery_time
1,0
1,0
1,0
1,0
0,65.51295288867719
0,16.487673643087476
0,17971.493200539608
1,0
1,0
1,0
