state,recovery_time
0,39.597109285320364
0,13.021998974566545
0,0.19600469052808916
0,9.293379645188965
0,294.30381573717636
0,1107.8488942721847
1,0
0,90.78781222763931
0,0.04961362427438168
0,594.1626797389695
1,0
1,0
1,0
0,165440.25995747407
0,38.37764388411867
0,22.878091641208982
0,48.62522907176881
0,3.127218169543838
0,5.745619036431176
0,796.246870839319
0,19.30971666757791
0,16.886685996758636
1,0
0,46.12955183495553
0,16.60959560230059
0,64.70563329869293
0,15.34550955894987
0,1.6454168863571577
1,0
0,10.41048525200607
0,68.51630743302968
0,1029.583346780507
1,0
0,11.393445948462972
0,2362.4213641202214
0,144.22324592502812
0,13.505453299620745
0,1080.9552683585734
1,0
0,132.88263018265877
0,36.4185206753393
0,0.592078327175299
0,8.90856888356976
0,11.668489787559155
0,6467.56480930306
0,100.03276009121093
0,7.536460032070452
0,50.50032080339114
0,147.96260078454517
0,31.019590056495918
1,0
0,1.8064744468393454
0,41.08718864769048
0,11.77260815305237
0,2.463705837234548
