state,recovery_time
0,9.217611414802347
0,43.04715633913582
1,0
1,0
1,0
1,0
1,0
1,0
1,0
1,0
