state,recovery_time
1,0
1,0
1,0
1,0
0,570.7099465698863
1,0
1,0
0,0.4948336841233643
1,0
1,0
