state,recovery_time
1,0
0,9.59507398344301
1,0
1,0
1,0
1,0
1,0
1,0
0,1228.911746108973
1,0
