state,recovery_time
1,0
1,0
0,4.197039194209769
1,0
1,0
0,42.303940445820814
1,0
1,0
1,0
1,0
