state,recovery_time
1,0
1,0
0,456.43958822794895
1,0
1,0
0,29.614696880243862
1,0
1,0
1,0
1,0
