state,recovery_time
1,0
0,12.716927896819573
0,80.64489569565916
0,1.302172278569474
1,0
0,12.21432616775607
0,0.7600552774545628
0,391.82271907855426
0,5.680851696165218
0,131.61346309977898
0,1.324725606882797
1,0
0,5.731135130052812
0,1174.3334071392605
0,10.486390570002214
0,2.9501131227939448
0,6.3740860217238575
0,10110.473244397817
0,0.15328353630139013
0,24.837125992002527
0,4696.743891275491
0,127.7484694738009
0,53.139848654180604
0,54.48670966846335
0,55.65730815078693
0,9.499653980570702
0,49.07896789785953
0,106.10199042225928
0,823.321039732317
0,123.69197524790663
1,0
1,0
1,0
0,122.34936101855241
0,79.34157215877725
0,476.97463570284856
0,10.166140121219051
0,17.85462770016803
0,3.9513612497144006
0,23.211926882291177
1,0
0,1.1558307916380999
0,25.304406328663752
0,4.076484419421433
0,50.395323112653905
1,0
0,65.08834000793385
0,1.3137951593390995
0,1431.2745937814877
0,221.519974150661
1,0
0,67.08615433329172
0,310.22742866104693
0,206.89119333733817
1,0
