state,recovery_time
1,0
0,88.34165373401363
1,0
1,0
1,0
1,0
1,0
1,0
1,0
1,0
1,0
1,0
0,506.2165118734703
1,0
1,0
1,0
1,0
1,0
1,0
1,0
1,0
1,0
1,0
1,0
1,0
1,0
1,0
1,0
1,0
1,0
1,0
1,0
1,0
1,0
1,0
1,0
1,0
0,11.372756394440131
1,0
1,0
1,0
1,0
1,0
1,0
1,0
1,0
1,0
0,443.70434177148167
1,0
1,0
1,0
1,0
1,0
1,0
1,0
1,0
0,301.3424060475896
1,0
1,0
1,0
1,0
1,0
1,0
1,0
1,0
1,0
1,0
1,0
1,0
1,0
1,0
1,0
1,0
1,0
1,0
1,0
1,0
1,0
1,0
1,0
1,0
1,0
1,0
1,0
1,0
1,0
1,0
1,0
1,0
1,0
1,0
1,0
1,0
1,0
1,0
1,0
