state,recovery_time
0,105.71603591184345
1,0
1,0
1,0
1,0
1,0
1,0
1,0
1,0
1,0
1,0
1,0
1,0
1,0
1,0
1,0
1,0
1,0
1,0
1,0
1,0
1,0
1,0
1,0
1,0
1,0
1,0
1,0
1,0
1,0
1,0
1,0
1,0
1,0
1,0
1,0
1,0
1,0
1,0
1,0
1,0
1,0
1,0
1,0
1,0
1,0
1,0
1,0
1,0
1,0
1,0
1,0
1,0
1,0
1,0
1,0
1,0
1,0
1,0
1,0
1,0
1,0
1,0
1,0
1,0
1,0
1,0
1,0
1,0
1,0
1,0
0,5230.878408836862
1,0
1,0
1,0
1,0
1,0
1,0
1,0
1,0
0,55.10223181277253
1,0
1,0
1,0
1,0
1,0
1,0
1,0
1,0
1,0
0,289.3785746714534
1,0
0,0.8708417390190323
1,0
1,0
1,0
