state,recovery_time
1,0
1,0
1,0
1,0
0,53.01480645701702
0,61.32755628453862
1,0
1,0
1,0
1,0
