state,recovery_time
0,12.216800196130384
1,0
1,0
1,0
1,0
1,0
1,0
1,0
0,266.43427681739263
1,0
