state,recovery_time
1,0
0,1210.494994674785
1,0
1,0
1,0
1,0
0,3.5315979039842738
1,0
1,0
1,0
