state,recovery_time
0,4056.8426095459154
1,0
1,0
1,0
1,0
0,400.43810840845987
1,0
1,0
1,0
1,0
