state,recovery_time
0,2302.9474376775174
1,0
1,0
1,0
0,7277.796660291547
1,0
1,0
1,0
1,0
1,0
