state,recovery_time
1,0
1,0
1,0
1,0
1,0
1,0
0,3.0441952893209003
1,0
0,12698.823433445059
1,0
