state,recovery_time
1,0
1,0
1,0
1,0
1,0
1,0
1,0
0,631.4841093435904
0,3477.454151308889
1,0
