state,recovery_time
1,0
1,0
1,0
0,325.2152524161546
1,0
0,48.04580639418771
1,0
1,0
1,0
1,0
