state,recovery_time
1,0
0,121.28123736322706
1,0
0,50.004193174481934
1,0
1,0
1,0
1,0
1,0
1,0
