state,recovery_time
1,0
0,243.36088818440783
0,8.579750474263866
1,0
1,0
0,330.52339005010515
1,0
1,0
1,0
1,0
