state,recovery_time
0,143.45998897837816
1,0
1,0
1,0
1,0
1,0
0,233.2839006117337
1,0
1,0
0,47.64483854265369
